{
  "regimes": [
    {
      "name": "regime_0",
      "signature": [
        60.6,
        70.3,
        0.16329931618554464,
        0.08164965809277376
      ]
    }
  ],
  "baselines": {
    "regime_0": {
      "signature": [
        60.6,
        70.3,
        0.16329931618554464,
        0.08164965809277376
      ],
      "correlation": [
        [
          1.0,
          1.0
        ],
        [
          1.0,
          1.0
        ]
      ],
      "count": 12
    }
  }
}