condition,node,variant,alert_count,watch_count,stable_count,baseline_stability_rate,baseline_nominal_consistency_mean,perturb_alert_rate,recovery_nominal_rate,mean_localization,mean_temporal_coherence
coherent_time,A,control_sii,0,0,240,1.0,0.6232243000000001,0.0,1.0,0.03642447083333333,0.7958333333333333
coherent_time,B,gal2_temporal,0,0,240,1.0,0.6084110375,0.0,0.8625,0.06894339583333332,0.7958333333333333
coherent_time,C,raw_telemetry,0,72,168,0.8875,0.5539970125000001,0.8625,0.7625,0.5696265708333333,0.7958333333333333
coherent_time,D,combined_fusion,0,91,149,1.0,0.6183742,1.0,0.8625,0.19504097083333333,0.7958333333333333
disturbed_time,A,control_sii,0,0,240,1.0,0.6395479375,0.0,1.0,0.10045399583333332,0.5854921166666666
disturbed_time,B,gal2_temporal,0,0,240,1.0,0.6180456,0.0,0.8875,0.10146479166666665,0.5854921166666666
disturbed_time,C,raw_telemetry,4,72,164,0.875,0.5717392375,0.9125,0.65,0.3352322583333334,0.5854921166666666
disturbed_time,D,combined_fusion,0,84,156,1.0,0.630471625,0.9125,0.8625,0.1795342125,0.5854921166666666
