condition,node,variant,alert_count,watch_count,stable_count,baseline_stability_rate,baseline_nominal_consistency_mean,operational_stability_index,strict_nominal_rate_nominal_windows,nominal_false_positive_burden,nominal_instability_cv_inverse,mean_regime_distance_nominal,perturb_alert_rate,recovery_nominal_rate,mean_localization,mean_temporal_coherence
coherent_time,A,control_sii,10,10,220,0.9625,0.38195925000000003,0.6111653849826212,0.875,0.125,0.48892393150919244,0.20386027499999998,0.0,0.7875,0.026070870833333332,0.7958333333333333
coherent_time,B,gal2_temporal,9,3,228,0.8625,0.435933275,0.6075574220600497,0.8,0.075,0.3404528763582017,0.23082634375,0.0,0.7375,0.09616595,0.7958333333333333
coherent_time,C,raw_telemetry,96,8,136,0.9875,0.3908718375,0.5987596816949156,0.80625,0.16875,0.5147536362550007,0.49080790625000004,0.9625,0.625,0.48616305416666666,0.7958333333333333
coherent_time,D,combined_fusion,94,23,123,0.85,0.3636577125,0.5590643512974863,0.7125,0.2375,0.39397920209579507,0.2372722875,0.9875,0.575,0.28332297916666666,0.7958333333333333
disturbed_time,A,control_sii,8,3,229,0.9875,0.3065924,0.6358616596977132,0.93125,0.06875,0.5505394965018062,0.20559500625,0.0,0.875,0.08815389583333332,0.5854921166666666
disturbed_time,B,gal2_temporal,9,12,219,0.925,0.306634225,0.5931697548411411,0.84375,0.11875,0.38549557188536954,0.2358847625,0.025,0.7625,0.11446785416666666,0.5854921166666666
disturbed_time,C,raw_telemetry,92,17,131,0.9,0.408289325,0.5791185383167743,0.63125,0.1875,0.5012405103757671,0.4887754,0.9875,0.3625,0.32717660833333334,0.5854921166666666
disturbed_time,D,combined_fusion,79,10,151,0.825,0.30625,0.5896871360891583,0.70625,0.06875,0.44850122567651046,0.23981333125,0.975,0.5875,0.2522380875,0.5854921166666666
