condition,node,variant,nominal_window_steps,nominal_false_positive_count,nominal_instability_mean,nominal_instability_std,nominal_dec_adj_mean,nominal_dec_adj_std,nominal_temporal_coherence_mean,nominal_confidence_score_std,baseline_drift_raw_mean,baseline_drift_raw_std,peak_regime_distance,calibration_mode_sample
coherent_time,A,control_sii,160,20,0.01875515625,0.019666468865292528,0.0020670187500000004,0.0025004887483806647,0.69375,0.25568265685935515,0.0,0.0,0.719092,frozen_post_baseline_quantile
coherent_time,B,gal2_temporal,160,12,0.44420214374999994,0.8632387024049368,0.15153751875000002,0.32045888633482394,0.69375,0.2538055196447616,0.044076037500000005,0.095033157911963,1.347052,frozen_post_baseline_quantile
coherent_time,C,raw_telemetry,160,27,0.42599983750000003,0.40284106000936687,0.3119141875,0.3082375061693078,0.69375,0.27193371767248287,0.273125875,0.4805978979851358,2.037001,frozen_post_baseline_quantile
coherent_time,D,combined_fusion,160,38,0.5019225875,0.7744839156483203,0.36312670625,0.5898899036674341,0.69375,0.24492541029528142,0.0099712125,0.019506889100964053,2.104258,frozen_post_baseline_quantile
disturbed_time,A,control_sii,160,11,0.23571014375,0.19303797644520873,0.031584525,0.027506773469067877,0.50536420625,0.15710680473422756,0.0,0.0,0.728988,frozen_post_baseline_quantile
disturbed_time,B,gal2_temporal,160,19,0.50678441875,0.8103829719809936,0.12353203125000001,0.2478600155079786,0.50536420625,0.1628336003443063,0.04183405,0.0876530965290828,1.417472,frozen_post_baseline_quantile
disturbed_time,C,raw_telemetry,160,30,0.46101685000000003,0.46017522934097765,0.23893751875000002,0.2697998706838665,0.50536420625,0.19924115158693817,0.3163153625,0.5359014231922694,2.078471,frozen_post_baseline_quantile
disturbed_time,D,combined_fusion,160,11,0.62564154375,0.7717345187874511,0.3043400125,0.4109430462211085,0.50536420625,0.15650265609415426,0.015686775,0.033865928240179505,1.533132,frozen_post_baseline_quantile
