"unit_id","n_cycles","warning_cycle","lead_time_cycles","false_positive","n_operating_conditions","primary_operating_condition","operating_conditions_present","mean_raw_drift","mean_ema_drift","max_raw_drift","max_ema_drift","quantum_peak","quantum_mean","quantum_variance","information_peak","information_mean","information_variance","free_energy_peak","free_energy_mean","free_energy_variance","topological_peak","topological_mean","topological_variance","algorithmic_peak","algorithmic_mean","algorithmic_variance","inferred_fault_mode","fault_mode_confidence","dominant_component","lead_time_by_condition","component_by_condition","degradation_trajectory","trajectory_variance"
1,321,152,137,False,2,1,"[np.int64(1), np.int64(2)]",0.33633335183234875,0.33324424859688057,0.7117074831473323,0.6470156610855724,0.434839433447119,0.24011674066702834,0.013173671866577707,1.0,0.32087227414330216,0.2179132578294077,0.9575443086819153,0.289510652349095,0.17832869993369152,0.9717326558420548,0.7981836701368047,0.062452116061511395,0.588776305533905,0.06450580106075042,0.013551439666396442,"HPC_like",0.7860313654229854,"topological","{np.int64(1): 121.0, np.int64(2): 137.0}","{np.int64(1): 'information', np.int64(2): 'topological'}","stepped",0.008877038611080988
2,299,176,94,False,2,1,"[np.int64(1), np.int64(2)]",0.28627889037513216,0.283636824243265,0.7212728474862052,0.5936771438409041,0.41049797452732417,0.22773055537285905,0.009730427931578923,1.0,0.3110367892976589,0.21429290500106263,0.9016606917146084,0.27713028419735636,0.17012677838939774,0.946003330475156,0.5240052078354513,0.1307559778899791,0.602680067001675,0.06173688424070772,0.015810837627518642,"HPC_like",0.7425833611045308,"topological","{np.int64(1): 93.0, np.int64(2): 94.0}","{np.int64(1): 'information', np.int64(2): 'topological'}","stepped",0.008534917031376788
3,307,119,158,False,2,1,"[np.int64(1), np.int64(2)]",0.2993157901162314,0.2965885080505941,0.7265201999052037,0.5976365856874652,0.42287813285228293,0.23510595835853534,0.01093185329959452,1.0,0.31921824104234525,0.21731795562817643,0.9191223697413019,0.28914541536277066,0.17833712397830567,0.9368075194432635,0.5654393957192851,0.11743202692636395,0.6428107229894394,0.06334449917637498,0.017253319638263983,"HPC_like",0.7477403299211094,"topological","{np.int64(1): 158.0, np.int64(2): 157.0}","{np.int64(1): 'information', np.int64(2): 'topological'}","stepped",0.008745217675239836
4,274,"","",False,2,1,"[np.int64(1), np.int64(2)]",0.2789348723372854,0.27632746903673205,0.6884469001625981,0.5454909209012683,0.38604398353470015,0.22395994120125132,0.008592501835128196,1.0,0.3029197080291971,0.21115935851670306,0.9254504426565049,0.26195024865524547,0.1583409908930307,0.9295822735901954,0.5127704659106501,0.1552740200646264,0.6035583941605838,0.06711343351964189,0.01613101541465769,"HPC_like",0.7370049139465138,"quantum","{}","{np.int64(1): 'information', np.int64(2): 'topological'}","stepped",0.008526655032363599
5,193,"","",False,2,1,"[np.int64(1), np.int64(2)]",0.275614059704626,0.2726977934596937,0.7367156348249998,0.49478502238803046,0.3749861269123421,0.220486360108154,0.006206161200749863,1.0,0.3160621761658031,0.21616687696313994,0.9118616245987268,0.2749661951537774,0.16401629330052933,0.9532734337132749,0.4590886908205302,0.11194461977636642,0.4980343980343981,0.0659606497689399,0.013931588729153553,"HPC_like",0.7301737163195694,"quantum","{}","{np.int64(1): 'information', np.int64(2): 'topological'}","stepped",0.007656646875075461
6,331,83,215,False,2,1,"[np.int64(1), np.int64(2)]",0.28364453306350496,0.2817777596916726,0.7343869907395435,0.6295491232889251,0.3801358666337813,0.22270404845539374,0.006745729301457817,1.0,0.2990936555891239,0.20963664077545838,0.9117861414326128,0.26520531199760994,0.16494393801425233,0.9382785110487006,0.5535223499454258,0.15338470012732006,0.615267175572519,0.05990489738269999,0.014728452909557144,"HPC_like",0.7510546737927312,"quantum","{np.int64(1): 215.0, np.int64(2): 214.0}","{np.int64(1): 'information', np.int64(2): 'topological'}","stepped",0.007397737812967083
7,221,171,28,False,2,1,"[np.int64(1), np.int64(2)]",0.28929550005909344,0.2932689614548565,0.7582130776182849,0.6064577778079485,0.48129966473302077,0.24536094753113225,0.015824746094218824,1.0,0.2850678733031674,0.20380418091357672,0.9432737443664249,0.2659837778906411,0.17744014325389262,0.962157709786038,0.5724960792771363,0.1412886288875132,0.46745182012847986,0.053490800042632826,0.013041581423275052,"HPC_like",0.7415706587743929,"quantum","{np.int64(1): 27.0, np.int64(2): 28.0}","{np.int64(1): 'information', np.int64(2): 'topological'}","stepped",0.0078502209946573
8,230,116,91,False,2,1,"[np.int64(1), np.int64(2)]",0.3282323468360646,0.3307889906724438,0.7960035861194485,0.6367004622789002,0.5144193236483456,0.24968104759140014,0.016795515462758863,1.0,0.3,0.20999999999999994,0.9643293006813889,0.2814576428156272,0.18500746958879022,0.9644519789409977,0.7726422251526114,0.06821614692143636,0.5543822597676873,0.06140170222627408,0.015935339997116042,"HPC_like",0.7751845522450337,"topological","{np.int64(1): 88.0, np.int64(2): 91.0}","{np.int64(1): 'information', np.int64(2): 'topological'}","stepped",0.008524123535447528
9,334,137,164,False,2,1,"[np.int64(1), np.int64(2)]",0.2965810151450546,0.29894414745450515,0.7456476138113574,0.6001247159838862,0.4795552046507826,0.2358199354666535,0.014708895868462791,1.0,0.281437125748503,0.20223026999892427,0.945853974972775,0.2599062270170177,0.1727318649850015,0.9488704784840263,0.6472926977724637,0.15200883212165406,0.630557677616501,0.06400602998659745,0.015092453590588605,"HPC_like",0.7559525028134128,"quantum","{np.int64(1): 155.0, np.int64(2): 164.0}","{np.int64(1): 'information', np.int64(2): 'topological'}","stepped",0.008085945007010053
10,354,250,69,False,2,1,"[np.int64(1), np.int64(2)]",0.30302416164143553,0.3015329764810938,0.7746446736086248,0.557439609514624,0.4396260425064289,0.2288146670330062,0.010067611772577771,1.0,0.2824858757062147,0.2026876057327077,0.9403702445499258,0.25460300038289835,0.1650009422267763,0.9557881513694578,0.7094736648775306,0.10031601426192874,0.6147058823529411,0.06416642796770704,0.014757144422317335,"HPC_like",0.7719886141919311,"topological","{np.int64(1): 64.0, np.int64(2): 69.0}","{np.int64(1): 'information', np.int64(2): 'topological'}","stepped",0.0074360567836545466
11,301,147,124,False,2,1,"[np.int64(1), np.int64(2)]",0.34838670596428045,0.3451488321544519,0.7691902157390909,0.6224280799075872,0.47658254125237953,0.24671290626936684,0.01689912173469866,1.0,0.4219269102990033,0.2439045926645401,0.9607503553062161,0.35462539804637094,0.1795506896463428,0.9723236761375226,0.6139189904850622,0.10563851262503089,0.5832642916321459,0.0587817832668606,0.015450454848946046,"HPC_like",0.772246741997661,"topological","{np.int64(1): 124.0, np.int64(2): 123.0}","{np.int64(1): 'information', np.int64(2): 'topological'}","stepped",0.008841873133460392
12,272,227,18,False,2,1,"[np.int64(1), np.int64(2)]",0.30276645813609265,0.30327337542686383,0.7304306051864903,0.5812506909203004,0.46269043139954535,0.23959925291007836,0.011544395449379071,1.0,0.3235294117647059,0.21885813148788927,0.966799387270786,0.2881583633494336,0.17528647469034703,0.9204497931466293,0.5744295096331087,0.10736288074454085,0.6355932203389831,0.06208230207039702,0.017741250561269566,"HPC_like",0.74852336102292,"topological","{np.int64(2): 18.0}","{np.int64(1): 'information', np.int64(2): 'topological'}","stepped",0.007411699103170799
13,256,191,40,False,2,1,"[np.int64(1), np.int64(2)]",0.3173558395477993,0.3205633868920789,0.7603746196254532,0.6091474295671346,0.5438116666956,0.26176540735898146,0.018485920887298418,1.0,0.28515625,0.2038421630859375,0.9831478922287838,0.271429318551674,0.1849596259528627,0.9880880857482212,0.7145919229793736,0.14443540841689598,0.5489423076923078,0.060625026828640106,0.014767774581117159,"HPC_like",0.7561598818459573,"quantum","{np.int64(1): 20.0, np.int64(2): 40.0}","{np.int64(1): 'information', np.int64(2): 'topological'}","stepped",0.009296728043666934
14,253,119,109,False,2,1,"[np.int64(1), np.int64(2)]",0.33388502576444967,0.32960244752051054,0.8074909209192617,0.6626164328381604,0.5513286341788417,0.26613315217517397,0.018894699707918787,1.0,0.3359683794466403,0.22309362745863864,0.9885289841298566,0.3116896600476042,0.19309354603870552,0.984169323125207,0.6719429436886054,0.1398101940529258,0.6061479346781941,0.0692361168742575,0.017221155477321733,"HPC_like",0.7503356551113454,"quantum","{np.int64(1): 109.0, np.int64(2): 108.0}","{np.int64(1): 'information', np.int64(2): 'topological'}","stepped",0.0088730421377213
15,224,"","",False,2,1,"[np.int64(1), np.int64(2)]",0.32051564453269105,0.3235613318954682,0.7446467590172481,0.5522440118798284,0.41235783768538287,0.23086973239765363,0.009735970976749529,1.0,0.30357142857142855,0.21141581632653056,0.9347071528254374,0.27429336461955717,0.1726622581125936,0.9966063258659644,0.7655336923848518,0.07349577649705796,0.42887931034482757,0.056731408888986624,0.010276267538993581,"HPC_like",0.7880151737405743,"topological","{}","{np.int64(1): 'information', np.int64(2): 'topological'}","stepped",0.009083357182591473
16,184,48,118,False,2,1,"[np.int64(1), np.int64(2)]",0.32923578574046586,0.321819316410512,0.7619036002247223,0.583710289780333,0.5535765249466401,0.26939816072050604,0.01845125809569575,1.0,0.30434782608695654,0.2117202268431002,0.993582279310862,0.2853509138250305,0.1883965516973351,0.9849406689953536,0.7276724081724774,0.10602335274227152,0.48629441624365477,0.06108337011697198,0.014072583664828187,"HPC_like",0.7574450622352247,"topological","{np.int64(1): 113.0, np.int64(2): 118.0}","{np.int64(1): 'information', np.int64(2): 'topological'}","stepped",0.00942284026768143
17,151,78,58,False,2,1,"[np.int64(1), np.int64(2)]",0.3072838311368248,0.3019285998134746,0.7535153526113783,0.5821757337007827,0.5402433941123166,0.2502272422524112,0.015990185587873497,1.0,0.2781456953642384,0.20078066751458273,0.9848542294323918,0.2592682712189226,0.17501165596403612,0.9480568371766546,0.6950548963397252,0.11416073999910084,0.450231124807396,0.06567345925298552,0.01288220172441925,"HPC_like",0.7549450123357435,"quantum","{np.int64(1): 53.0, np.int64(2): 58.0}","{np.int64(1): 'information', np.int64(2): 'topological'}","stepped",0.00838206443322288
18,343,"","",False,2,1,"[np.int64(1), np.int64(2)]",0.3213108083582718,0.3174074716230756,0.7702689796968072,0.5874134489056142,0.44254085535993926,0.23617306166515167,0.011783072090147097,1.0,0.30903790087463556,0.2135334766976345,0.9447336171098644,0.2815563373626197,0.17751377941590205,0.9704030803070265,0.7388450377051854,0.11126217364578171,0.6135194709772225,0.06061391511765635,0.01528332504768823,"HPC_like",0.7792863710327224,"topological","{}","{np.int64(1): 'information', np.int64(2): 'topological'}","stepped",0.008694381321187949
19,210,"","",False,2,1,"[np.int64(1), np.int64(2)]",0.2909141571122937,0.2878173937673793,0.7600142422618975,0.514870987393963,0.4746539975007028,0.23437124236962303,0.014876048139516367,1.0,0.24761904761904763,0.1863038548752834,0.9618026057265597,0.2330976511717662,0.16517215684897835,0.9647842724566873,0.7051141175755854,0.06280973160431819,0.5333333333333333,0.06311374625953885,0.015172441214673602,"HPC_like",0.7620535362414125,"topological","{}","{np.int64(1): 'information', np.int64(2): 'topological'}","stepped",0.008481233395546222
20,245,"","",False,2,1,"[np.int64(1), np.int64(2)]",0.2597121973612733,0.257755951431878,0.6984362667846025,0.5391228815875115,0.3438405914051374,0.21257815240249767,0.0048772165791858965,1.0,0.2897959183673469,0.20581424406497298,0.8621805275221789,0.23874330636384325,0.14017433799917164,0.9473499815389766,0.4620696361112123,0.07488354386731692,0.5995995995995995,0.06430665359236785,0.01719194603568865,"HPC_like",0.7308532598059603,"topological","{}","{np.int64(1): 'information', np.int64(2): 'topological'}","stepped",0.006428021481642206
21,227,"","",False,2,1,"[np.int64(1), np.int64(2)]",0.2849707978015424,0.2801547280414176,0.7681630665861228,0.5563699374942428,0.46779524343694096,0.23730769784482003,0.012512272167446558,1.0,0.27312775330396477,0.1985289836790933,0.9576458639382195,0.2536141896256915,0.17138816226216153,0.8998092805678417,0.592735933305598,0.12403179858876529,0.5517857142857142,0.05863322201127147,0.015834826707004708,"HPC_like",0.7452747921559906,"quantum","{}","{np.int64(1): 'information', np.int64(2): 'topological'}","stepped",0.008604926130407899
22,211,191,"",False,2,1,"[np.int64(1), np.int64(2)]",0.29382862130881593,0.2888965814350703,0.6782987573378402,0.574732204540569,0.3752092810794039,0.22276189552603076,0.007974177223217045,1.0,0.3080568720379147,0.21315783562813062,0.9407633820016421,0.27086411701462426,0.1655360229585019,0.9464934581971558,0.6022828406826969,0.1250231382670481,0.4993265993265992,0.05470585136198613,0.013376232153973504,"HPC_like",0.7664034312602819,"quantum","{}","{np.int64(1): 'information', np.int64(2): 'topological'}","stepped",0.008070097376561095
23,280,72,180,False,2,1,"[np.int64(1), np.int64(2)]",0.30098335451785924,0.29881165700542694,0.7474723605617758,0.5190294836057837,0.4478962769106431,0.2265049348418463,0.011940391358202344,1.0,0.29285714285714287,0.2070918367346939,0.9138882897565914,0.26156110232509894,0.16529583399676026,0.9459011469819723,0.6811500749043767,0.13018961619833022,0.5030141843971632,0.053328566503433546,0.011923515247080593,"HPC_like",0.7768189395343411,"quantum","{np.int64(1): 179.0, np.int64(2): 180.0}","{np.int64(1): 'information', np.int64(2): 'topological'}","stepped",0.008618282457699708
24,186,79,89,False,2,1,"[np.int64(1), np.int64(2)]",0.2940782164694436,0.2876498451601053,0.7865619075399889,0.5324358769787108,0.5069925976102616,0.23704512663615854,0.01380718538337124,1.0,0.2849462365591398,0.20375187882992257,0.9719192857472355,0.25566170072763017,0.16540981391769202,0.9541852671719457,0.6318247607920586,0.12983836687975264,0.4780150753768844,0.0582206507447632,0.0138378017139487,"HPC_like",0.7563887634959093,"quantum","{np.int64(1): 78.0, np.int64(2): 89.0}","{np.int64(1): 'information', np.int64(2): 'topological'}","stepped",0.008951077637854027
25,150,"","",False,2,1,"[np.int64(1), np.int64(2)]",0.29971672103253977,0.2928337940789375,0.720755212349551,0.5496538586044932,0.4088052124748796,0.22323576775715281,0.010762422475340984,1.0,0.3,0.21,0.9207671550967018,0.26315701122523477,0.16207769648666925,0.9640821149953175,0.6650836817416796,0.10402787954385727,0.36470588235294127,0.05352036199095026,0.010192857664363654,"HPC_like",0.777140234040258,"topological","{}","{np.int64(1): 'information', np.int64(2): 'topological'}","stepped",0.00814644223739364
26,297,217,51,False,2,1,"[np.int64(1), np.int64(2)]",0.2852348030616379,0.2817469401322091,0.7416728586185458,0.6019513782727343,0.4017182085687677,0.23526832050079932,0.010240783167117174,1.0,0.32323232323232326,0.21875318845015815,0.9332277744508317,0.28894841475497357,0.17515913643727096,0.9475339321923831,0.46773573028260895,0.10356953447435317,0.5886440677966103,0.058961836099312596,0.015110730637157831,"HPC_like",0.7288696628342946,"topological","{np.int64(1): 51.0, np.int64(2): 49.0}","{np.int64(1): 'information', np.int64(2): 'topological'}","stepped",0.009067417093838789
27,163,123,24,False,2,1,"[np.int64(1), np.int64(2)]",0.3049843001490795,0.3019760623723842,0.7151706087363875,0.5385716947808418,0.39528778456904,0.2298426780947372,0.010082033084909217,1.0,0.3496932515337423,0.22740788136550116,0.9172677093928798,0.30792884215625166,0.1767602895238316,0.9261466982030093,0.543492495196208,0.07879833586223993,0.4071129707112972,0.05498541126541232,0.011802143206762677,"HPC_like",0.7582132903417235,"topological","{np.int64(1): 23.0, np.int64(2): 24.0}","{np.int64(1): 'information', np.int64(2): 'topological'}","stepped",0.009163751646505144
28,202,95,87,False,2,1,"[np.int64(1), np.int64(2)]",0.29554957437729446,0.29090122626887993,0.7848720491861065,0.5691506406859834,0.5038105848106793,0.24276438677864168,0.014707413422479155,1.0,0.26732673267326734,0.1958631506715028,0.9672984840791157,0.2496385940825634,0.17106754147703906,0.9566109089113176,0.6633334183395114,0.11773399498300754,0.5106132075471699,0.06460843607945708,0.014404261005117547,"HPC_like",0.7517248495433396,"quantum","{np.int64(1): 87.0, np.int64(2): 86.0}","{np.int64(1): 'information', np.int64(2): 'topological'}","stepped",0.008195169344558937
29,247,210,13,False,2,1,"[np.int64(1), np.int64(2)]",0.2988201974370677,0.29258703490545745,0.8062173724646629,0.5863493704916721,0.5479151904705379,0.2530881162545205,0.018326454265145425,1.0,0.32388663967611336,0.21898408431542898,0.980736218854228,0.28425528522432664,0.1768062393535064,0.9509389849032898,0.5273997626188108,0.16860705732229087,0.5351084812623275,0.05961081203996185,0.014408395568988118,"HPC_like",0.7313549234025646,"quantum","{np.int64(2): 13.0}","{np.int64(1): 'information', np.int64(2): 'topological'}","stepped",0.0086296569523042
30,297,"","",False,2,1,"[np.int64(1), np.int64(2)]",0.2959733196567943,0.29860462390508824,0.7455135883748799,0.5909900033378268,0.4548674544496946,0.22753854689228858,0.012896100257626079,1.0,0.2727272727272727,0.1983471074380165,0.9519109247262173,0.2459657725611941,0.16201433120575812,0.957359202591515,0.6982452164882573,0.11854873357020358,0.5653232577665828,0.05600000421812156,0.01417552047959938,"HPC_like",0.7739848100206892,"topological","{}","{np.int64(1): 'information', np.int64(2): 'topological'}","stepped",0.008027891245392197
31,263,153,84,False,2,1,"[np.int64(1), np.int64(2)]",0.3568654525367842,0.3515339737613876,0.815076337809921,0.6293318038457791,0.5644680226532777,0.2564288212427469,0.02137282693717684,1.0,0.4144486692015209,0.24268096979860926,0.9811432118439904,0.3488646575113862,0.18280027072413185,0.9864998068045926,0.6729777303376595,0.12484487791219476,0.5219330855018589,0.056050478106537065,0.013440454523674317,"HPC_like",0.7767854651942664,"topological","{np.int64(1): 84.0, np.int64(2): 82.0}","{np.int64(1): 'information', np.int64(2): 'topological'}","variable",0.010596629676879264
32,219,123,75,False,2,1,"[np.int64(1), np.int64(2)]",0.30520483724278685,0.30268973541863475,0.7638093675077628,0.6054358646542456,0.4501837555134176,0.22664010172037471,0.01056085968872362,1.0,0.273972602739726,0.19891161568774635,0.936342646376128,0.24846746503025666,0.16376318806669757,0.9515750080494588,0.7519905549472541,0.060532113263324736,0.5082690187431091,0.06227579793603564,0.01361706287945545,"HPC_like",0.7802718827690951,"topological","{np.int64(1): 33.0, np.int64(2): 75.0}","{np.int64(1): 'information', np.int64(2): 'topological'}","stepped",0.007527180115578816
33,201,196,"",False,2,1,"[np.int64(1), np.int64(2)]",0.29357402527342724,0.29547776483231686,0.7608162971114694,0.5466259902637289,0.507161584619156,0.24251127213161772,0.012385433701769137,1.0,0.2835820895522388,0.2031632880374248,0.9804262829819055,0.256039959985342,0.16699646740082216,0.8916704769877752,0.6186929956331713,0.10540323976200879,0.4268585131894484,0.059131799038381234,0.010305460152037392,"HPC_like",0.7494488561555086,"quantum","{}","{np.int64(1): 'information', np.int64(2): 'topological'}","stepped",0.008381978154280004
34,276,94,155,False,2,1,"[np.int64(1), np.int64(2)]",0.361969451719599,0.3637205947620775,0.7698336848036409,0.604464357043871,0.4044196528040706,0.2454351273400899,0.01233126014550094,1.0,0.4384057971014493,0.24620615416929212,0.9797950237675005,0.37142645700037813,0.18110531954325956,0.9618925384827068,0.6556434432849456,0.1129416805286941,0.5942549371633752,0.06105656349392199,0.015852906265549457,"HPC_like",0.7811619182261668,"quantum","{np.int64(1): 153.0, np.int64(2): 155.0}","{np.int64(1): 'information', np.int64(2): 'topological'}","stepped",0.009479935080901284
35,221,132,67,False,2,1,"[np.int64(1), np.int64(2)]",0.30268072759251646,0.29972222914611174,0.7303389371030956,0.63294081503921,0.4080216629136234,0.23839443526589518,0.011860083042398158,1.0,0.3257918552036199,0.21965152228660353,0.9530034825679141,0.2901408625970117,0.174617825377201,0.9410774500569933,0.5653971253312947,0.12355215750435089,0.571943231441048,0.06876691892746349,0.016628063508522983,"HPC_like",0.743679836111526,"quantum","{np.int64(1): 67.0, np.int64(2): 66.0}","{np.int64(1): 'information', np.int64(2): 'topological'}","stepped",0.007907197565365934
36,143,"","",False,2,1,"[np.int64(1), np.int64(2)]",0.28992200808537394,0.28699465453746953,0.7421406124938126,0.5795500233851815,0.4237567420887272,0.22658046731179088,0.011006554427731172,1.0,0.3356643356643357,0.22299378942735587,0.932775107896975,0.30251868320746805,0.18132664367356605,0.9007214237126361,0.4804120703974079,0.1016831698918563,0.4408099688473519,0.054662367746479874,0.013915422354280924,"HPC_like",0.743700078774513,"topological","{}","{np.int64(1): 'information', np.int64(2): 'topological'}","stepped",0.009068239970659822
37,388,239,111,False,2,1,"[np.int64(1), np.int64(2)]",0.28387255995237326,0.2816064564149105,0.7517941997684544,0.600147834779876,0.4282569724710232,0.23164320659667167,0.01114023062113974,1.0,0.2809278350515464,0.20200738654479758,0.9493446578940745,0.25619448272874046,0.16807420136330836,0.9866921923311879,0.5776575650032015,0.15635240665197647,0.640686922060766,0.06260107914256823,0.015075190435459986,"HPC_like",0.7447634378563168,"quantum","{np.int64(1): 111.0, np.int64(2): 110.0}","{np.int64(1): 'information', np.int64(2): 'topological'}","stepped",0.008727030768434637
38,177,98,62,False,2,1,"[np.int64(1), np.int64(2)]",0.2898729380188748,0.28619904144106856,0.7632957368852529,0.5887880616771559,0.4731239263044205,0.2329142580186252,0.014479417606822757,1.0,0.2768361581920904,0.2001978997095343,0.9283940781307686,0.2548510925817174,0.16967171129718325,0.9549120340213341,0.6301851489068744,0.12002746302859098,0.45695538057742785,0.052916302128900534,0.013259337593318883,"HPC_like",0.7603805065860187,"topological","{np.int64(1): 47.0, np.int64(2): 62.0}","{np.int64(1): 'information', np.int64(2): 'topological'}","stepped",0.00822622861103805
39,202,"","",False,2,1,"[np.int64(1), np.int64(2)]",0.2813007192541616,0.2772304311330936,0.7697762576983437,0.5025052399306875,0.456644188293313,0.23565273222409486,0.011377316171802956,1.0,0.297029702970297,0.20880305852367412,0.938483901202663,0.27068616142297997,0.17356205089656648,0.9710513945332002,0.5059516240852342,0.15491469556872448,0.5035211267605634,0.06317497946977796,0.013489250840393353,"HPC_like",0.7287844797197763,"quantum","{}","{np.int64(1): 'information', np.int64(2): 'topological'}","stepped",0.009556775283694311
40,206,55,131,False,2,1,"[np.int64(1), np.int64(2)]",0.24443329164785607,0.24098874182616728,0.6674965526070262,0.45604308013995887,0.385742854849256,0.22773036919523038,0.008125206699790348,1.0,0.3155339805825243,0.2159722876802715,0.900542026217987,0.279149243840122,0.16905202746842615,0.8169633023699843,0.23899666304308806,0.0604316238311269,0.5044776119402986,0.0555133751916827,0.014219175021067513,"HPC_like",0.661909281974041,"quantum","{np.int64(1): 130.0, np.int64(2): 131.0}","{np.int64(1): 'information', np.int64(2): 'information'}","stepped",0.00782417286605151
41,279,"","",False,2,1,"[np.int64(1), np.int64(2)]",0.3160225964695269,0.31449794788553836,0.7550274544289433,0.6362933294072365,0.44529782380655036,0.23446034460663054,0.014427517896782684,1.0,0.3010752688172043,0.2104289513238525,0.9492092461113082,0.27341214955804843,0.1739030204159234,0.9830125974415564,0.7380675826798907,0.1163181120553266,0.4909893992932862,0.05023108569643391,0.01161083095543745,"HPC_like",0.7849493443273438,"topological","{}","{np.int64(1): 'information', np.int64(2): 'topological'}","stepped",0.007398464280595861
42,280,"","",False,2,1,"[np.int64(1), np.int64(2)]",0.3120055686516342,0.30769702296562207,0.7553099216075104,0.558493718793969,0.4348786856056453,0.23411931855280363,0.012814899144644544,1.0,0.3107142857142857,0.21417091836734695,0.9449828187946534,0.27880729300165175,0.1726253304954465,0.9377744952486881,0.6796859576971932,0.11385006106952576,0.5814814814814813,0.06376849402312362,0.014713972437064285,"HPC_like",0.7687723555368899,"quantum","{}","{np.int64(1): 'information', np.int64(2): 'topological'}","stepped",0.008948519960531346
43,223,62,139,False,2,1,"[np.int64(1), np.int64(2)]",0.31860220199937733,0.31129747809133235,0.7083396136448837,0.5970336495638934,0.42835183926104703,0.23811206629626877,0.009443068781714354,1.0,0.31390134529147984,0.21536729071567892,0.950064126369364,0.28442943371161367,0.17729521829640335,0.9685228207272213,0.7057543642166462,0.10846953405941373,0.5616613418530352,0.05944204412807117,0.015705873439204314,"HPC_like",0.7741027238624779,"quantum","{np.int64(1): 122.0, np.int64(2): 139.0}","{np.int64(1): 'information', np.int64(2): 'topological'}","stepped",0.008189336706850844
44,203,145,38,False,2,1,"[np.int64(1), np.int64(2)]",0.32106769475148783,0.31565530172089523,0.7687784761244342,0.5863212739509045,0.4596966233186385,0.25520134550952084,0.013603358253291757,1.0,0.3251231527093596,0.219418088281686,0.967917695848257,0.3047585005423799,0.19292234759310478,0.9744981310216979,0.6415996058125013,0.16831353819511585,0.5055619930475086,0.06034861940940519,0.014834469476486969,"HPC_like",0.7539135324720978,"quantum","{np.int64(1): 38.0, np.int64(2): 37.0}","{np.int64(1): 'information', np.int64(2): 'topological'}","stepped",0.009585147344813201
45,177,117,43,False,2,1,"[np.int64(1), np.int64(2)]",0.3139614516754424,0.3082979835425475,0.7504062948566367,0.5433010611133344,0.43546253265083246,0.2385111079252441,0.01196543303318597,1.0,0.3220338983050847,0.2183280666475151,0.9286456219880654,0.2938466926568638,0.18179052924982017,0.9537354048109611,0.6442494756146264,0.15601902087081856,0.5189403973509934,0.06492884848031331,0.016113087371155622,"HPC_like",0.7610188383891282,"quantum","{np.int64(1): 25.0, np.int64(2): 43.0}","{np.int64(1): 'information', np.int64(2): 'topological'}","variable",0.010525411211259801
46,321,"","",False,2,1,"[np.int64(1), np.int64(2)]",0.3194803158269332,0.317264257617957,0.7554672302464227,0.5706219641530462,0.4189659935833493,0.23112526138670303,0.010885127100273917,1.0,0.2897196261682243,0.2057821643811687,0.9496512176445051,0.2609290261392864,0.16712269634532506,0.9577258367817274,0.7949943447902509,0.03865847910044461,0.5987519500780031,0.06277873922471296,0.015865069984907682,"HPC_like",0.786812585739953,"topological","{}","{np.int64(1): 'information', np.int64(2): 'topological'}","stepped",0.00822689660705421
47,375,350,"",False,2,1,"[np.int64(1), np.int64(2)]",0.31688633298721597,0.3129402570969557,0.7799494340228087,0.6051735947801355,0.4649070421794994,0.23519581114391608,0.014570964374716304,1.0,0.30133333333333334,0.21053155555555556,0.9559356533303158,0.2735652830399943,0.1744163107732845,0.9858500894823278,0.7315988743830456,0.08537398894614726,0.6219891745602164,0.06541368545252174,0.01506938411037669,"HPC_like",0.7745781060882951,"topological","{}","{np.int64(1): 'information', np.int64(2): 'topological'}","stepped",0.00824827152732298
48,322,308,"",False,2,1,"[np.int64(1), np.int64(2)]",0.2901563471236384,0.2858745628160646,0.7497414218355242,0.5488294427863796,0.4930322587263317,0.2414316709495645,0.01500520334665644,1.0,0.2857142857142857,0.20408163265306126,0.9582325422239827,0.2642639200228688,0.1755802837745866,0.9597783073241368,0.5775506059596316,0.16737997721243358,0.5849882720875685,0.06812899511679131,0.013453086670797611,"HPC_like",0.7360556614550607,"quantum","{}","{np.int64(1): 'information', np.int64(2): 'topological'}","stepped",0.008407562480042232
49,446,409,"",False,2,1,"[np.int64(1), np.int64(2)]",0.33411536681764825,0.33487987306555056,0.7644243938443519,0.5795827298522191,0.43352083550669707,0.23764675536591323,0.012418341308669577,1.0,0.32286995515695066,0.2186249472138993,0.9569834136607949,0.28864230339833846,0.1762381983096867,0.9901418614057097,0.7880197306713469,0.08373579195780612,0.6906854130052722,0.061724311382668796,0.01509474064562862,"HPC_like",0.7877193517570702,"topological","{}","{np.int64(1): 'information', np.int64(2): 'topological'}","stepped",0.009385846349409949
50,172,"","",False,2,1,"[np.int64(1), np.int64(2)]",0.2727347487404951,0.2701540268180813,0.7401473708566882,0.5118763484520803,0.4905482280111936,0.22959222277756905,0.012256416874097922,1.0,0.27325581395348836,0.19858707409410495,0.9653722905406477,0.24487928188526895,0.16047849308548062,0.8562117995591415,0.5385474394227261,0.108169298585402,0.44578313253012064,0.05785156128389534,0.01236531006915987,"HPC_like",0.7385084750999288,"quantum","{}","{np.int64(1): 'information', np.int64(2): 'topological'}","stepped",0.0074375314507477775
51,285,166,91,False,2,1,"[np.int64(1), np.int64(2)]",0.37323269810890397,0.37379378335452906,0.780869035343307,0.6270789366932689,0.5124507068838939,0.2559540109665621,0.019512088587148407,1.0,0.44912280701754387,0.2474115112342259,0.9588373848968392,0.3741742697185397,0.18325933064526737,0.9720294304580538,0.6863148525292464,0.13180762587897815,0.5376963350785342,0.06383711241454426,0.013294235449230512,"HPC_like",0.7802468401307375,"topological","{np.int64(1): 78.0, np.int64(2): 91.0}","{np.int64(1): 'information', np.int64(2): 'topological'}","stepped",0.009486953655160092
52,357,109,213,False,2,1,"[np.int64(1), np.int64(2)]",0.2975333013949784,0.29634518636943635,0.7531485884461722,0.61133103915358,0.48982641692686885,0.24066546027389585,0.01499187894083118,1.0,0.29971988795518206,0.20988787671931508,0.95118681153603,0.2753315100735579,0.17733603822913852,0.9406959407978924,0.5956262028942909,0.12260272727348816,0.6262295081967213,0.059934588751589586,0.01551117671414664,"HPC_like",0.7486508472221713,"quantum","{np.int64(1): 170.0, np.int64(2): 213.0}","{np.int64(1): 'information', np.int64(2): 'topological'}","stepped",0.008294893010855538
53,304,95,179,False,2,1,"[np.int64(1), np.int64(2)]",0.30896886791046413,0.3059193260088384,0.778022827339968,0.5560648735235654,0.4687552667121211,0.236811267490279,0.013003547859392534,1.0,0.27960526315789475,0.2014261599722992,0.9453206788115933,0.2576400906881034,0.1713989338129245,0.954247949525032,0.7349606411352292,0.07325433665841144,0.6287804878048779,0.06252057566001722,0.01685984489056774,"HPC_like",0.7721802600447899,"topological","{np.int64(1): 177.0, np.int64(2): 179.0}","{np.int64(1): 'information', np.int64(2): 'topological'}","stepped",0.008590023605315461
54,197,"","",False,2,1,"[np.int64(1), np.int64(2)]",0.32821673703979215,0.32341720349054165,0.7408277472751701,0.5946465872959329,0.39331559764806545,0.23358045691904078,0.00992965860591309,1.0,0.43147208121827413,0.24530392434744516,0.969379853791384,0.34530117553627826,0.16243733783014352,0.9551679129102487,0.5058975802315397,0.14892396881805545,0.46523809523809523,0.05329707517524774,0.013013321723152938,"HPC_like",0.7656702554785526,"quantum","{}","{np.int64(1): 'information', np.int64(2): 'topological'}","stepped",0.008489027660978391
55,344,197,113,False,2,1,"[np.int64(1), np.int64(2)]",0.2936030053314855,0.291653564216535,0.7533447542783881,0.553914392366751,0.4284894882071526,0.23249266301630336,0.01026676044130278,1.0,0.3168604651162791,0.2164599107625744,0.9160548194167596,0.2852639489977538,0.17547605246219883,0.9714200197887941,0.5495189455707744,0.11700347982071022,0.47119645494830126,0.05159458512357758,0.010938461120047524,"HPC_like",0.7530678129955121,"topological","{np.int64(1): 113.0, np.int64(2): 111.0}","{np.int64(1): 'information', np.int64(2): 'topological'}","stepped",0.00824195362148576
56,347,262,51,False,2,1,"[np.int64(1), np.int64(2)]",0.3285027291799715,0.3304903790119064,0.7877204037779203,0.5772179624229139,0.45787274403447886,0.23502334506715264,0.013111860892997292,1.0,0.30835734870317005,0.2132730942039216,0.9453678875536252,0.2820554761334489,0.17870948643777163,0.9860629712930342,0.7882438446901661,0.052992870285387586,0.64309963099631,0.06258716553818486,0.016564554478068042,"HPC_like",0.78653850792403,"topological","{np.int64(1): 45.0, np.int64(2): 51.0}","{np.int64(1): 'information', np.int64(2): 'topological'}","stepped",0.008838814777351973
57,193,49,125,False,2,1,"[np.int64(1), np.int64(2)]",0.3073065466424772,0.30343001668065545,0.710725877031261,0.5467194078478839,0.4600180586413366,0.23033906048104402,0.014912804459048142,1.0,0.2849740932642487,0.20376385943246797,0.9403420392311823,0.2657659580398005,0.1772270000608767,0.9400804078410487,0.7217311379767174,0.05665330265500193,0.4924939467312348,0.055484428776340605,0.014233787436469275,"HPC_like",0.778864883445544,"topological","{np.int64(1): 105.0, np.int64(2): 125.0}","{np.int64(1): 'information', np.int64(2): 'topological'}","stepped",0.008862274926161387
58,281,155,98,False,2,1,"[np.int64(1), np.int64(2)]",0.3172870397179496,0.3207276152095926,0.7769146304730234,0.5424681514269237,0.4811546168310288,0.24120422178500583,0.01428007782835577,1.0,0.29537366548042704,0.20812806322108382,0.9456375997771715,0.27458374102472854,0.17988483019028625,0.9624047012707092,0.7343768328169011,0.08865251777488993,0.5136804942630185,0.06009083684860209,0.012495503746624928,"HPC_like",0.7736403107581681,"topological","{np.int64(1): 96.0, np.int64(2): 98.0}","{np.int64(1): 'information', np.int64(2): 'topological'}","stepped",0.008560586013715657
59,177,"","",False,2,1,"[np.int64(1), np.int64(2)]",0.30572012345226884,0.30725222541117,0.7341226498702735,0.598009854751699,0.42522008878243783,0.2341285508888202,0.012017182912898312,1.0,0.3107344632768362,0.2141785566088927,0.9203720625870017,0.279968741186544,0.17392970413389897,0.8911842379554074,0.6414538830648089,0.10359870373278725,0.46271409749670644,0.05586111669383601,0.013019637864593644,"HPC_like",0.766547415642531,"quantum","{}","{np.int64(1): 'information', np.int64(2): 'topological'}","stepped",0.007869469813047753
60,218,"","",False,2,1,"[np.int64(1), np.int64(2)]",0.28134296581741347,0.2841995213636728,0.7357634501821156,0.610883411692487,0.42585561495532204,0.2212542237327676,0.008012592078424365,1.0,0.2798165137614679,0.20151923238784616,0.9401197487174974,0.24520051646950197,0.15564948456386118,0.9489663915903469,0.5975544479536298,0.15823889368015454,0.5899233296823659,0.06339299770271366,0.017832591861386547,"HPC_like",0.7550406477601602,"quantum","{}","{np.int64(1): 'information', np.int64(2): 'topological'}","stepped",0.007529906185998745
61,244,"","",False,2,1,"[np.int64(1), np.int64(2)]",0.3108425801112264,0.31508928390801594,0.758422435731262,0.5612646358658046,0.4136208508327877,0.22968582239038152,0.008553557252506441,1.0,0.30327868852459017,0.21130072561139476,0.9132177025405058,0.26870608053594086,0.1660471556863092,0.9708393453446116,0.7060590932013211,0.109124201259911,0.5648893360160965,0.06467081175578063,0.015588632730698757,"HPC_like",0.7742134732169887,"topological","{}","{np.int64(1): 'information', np.int64(2): 'topological'}","stepped",0.007902959710726644
62,297,79,189,False,2,1,"[np.int64(1), np.int64(2)]",0.2836318398344288,0.28607978869666323,0.687596669938383,0.5435100009617858,0.40740705384319587,0.22885499576692664,0.009685939230600436,1.0,0.27946127946127947,0.2013626727431441,0.9546364962780172,0.25106846174406217,0.16309486657604705,0.9250760024631696,0.5890872687055958,0.12423785806601828,0.645612582781457,0.06533238584379128,0.016965347375896028,"HPC_like",0.7469869348004153,"quantum","{np.int64(1): 183.0, np.int64(2): 189.0}","{np.int64(1): 'information', np.int64(2): 'topological'}","stepped",0.008370492219063743
63,170,74,79,False,2,1,"[np.int64(1), np.int64(2)]",0.29966319272682473,0.29414235821279766,0.7854173759611172,0.531551181600401,0.5088095489141343,0.24280282800564373,0.01188297884631884,1.0,0.27647058823529413,0.20003460207612453,0.9816739778404695,0.2516573094870646,0.16674324008662283,0.9285127003716336,0.679721321699996,0.0972020224781753,0.4729986431478968,0.05415037113895761,0.014179848604856335,"HPC_like",0.7630336686525984,"quantum","{np.int64(1): 74.0, np.int64(2): 79.0}","{np.int64(1): 'information', np.int64(2): 'topological'}","stepped",0.00875337503816124
64,184,63,103,False,2,1,"[np.int64(1), np.int64(2)]",0.30856732098258893,0.31100311829558847,0.7993048655499466,0.5469042656496661,0.5457939749865319,0.2552855906902087,0.018366654550701654,1.0,0.28804347826086957,0.2050744328922495,0.9816931958806453,0.2706195568040279,0.1814875408101119,0.9703911324583367,0.667843202198439,0.1197264162510766,0.44040920716112525,0.056703825197375705,0.012135931416837702,"HPC_like",0.7539275195845133,"quantum","{np.int64(1): 75.0, np.int64(2): 103.0}","{np.int64(1): 'information', np.int64(2): 'topological'}","stepped",0.008359253241638517
65,351,324,"",False,2,1,"[np.int64(1), np.int64(2)]",0.3036305754996371,0.3013172265923496,0.783668017556234,0.5662263192229992,0.4620345138916883,0.23750460121133948,0.01168551733218535,1.0,0.29914529914529914,0.20965738914456855,0.9458210178114618,0.27309221190641014,0.1749269139813698,0.9822789705609205,0.642075528305209,0.1147758153321874,0.602467343976778,0.06663098722847151,0.014392188407046586,"HPC_like",0.7557843003343094,"topological","{}","{np.int64(1): 'information', np.int64(2): 'topological'}","stepped",0.008272912257447761
66,175,"","",False,2,1,"[np.int64(1), np.int64(2)]",0.2846520777422617,0.28340089272549135,0.7238022542960016,0.5658054906443546,0.3970481834412012,0.22194168903464295,0.00915071700440589,1.0,0.2742857142857143,0.1990530612244898,0.935922137217241,0.24124367191485385,0.15457739258606548,0.9847189512333008,0.6325579754754632,0.1372440298948072,0.3852589641434263,0.06365711756150001,0.009650649458790942,"HPC_like",0.7604925961053957,"quantum","{}","{np.int64(1): 'information', np.int64(2): 'topological'}","stepped",0.007740587759742095
67,167,"","",False,2,1,"[np.int64(1), np.int64(2)]",0.305330257631006,0.3007440177627216,0.7117611957260211,0.5189865846056267,0.38894924911094636,0.23474720950770786,0.010921692263098817,1.0,0.31137724550898205,0.21442145648822117,0.9631873122251974,0.27354998906774036,0.1667769585124801,0.9055122363307208,0.6383508893698512,0.09376071713324435,0.4681502086230878,0.06599152182422369,0.01355407705058314,"HPC_like",0.7594988404264985,"topological","{}","{np.int64(1): 'information', np.int64(2): 'topological'}","stepped",0.006409603425768005
68,163,"","",False,2,1,"[np.int64(1), np.int64(2)]",0.2768638649733623,0.2720392825599823,0.7130146376092279,0.5024086445589919,0.3613783547973027,0.21827481322621242,0.006790126437847172,1.0,0.31901840490797545,0.2172456622379465,0.9094729528954801,0.27398109768259865,0.16056132847185475,0.9402663772332327,0.47127140641567916,0.14806504199150286,0.4707112970711297,0.06139889279633104,0.014453700557912204,"HPC_like",0.7386137924438669,"topological","{}","{np.int64(1): 'information', np.int64(2): 'topological'}","stepped",0.008623523664761042
69,226,"","",False,2,1,"[np.int64(1), np.int64(2)]",0.27318951635550787,0.2782555705362939,0.7273796063265097,0.5482835011321157,0.3978282418165999,0.2170233661652424,0.009044197618571802,1.0,0.3141592920353982,0.21546323126321568,0.8989852144624983,0.2736045748353727,0.16358241162398204,0.9398705929087262,0.4600089405223183,0.09969706193042857,0.4952681388012619,0.05820427451663321,0.011828189157675752,"HPC_like",0.7377275366709612,"quantum","{}","{np.int64(1): 'information', np.int64(2): 'topological'}","stepped",0.007811213874691932
70,185,46,121,False,2,1,"[np.int64(1), np.int64(2)]",0.32887433204186317,0.324325973044632,0.7682228746910824,0.6632320103541663,0.5456235655630164,0.26024063116286267,0.018478586062194605,1.0,0.31351351351351353,0.21522279035792544,0.9821936553590057,0.2947424828463246,0.190624465577746,0.9866055474534066,0.7228632359341054,0.1319366328875266,0.4076726342710997,0.05045782355245263,0.010199501081519366,"HPC_like",0.7693532968648311,"quantum","{np.int64(1): 110.0, np.int64(2): 121.0}","{np.int64(1): 'information', np.int64(2): 'topological'}","stepped",0.008111453550521647
71,312,79,202,False,2,1,"[np.int64(1), np.int64(2)]",0.291007711031721,0.2887799621080574,0.7587619366819728,0.5796081815299254,0.447139065756371,0.23390531788427885,0.012200432454408695,1.0,0.3108974358974359,0.21424022024983563,0.9275030097474737,0.28142717625439273,0.17557220648856017,0.9388796414157047,0.5256228733338367,0.1270004052221215,0.6562450278440731,0.07982890441124332,0.01594512817394524,"HPC_like",0.727248001467044,"quantum","{np.int64(1): 202.0, np.int64(2): 201.0}","{np.int64(1): 'information', np.int64(2): 'topological'}","stepped",0.0079351304588731
72,308,145,133,False,2,1,"[np.int64(1), np.int64(2)]",0.26376299668004255,0.2615177622327849,0.7340450637772572,0.5411446199713472,0.4574038170747319,0.23330115464872847,0.011465318310572091,1.0,0.3051948051948052,0.2120509360769101,0.9484018692373282,0.27467407774783564,0.1723663728145329,0.9302986058813016,0.37957158175877664,0.13448712917142933,0.5796900489396412,0.056033961733390786,0.013542798645711882,"HPC_like",0.7029723130584198,"quantum","{np.int64(1): 131.0, np.int64(2): 133.0}","{np.int64(1): 'information', np.int64(2): 'topological'}","stepped",0.008696661419239199
73,181,136,27,False,2,1,"[np.int64(1), np.int64(2)]",0.2964425867932967,0.3020952254253221,0.7121814656159561,0.548335676794649,0.41336187200560887,0.23661664054518533,0.012669818973312803,1.0,0.32044198895027626,0.21775892066786726,0.9431113793002208,0.2824568826786526,0.16992345591153796,0.944374834209424,0.5564013380379041,0.13865139668520593,0.35930232558139547,0.05395520150755932,0.009060618945088588,"HPC_like",0.7510981099453589,"topological","{np.int64(1): 12.0, np.int64(2): 27.0}","{np.int64(1): 'information', np.int64(2): 'topological'}","stepped",0.008815099199073565
74,244,123,97,False,2,1,"[np.int64(1), np.int64(2)]",0.27338913764442657,0.27078198358013233,0.7582103575152171,0.5639232082187275,0.4138026965747063,0.22858183085046907,0.007888526848746028,1.0,0.3360655737704918,0.22312550389680194,0.9490028833524473,0.28909312843886975,0.1673119000398455,0.956381727813592,0.3809031010289385,0.12688355263063564,0.516949152542373,0.058441041045481854,0.013868166831225118,"HPC_like",0.7141182385044165,"quantum","{np.int64(1): 97.0, np.int64(2): 96.0}","{np.int64(1): 'information', np.int64(2): 'topological'}","stepped",0.0077589057174395504
75,230,"","",False,2,1,"[np.int64(1), np.int64(2)]",0.2886005053704017,0.28607193639302964,0.704337972883607,0.5531512036726193,0.4104700695825548,0.2225840092006166,0.010379236322358626,1.0,0.2826086956521739,0.2027410207939509,0.937136044049093,0.2544745864407409,0.1645835043350429,0.9414741543723071,0.6284965444810795,0.13418639250361192,0.5297805642633228,0.06003729736863172,0.01449265933120123,"HPC_like",0.7632445157980702,"topological","{}","{np.int64(1): 'information', np.int64(2): 'topological'}","stepped",0.007715955230087445
76,152,88,49,False,2,1,"[np.int64(1), np.int64(2)]",0.2899899727781202,0.2916916265026707,0.6970778081281089,0.5376559065635433,0.3832533024228914,0.23208239162636463,0.009217368042860833,1.0,0.34210526315789475,0.22506925207756237,0.9123838017576099,0.30145341236226814,0.17492113355000402,0.8679980906737604,0.45939724886443195,0.13013941865451767,0.42481536189069424,0.056386696986187736,0.012756311054500478,"HPC_like",0.7353425644810132,"quantum","{np.int64(1): 38.0, np.int64(2): 49.0}","{np.int64(1): 'information', np.int64(2): 'topological'}","stepped",0.007601335604772643
77,148,111,23,False,2,1,"[np.int64(1), np.int64(2)]",0.31787663959127604,0.3098569882291518,0.7112045865916647,0.5796846756779185,0.3620948366007316,0.22647224220399406,0.00808713817480438,1.0,0.40540540540540543,0.24105186267348422,0.9526894147351823,0.32270806819154174,0.15819177914887642,0.9555785694109931,0.5244894278304671,0.16985066435382878,0.39726027397260294,0.05368587765848047,0.011369229441031877,"HPC_like",0.7684744959754628,"quantum","{np.int64(1): 8.0, np.int64(2): 23.0}","{np.int64(1): 'information', np.int64(2): 'topological'}","stepped",0.008568758983913564
78,250,"","",False,2,1,"[np.int64(1), np.int64(2)]",0.32180710119218714,0.32384707698453347,0.7647456987461321,0.6380052711401448,0.4348979547726358,0.22747783344146197,0.010498424235307623,1.0,0.296,0.208384,0.9170313577168763,0.2660993306057842,0.1684411137055518,0.9752921715412879,0.802031845703418,0.07039455821055465,0.5710679611650484,0.06039108183079054,0.016001170911570262,"HPC_like",0.7922874975048044,"topological","{}","{np.int64(1): 'information', np.int64(2): 'topological'}","stepped",0.00706800017258429
79,218,125,72,False,2,1,"[np.int64(1), np.int64(2)]",0.30212624352754514,0.29634272428952035,0.7597853783822994,0.5954648834057024,0.4522368343566875,0.23142688058287234,0.013800242777358569,1.0,0.29357798165137616,0.2073899503408804,0.950413451271751,0.2621088086349249,0.16634493401165917,0.9653921028866396,0.6709441824634408,0.12957680490866308,0.5332606324972737,0.06240294843338276,0.014925752410722479,"HPC_like",0.7664963137340147,"topological","{np.int64(1): 57.0, np.int64(2): 72.0}","{np.int64(1): 'information', np.int64(2): 'topological'}","stepped",0.008702712870788193
80,305,78,197,False,2,1,"[np.int64(1), np.int64(2)]",0.3006842549757767,0.2975210524368842,0.7080164951741792,0.5825088344780269,0.41042149440797726,0.22437764636407154,0.009571833611081208,1.0,0.3016393442622951,0.21065305025530773,0.921146277582281,0.2671084636860357,0.16522565218562973,0.9581217518094262,0.6488445715472153,0.10302932301482333,0.6422535211267606,0.07212746531692031,0.01608105545654515,"HPC_like",0.7622231590299617,"topological","{np.int64(1): 197.0, np.int64(2): 196.0}","{np.int64(1): 'information', np.int64(2): 'topological'}","stepped",0.007740182600494764
81,187,114,55,False,2,1,"[np.int64(1), np.int64(2)]",0.30295017572786154,0.29772791905990353,0.7756333418957088,0.5925174190511217,0.4891447376151989,0.23766694203383584,0.014854829100711038,1.0,0.2994652406417112,0.2097858102891132,0.9352126812222823,0.27560590369588484,0.17772760177314628,0.9318251865239658,0.6354357794784202,0.12303052947503235,0.5337078651685392,0.06347235296343026,0.017076489602622993,"HPC_like",0.7563677403445661,"topological","{np.int64(1): 53.0, np.int64(2): 55.0}","{np.int64(1): 'information', np.int64(2): 'topological'}","stepped",0.00854465666204964
82,197,"","",False,2,1,"[np.int64(1), np.int64(2)]",0.2804201132336439,0.2771931927101801,0.7477933751676322,0.577437890431238,0.40339096262396723,0.20984921494042438,0.00884660744231587,1.0,0.3096446700507614,0.2137648483599165,0.899408022989084,0.2676535331045607,0.15996524824348501,0.9625536601252976,0.5373165080535395,0.09524532276545847,0.5320481927710844,0.05925998409883192,0.01623550511411222,"HPC_like",0.7588779305046984,"topological","{}","{np.int64(1): 'information', np.int64(2): 'topological'}","stepped",0.007400589731778071
83,184,149,17,False,2,1,"[np.int64(1), np.int64(2)]",0.274451870634452,0.2752107824373481,0.6859433207487619,0.5295394711846635,0.3926340628025882,0.22961870398294823,0.008709951528163104,1.0,0.33695652173913043,0.2234168241965974,0.8912279048412707,0.2951820513368144,0.17151595955947613,0.9366467667766726,0.37777145824948016,0.1468028454841515,0.5195979899497488,0.05625000000000001,0.016114208688377013,"HPC_like",0.7143017675730436,"quantum","{np.int64(1): 5.0, np.int64(2): 17.0}","{np.int64(1): 'information', np.int64(2): 'topological'}","stepped",0.007713500930731717
84,159,"","",False,2,1,"[np.int64(1), np.int64(2)]",0.28770384378888275,0.28601344399586026,0.7069622832593256,0.5157155356798933,0.39716576077538457,0.210050818053482,0.006097958340511034,1.0,0.3081761006289308,0.213203591630078,0.9249426190011786,0.2505768893678547,0.14332797348182424,0.9127934654991698,0.6135357436087596,0.11721607150974235,0.4603174603174602,0.05498833800720593,0.01434698992023067,"HPC_like",0.7766682682432535,"quantum","{}","{np.int64(1): 'information', np.int64(2): 'topological'}","stepped",0.0072822708730839
85,277,252,"",False,2,1,"[np.int64(1), np.int64(2)]",0.3080388292042031,0.30497711728635185,0.7453330806689253,0.5935636578974233,0.4602359364680083,0.22834299666873742,0.012704606242519753,1.0,0.2924187725631769,0.20691003401582195,0.9399815631023966,0.2644514073180227,0.16958149284215332,0.9673192991778734,0.7190699140701304,0.08566120094511827,0.5335740072202165,0.0568046848866356,0.012121721413469514,"HPC_like",0.7800866237049123,"topological","{}","{np.int64(1): 'information', np.int64(2): 'topological'}","stepped",0.008192768443890669
86,232,68,141,False,2,1,"[np.int64(1), np.int64(2)]",0.3237129054386099,0.31995339869227873,0.7574944775559475,0.5384363431608732,0.43889355210490055,0.2391662290719398,0.012279186289918175,1.0,0.33620689655172414,0.22317181926278243,0.9121719593455092,0.3033120148825119,0.1816533246397197,0.9567026254607378,0.6768700756902173,0.0699031464100652,0.5108808290155441,0.057183982490619956,0.013648213220024278,"HPC_like",0.7736795025886639,"topological","{np.int64(1): 135.0, np.int64(2): 141.0}","{np.int64(1): 'information', np.int64(2): 'topological'}","stepped",0.008816707493382743
87,259,235,"",False,2,1,"[np.int64(1), np.int64(2)]",0.32091398403546045,0.3170288152800497,0.7633519540007747,0.5937845338694427,0.4503536099208088,0.23722134390378918,0.013425852921633785,1.0,0.32432432432432434,0.21913805697589478,0.9210241193930471,0.2930561354520662,0.17894230192269492,0.9864995998252543,0.6890166562707684,0.10933823746969408,0.4811229428848015,0.0670277425221416,0.010945779127253273,"HPC_like",0.7690866878544279,"quantum","{}","{np.int64(1): 'information', np.int64(2): 'topological'}","stepped",0.008693056813613242
88,388,102,248,False,2,1,"[np.int64(1), np.int64(2)]",0.3166032648878741,0.3139294424916776,0.7993216841628412,0.5677458325460611,0.49495904043836003,0.24211611794081042,0.014042650870366227,1.0,0.30412371134020616,0.2116324795408651,0.9691829745178304,0.2746933998877022,0.17391844170967916,0.978785793304897,0.7111008966872832,0.058442085227119016,0.7230263157894736,0.06333687189946516,0.017413537512973185,"HPC_like",0.7687149457722083,"topological","{np.int64(1): 237.0, np.int64(2): 248.0}","{np.int64(1): 'information', np.int64(2): 'topological'}","stepped",0.008163111867126167
89,168,"","",False,2,1,"[np.int64(1), np.int64(2)]",0.27058944251898404,0.26605554525148123,0.7859345429091025,0.5437155570200747,0.5235508271486674,0.22914936425154975,0.015543996102763084,1.0,0.25595238095238093,0.19044075963718823,0.9532714422937001,0.23777949955041192,0.16442852812200714,0.9977988784218826,0.560088413558705,0.13610793705665986,0.3890756302521009,0.0628737606153573,0.00984593539789149,"HPC_like",0.7364564266014249,"topological","{}","{np.int64(1): 'information', np.int64(2): 'topological'}","stepped",0.00900168714312114
90,212,"","",False,2,1,"[np.int64(1), np.int64(2)]",0.31263892067404864,0.3075785429935662,0.7229858436551385,0.5428185842696811,0.37666727465380867,0.23366724366164027,0.0102000839999515,1.0,0.33490566037735847,0.22274385902456392,0.9658552908271426,0.2862766006626628,0.16537727274523126,0.9027539506292868,0.6371052177761134,0.10278559276734382,0.48840909090909096,0.059912296822674176,0.013148467166886786,"HPC_like",0.7680295803753733,"quantum","{}","{np.int64(1): 'information', np.int64(2): 'topological'}","stepped",0.008207675489843528
91,354,172,147,False,2,1,"[np.int64(1), np.int64(2)]",0.2842529536945321,0.2822430490187692,0.7119055166393664,0.5756151429375135,0.4025181514440207,0.22169798684293945,0.007831066237108051,1.0,0.2768361581920904,0.2001978997095343,0.9174604051447333,0.24686962327823897,0.1593299044745927,0.9632048499623451,0.6183795166494793,0.14671167517049583,0.6578260869565216,0.06403665940557979,0.015432618890836924,"HPC_like",0.7580468533301479,"topological","{np.int64(1): 146.0, np.int64(2): 147.0}","{np.int64(1): 'information', np.int64(2): 'topological'}","stepped",0.0075135434131239085
92,191,"","",False,2,1,"[np.int64(1), np.int64(2)]",0.28936273269348545,0.28609310606981075,0.7478720973649299,0.5186598435220162,0.43967551249773906,0.216343155756842,0.009894629631687071,1.0,0.2513089005235602,0.18815273704119953,0.9072166097674934,0.22651683808966502,0.15286222584112527,0.9379505081998012,0.7392726385438725,0.09463217502105889,0.5025703794369645,0.05438297436028891,0.014571273925879634,"HPC_like",0.7853607515982556,"topological","{}","{np.int64(1): 'information', np.int64(2): 'topological'}","stepped",0.006428056016745767
93,196,"","",False,2,1,"[np.int64(1), np.int64(2)]",0.2946454360002102,0.289274987052484,0.6871212384588613,0.5968820879758197,0.41983366315753823,0.22905438604343453,0.011970036827408312,1.0,0.3163265306122449,0.21626405664306533,0.9267449861146281,0.2805191447645851,0.17032910988212036,0.9450438611486678,0.5649215733600491,0.1111636809976537,0.5428571428571429,0.0600542257719415,0.016706323092767813,"HPC_like",0.752973936992534,"quantum","{}","{np.int64(1): 'information', np.int64(2): 'topological'}","stepped",0.007813535056554168
94,249,"","",False,2,1,"[np.int64(1), np.int64(2)]",0.2783977647063672,0.28255921267226464,0.7176882696704463,0.5460602987422998,0.39369814047306906,0.22112285295893797,0.007990886525875901,1.0,0.30120481927710846,0.21048047612135293,0.8904310613994267,0.2640198651460501,0.16174357229479716,0.9374420426332966,0.5178849525910707,0.10916386063088498,0.5517543859649122,0.06272988081538074,0.01369106318219269,"HPC_like",0.7426404981926363,"topological","{}","{np.int64(1): 'information', np.int64(2): 'topological'}","stepped",0.007332862438849561
95,239,"","",False,2,1,"[np.int64(1), np.int64(2)]",0.3114474212203125,0.30988630602869743,0.7209277315411051,0.624330105050078,0.43322173514774953,0.23356642090583887,0.009073212716843205,1.0,0.33472803347280333,0.22268517708023314,0.9401483719258324,0.29513469834809947,0.17381676951590655,0.9126031872777345,0.6173015844573422,0.0674884394236896,0.5336040609137056,0.060733092421387545,0.013696424882888735,"HPC_like",0.7638669385587422,"topological","{}","{np.int64(1): 'information', np.int64(2): 'topological'}","stepped",0.007702161436499137
96,270,251,"",False,2,1,"[np.int64(1), np.int64(2)]",0.314781509532771,0.3159100147812003,0.7540811749032089,0.589123720814569,0.44397042473004256,0.23245689721381463,0.01336558245730138,1.0,0.2962962962962963,0.2085048010973937,0.9601650442840437,0.2682832662829648,0.17186661956736138,0.9640702735493869,0.7444250772359584,0.09615051881882185,0.5397285067873304,0.05649951452565833,0.013663009244379853,"HPC_like",0.7826868923132209,"topological","{}","{np.int64(1): 'information', np.int64(2): 'topological'}","stepped",0.008503868243600169
97,262,130,106,False,2,1,"[np.int64(1), np.int64(2)]",0.3173656646554914,0.3212812963591392,0.7600203339415487,0.5708663373120593,0.4632008838861664,0.23663340962970686,0.013737789715007985,1.0,0.31297709923664124,0.21502243459005888,0.9345570316807149,0.2860049750728565,0.17958866628912615,0.9320218908724505,0.7024480162459504,0.11428649953636784,0.489710009354537,0.05563169505955089,0.012673606452207956,"HPC_like",0.7765027984602884,"topological","{np.int64(1): 58.0, np.int64(2): 106.0}","{np.int64(1): 'information', np.int64(2): 'topological'}","stepped",0.00855957947474996
98,245,"","",False,2,1,"[np.int64(1), np.int64(2)]",0.3033123563698035,0.3062057743330087,0.6769596759065581,0.5519498721124572,0.387638128425591,0.224257779721248,0.008026169635702025,1.0,0.3142857142857143,0.2155102040816326,0.9080162872755604,0.27467452549877813,0.16473535345839993,0.9469428256631528,0.6444448655103501,0.10366051652787066,0.5715705765407554,0.05861958955692473,0.015502837726766873,"HPC_like",0.7721685259110248,"topological","{}","{np.int64(1): 'information', np.int64(2): 'topological'}","stepped",0.008329607401923692
99,167,108,43,False,2,1,"[np.int64(1), np.int64(2)]",0.27839145356980216,0.2745800188499877,0.7035727774349738,0.5127368068987709,0.4318084508241281,0.2304775718524261,0.011264332145914414,1.0,0.2874251497005988,0.2048119330201871,0.9082886684614706,0.25955847464333437,0.16702426771969772,0.9526457286668006,0.5248583852840794,0.15145797943430503,0.530110497237569,0.06751441867645919,0.017132366088907947,"HPC_like",0.73160536850432,"topological","{np.int64(1): 26.0, np.int64(2): 43.0}","{np.int64(1): 'information', np.int64(2): 'topological'}","stepped",0.00856611288682011
100,261,136,99,False,2,1,"[np.int64(1), np.int64(2)]",0.2802398934630027,0.27661417587663345,0.7440084898556932,0.5552821738349178,0.42682993263683067,0.22902054173883477,0.01019395003284552,1.0,0.2796934865900383,0.20146504014914643,0.9434491928525223,0.2559025381728033,0.16869273532323445,0.9500955755376224,0.5625538528517848,0.1614281600737701,0.5393457943925235,0.060467737315143065,0.014162340344407687,"HPC_like",0.7442085639765061,"quantum","{np.int64(1): 97.0, np.int64(2): 99.0}","{np.int64(1): 'information', np.int64(2): 'topological'}","stepped",0.009607987862110324
101,260,"","",False,2,1,"[np.int64(1), np.int64(2)]",0.3042643227384943,0.30047687124294,0.726987762290803,0.5841712396568735,0.4191245597077624,0.22254143297153972,0.009614021015788515,1.0,0.3,0.20999999999999996,0.9086041775359277,0.26375626675127806,0.16253524569128616,0.945344393361319,0.6962805638288861,0.11778844021362446,0.5587962962962962,0.05308554922443809,0.015076133947543098,"HPC_like",0.7832963700408853,"topological","{}","{np.int64(1): 'information', np.int64(2): 'topological'}","stepped",0.007794383352995654
102,194,156,19,False,2,1,"[np.int64(1), np.int64(2)]",0.27790651535099675,0.28013530798580116,0.6762536542070758,0.5402887212485779,0.382430215077575,0.21933126826428226,0.007019961164246417,1.0,0.31443298969072164,0.21556488468487617,0.8830570632087421,0.27278087736928036,0.16227482546848168,0.9272586160950566,0.48813012956815316,0.10412856817757749,0.536771844660194,0.057231925399526214,0.016654702661304102,"HPC_like",0.7437156425972317,"topological","{np.int64(1): 14.0, np.int64(2): 19.0}","{np.int64(1): 'information', np.int64(2): 'topological'}","stepped",0.0073058129113852096
103,224,114,88,False,2,1,"[np.int64(1), np.int64(2)]",0.3082466124896714,0.31124115665347996,0.7769673957933622,0.5458646555835507,0.49757547221720355,0.24414170465113205,0.016050961507713773,1.0,0.29017857142857145,0.20597496811224494,0.9474305164187669,0.2714305318227227,0.18024237304284194,0.9660881583451302,0.6808375787925394,0.1269045842235462,0.4761290322580645,0.060477150537634396,0.0133955995493389,"HPC_like",0.7612021825232926,"quantum","{np.int64(1): 88.0, np.int64(2): 87.0}","{np.int64(1): 'information', np.int64(2): 'topological'}","stepped",0.008344678179187813
104,203,"","",False,2,1,"[np.int64(1), np.int64(2)]",0.30448492813798345,0.30604145686186496,0.754171868439751,0.511810756696282,0.4519330073828418,0.22927058574477152,0.012636811962937344,1.0,0.33004926108374383,0.2211167463418186,0.9113589474060577,0.2896533463236883,0.17056321858880136,0.9319599329416602,0.592473063717406,0.11074726727524357,0.5505747126436782,0.06389808321267469,0.017143967173959065,"HPC_like",0.7588460632984982,"topological","{}","{np.int64(1): 'information', np.int64(2): 'topological'}","stepped",0.00893714136487285
105,170,46,107,False,2,1,"[np.int64(1), np.int64(2)]",0.31078611108692744,0.30454275704765915,0.7245050904005986,0.5635548463882107,0.45733498264086925,0.24461675841555458,0.009668745517063483,1.0,0.28823529411764703,0.20515570934256055,0.9757341362916795,0.2647021262903133,0.1738197046940544,0.9619643073498421,0.7098964521867196,0.09376442267197359,0.517142857142857,0.05917366946778708,0.01674849610112151,"HPC_like",0.7666600708503319,"quantum","{np.int64(1): 106.0, np.int64(2): 107.0}","{np.int64(1): 'information', np.int64(2): 'topological'}","stepped",0.007694284135349535
106,266,"","",False,2,1,"[np.int64(1), np.int64(2)]",0.30987067366766524,0.3126193888983949,0.748619970896331,0.5364252875403281,0.4089481245398407,0.22553837180099978,0.009145925325298433,1.0,0.2894736842105263,0.2056786703601108,0.9318866111334647,0.26111502923848157,0.16747833462325573,0.9255740909820505,0.739616759038725,0.07158429025043721,0.6121155638397017,0.06675221371228633,0.01693604306454945,"HPC_like",0.7787991660611219,"topological","{}","{np.int64(1): 'information', np.int64(2): 'topological'}","stepped",0.008142818763304258
107,183,"","",False,2,1,"[np.int64(1), np.int64(2)]",0.26115991617784967,0.257018792521501,0.6743611382946909,0.5277632533512542,0.39137210148198126,0.2279068312085433,0.008479888024595225,1.0,0.3442622950819672,0.22574576726686377,0.8910303638960917,0.30020345452747266,0.1717671444110394,0.873838031962858,0.27132554654704777,0.05399565061789431,0.46122448979591857,0.05982770157243232,0.013146092802060035,"HPC_like",0.6814708226740085,"quantum","{}","{np.int64(1): 'information', np.int64(2): 'information'}","stepped",0.008901040348244762
108,304,"","",False,2,1,"[np.int64(1), np.int64(2)]",0.29169865587216776,0.29179705495516756,0.7487016397414644,0.5560338083566592,0.41142240499054344,0.22551934997165818,0.011356495175776311,1.0,0.3059210526315789,0.21233336218836563,0.9427503227094695,0.26856489408314904,0.1641952577854774,0.9957272645787576,0.5850127907032668,0.12894537251156704,0.5777960526315791,0.060976903006556955,0.014436571573419158,"HPC_like",0.7566766350925345,"topological","{}","{np.int64(1): 'information', np.int64(2): 'topological'}","stepped",0.008677380325776845
109,325,192,101,False,2,1,"[np.int64(1), np.int64(2)]",0.32334804091322805,0.32091729670085417,0.7953711054717659,0.5929294617145522,0.4852739287526692,0.2404003080760981,0.012963763028577895,1.0,0.28307692307692306,0.2029443786982249,0.9624031702336171,0.2615564711303789,0.1735438566448642,0.989383679831528,0.8144937939256061,0.06996777874938413,0.6018489984591678,0.0597335440625117,0.015637497154635357,"HPC_like",0.7852666015658545,"topological","{np.int64(1): 100.0, np.int64(2): 101.0}","{np.int64(1): 'information', np.int64(2): 'topological'}","stepped",0.00804636276401009
110,186,"","",False,2,1,"[np.int64(1), np.int64(2)]",0.29244815758138365,0.2900030386877684,0.6953941859128503,0.5272308701443003,0.3932866498144548,0.2172227491210428,0.009208245420711228,1.0,0.2903225806451613,0.20603537981269512,0.9076078954294924,0.24911060432386725,0.15207845556337854,0.949226406665209,0.6564034246190861,0.12811823564041472,0.4999999999999999,0.06418053126144084,0.014838275472864539,"HPC_like",0.770868357532654,"quantum","{}","{np.int64(1): 'information', np.int64(2): 'topological'}","stepped",0.008502552911088335
111,297,"","",False,2,1,"[np.int64(1), np.int64(2)]",0.32186682549398304,0.32000775455505,0.7446021111894706,0.5729748457360933,0.40383006481141803,0.22711774799366768,0.00865488865326605,1.0,0.31313131313131315,0.2150800938679727,0.9080607815134719,0.2776925897687516,0.16918058748911582,0.9565032541331102,0.7580831426388058,0.09042926856982494,0.5985738255033557,0.06197683463483245,0.01613024810439572,"HPC_like",0.7874787460290438,"topological","{}","{np.int64(1): 'information', np.int64(2): 'topological'}","stepped",0.007682881890175038
112,340,"","",False,2,1,"[np.int64(1), np.int64(2)]",0.27291121196674684,0.2756780281306781,0.7520906820709263,0.560606601239063,0.43384940288043716,0.2295893318693259,0.010727969016037611,1.0,0.2647058823529412,0.19463667820069208,0.9330018998339471,0.24289603741891339,0.16391146506715054,0.9544906413384142,0.557193352673788,0.10629225672053234,0.6107088989441932,0.056997314328629235,0.015451527042585941,"HPC_like",0.7414611669376188,"quantum","{}","{np.int64(1): 'information', np.int64(2): 'topological'}","stepped",0.007751069727378474
113,184,"","",False,2,1,"[np.int64(1), np.int64(2)]",0.29886013136012884,0.2968980672789363,0.6607460290286905,0.5202722619492669,0.34176995747460126,0.21751698322943686,0.006139218522472811,1.0,0.34782608695652173,0.22684310018903592,0.8860317837491629,0.2882753116372852,0.1564234615499719,0.9469299359275855,0.5545938458389339,0.08998461670166394,0.4475222363405336,0.05804375448870225,0.012852441406420848,"HPC_like",0.7660736337906159,"topological","{}","{np.int64(1): 'information', np.int64(2): 'topological'}","stepped",0.007633255638841909
114,161,64,81,False,2,1,"[np.int64(1), np.int64(2)]",0.3253255399812955,0.318910675085904,0.7730130493867652,0.6311002677388893,0.5075035815725583,0.2518625768979844,0.017785182332243202,1.0,0.3416149068322981,0.2249141622622584,0.955863095761299,0.31338905743447276,0.19118755894653894,0.9716391243056794,0.6413989268386744,0.1402595866692282,0.38621659634317873,0.054753896911299234,0.011070494408333766,"HPC_like",0.7622446742831547,"quantum","{np.int64(1): 44.0, np.int64(2): 81.0}","{np.int64(1): 'information', np.int64(2): 'topological'}","stepped",0.009489936609313123
115,131,48,70,False,2,1,"[np.int64(1), np.int64(2)]",0.35654839381569536,0.3485034396767123,0.7615268395935331,0.5948170304850992,0.5351057700240305,0.25708439286714485,0.019099861351828742,1.0,0.42748091603053434,0.24474098246022954,0.975649864773283,0.36334431917790455,0.18739032931820973,0.9817076002156128,0.6339070165980445,0.15775904071330432,0.3392857142857143,0.04797930622630731,0.009021937466469156,"HPC_like",0.7767475320666825,"quantum","{np.int64(1): 56.0, np.int64(2): 70.0}","{np.int64(1): 'information', np.int64(2): 'topological'}","stepped",0.009764854063291369
116,344,"","",False,2,1,"[np.int64(1), np.int64(2)]",0.30202717567766696,0.2991596607089811,0.7374697268951733,0.5764258033086556,0.39559155741710683,0.22778829281145263,0.00907600437490974,1.0,0.29651162790697677,0.2085924824229313,0.9385862922207284,0.2625917113558719,0.16382846530529394,0.9682431825740787,0.6741593265608415,0.09714264534164112,0.5953250547845144,0.05920539602186367,0.014152417838979121,"HPC_like",0.7718042799708421,"topological","{}","{np.int64(1): 'information', np.int64(2): 'topological'}","stepped",0.0071710307164510245
117,342,"","",False,2,1,"[np.int64(1), np.int64(2)]",0.32567035602281624,0.32828601922365713,0.7537024182098494,0.573813932771634,0.4150768463854969,0.22885010469261347,0.01094367702357445,1.0,0.30409356725146197,0.2116206696077426,0.9328226371434581,0.27146823481058036,0.16873226563349472,0.9697088223070216,0.8072317957462795,0.045620846667883214,0.5644017725258494,0.05613516478108719,0.013490050627869626,"HPC_like",0.7959012394188516,"topological","{}","{np.int64(1): 'information', np.int64(2): 'topological'}","stepped",0.00830189421966458
118,543,331,158,False,2,1,"[np.int64(1), np.int64(2)]",0.3208886052908845,0.319940208988927,0.7554489620971163,0.6050387294332056,0.44387852348429935,0.23226984575866882,0.011813566792372082,1.0,0.30755064456721914,0.21296324559350718,0.9212539808202138,0.2777042083615803,0.17369002579453716,0.9686604213256463,0.7547731260559613,0.1012727678795987,0.7061981454367983,0.05563179840768815,0.01493416206275491,"HPC_like",0.7867751258324279,"topological","{np.int64(1): 152.0, np.int64(2): 158.0}","{np.int64(1): 'information', np.int64(2): 'topological'}","stepped",0.009231023214717289
119,187,"","",False,2,1,"[np.int64(1), np.int64(2)]",0.275995853887918,0.2711416508408999,0.7186781363054122,0.5127439269031343,0.38882443886725687,0.2160636196184304,0.005604997482538449,1.0,0.29411764705882354,0.20761245674740478,0.9437784039440191,0.2475974666692518,0.14904711708479496,0.9459390462008975,0.548346428946537,0.1552371336378341,0.5144836272040302,0.05875898561852038,0.014997462302513675,"HPC_like",0.7540267776830781,"quantum","{}","{np.int64(1): 'information', np.int64(2): 'topological'}","stepped",0.00675171941702943
120,177,"","",False,2,1,"[np.int64(1), np.int64(2)]",0.26838356577116734,0.2753479757766695,0.7022777652313075,0.5485485784224775,0.39488122178646556,0.2237416492448215,0.00813058646484141,1.0,0.3220338983050847,0.2183280666475151,0.9047972548512772,0.2818548840186642,0.1674701110296575,0.9339901068705097,0.3846556383231839,0.13804508519473077,0.5229639519359144,0.06683273869239328,0.015692912380668122,"HPC_like",0.7086283973785369,"quantum","{}","{np.int64(1): 'information', np.int64(2): 'topological'}","stepped",0.007865485607196581
121,194,123,52,False,2,1,"[np.int64(1), np.int64(2)]",0.3411231259200938,0.33805678104058196,0.7606918901741725,0.5822607870523347,0.42233360679752485,0.23728084147725576,0.013735618939249596,1.0,0.422680412371134,0.24402168136890212,0.9764112949808046,0.353971440073564,0.17550324964624084,0.9637981608527846,0.5819642849064857,0.15141852680587195,0.5189950980392157,0.06179839633447884,0.015291999800634183,"HPC_like",0.770596190065931,"topological","{np.int64(1): 24.0, np.int64(2): 52.0}","{np.int64(1): 'information', np.int64(2): 'topological'}","stepped",0.009747903168752193
122,174,73,84,False,2,1,"[np.int64(1), np.int64(2)]",0.2629949928701951,0.2547757802903156,0.7263279749401674,0.5287170068124909,0.5043063759203347,0.242732674831453,0.013250704580606617,1.0,0.27586206896551724,0.19976218787158145,0.9668827377388761,0.25698935962047953,0.1735606447489996,0.9031055926126008,0.42622193317442775,0.1455962183311008,0.4759358288770053,0.058785112791198,0.014406519874929443,"HPC_like",0.6995643185391534,"quantum","{np.int64(1): 61.0, np.int64(2): 84.0}","{np.int64(1): 'information', np.int64(2): 'topological'}","stepped",0.008227847537072121
123,226,"","",False,2,1,"[np.int64(1), np.int64(2)]",0.3025182699722875,0.29871313387752624,0.7452796231352059,0.5446644390120399,0.41617792422864464,0.2376320272091083,0.009994517613181157,1.0,0.3185840707964602,0.21708826063121622,0.9314093977045427,0.286884127162659,0.1761014409438258,0.9881145612657837,0.5949029361869432,0.16338067566583017,0.4401475237091676,0.04970378249866675,0.011318336587021293,"HPC_like",0.7607175632292549,"quantum","{}","{np.int64(1): 'information', np.int64(2): 'topological'}","stepped",0.008634392314686263
124,170,"","",False,2,1,"[np.int64(1), np.int64(2)]",0.3484479605951355,0.3419283395982185,0.7246040727797779,0.6053998742098186,0.3768886823035832,0.23822824257782124,0.009996705406130051,1.0,0.38823529411764707,0.23750865051903114,0.9326648108397702,0.3314299206963768,0.17478962276015228,0.9362163558449075,0.7213066743897922,0.10801982704180665,0.4789972899728996,0.0543867899463308,0.014329186804014186,"HPC_like",0.7913107930788991,"quantum","{}","{np.int64(1): 'information', np.int64(2): 'topological'}","stepped",0.007922575651580133
125,239,69,147,False,2,1,"[np.int64(1), np.int64(2)]",0.376339071293155,0.37298466686309734,0.7445593012591242,0.5750667940809224,0.42539524049391864,0.2532497761526982,0.013951785951315352,1.0,0.4309623430962343,0.24523380192923785,0.9860220172238925,0.3731019479855133,0.18746085704634838,0.9901522106588199,0.7409735755115352,0.08101719826666857,0.5129763130792998,0.06857126749454034,0.013112541098418667,"HPC_like",0.7845559540278825,"topological","{np.int64(1): 147.0, np.int64(2): 146.0}","{np.int64(1): 'information', np.int64(2): 'topological'}","stepped",0.009495228228350845
126,302,123,149,False,2,1,"[np.int64(1), np.int64(2)]",0.2984815334935335,0.2967863429103629,0.7391906252359761,0.5736917884316345,0.42128380550891886,0.22942682156973562,0.010629510493596433,1.0,0.28807947019867547,0.2050896890487259,0.9455882355071935,0.2604332260336885,0.1678725005713429,0.9482633718478825,0.6637129059061336,0.10581639346659927,0.554590570719603,0.05990038380286192,0.012653371756373698,"HPC_like",0.7668820880030048,"topological","{np.int64(1): 147.0, np.int64(2): 149.0}","{np.int64(1): 'information', np.int64(2): 'topological'}","stepped",0.008602378943985488
127,235,154,58,False,2,1,"[np.int64(1), np.int64(2)]",0.2893343385334883,0.28733264471079156,0.7596634277455949,0.5967660982865368,0.448133458328965,0.21988453846063047,0.010114043018408642,1.0,0.2680851063829787,0.1962154821186057,0.9303779685171997,0.23916813110465027,0.15641562710876447,0.9584440474403403,0.6748427021116895,0.13086595883021784,0.5289583333333334,0.07287668861870993,0.013726584889983262,"HPC_like",0.763078558884076,"quantum","{np.int64(1): 57.0, np.int64(2): 58.0}","{np.int64(1): 'information', np.int64(2): 'topological'}","stepped",0.007294543167063828
128,248,"","",False,2,1,"[np.int64(1), np.int64(2)]",0.3057826497584569,0.30239337889524653,0.745881731714981,0.5896054915152806,0.4051741856647909,0.2354852979854273,0.01065181030999352,1.0,0.31048387096774194,0.21408363683662857,0.9522409854498997,0.2792223777899694,0.17368040677585303,0.9696618107591018,0.6385091156058778,0.1415556914782838,0.5520710059171596,0.05895249722017712,0.014694258994388308,"HPC_like",0.7632053190895809,"quantum","{}","{np.int64(1): 'information', np.int64(2): 'topological'}","stepped",0.00860313865183202
129,190,149,22,False,2,1,"[np.int64(1), np.int64(2)]",0.33219134301295594,0.32869098454511747,0.7961154873675024,0.5785443521306792,0.5282379714845928,0.2566830151339771,0.01854921824941495,1.0,0.32105263157894737,0.21797783933518008,0.9693821748033015,0.29807983560379775,0.1884247363249728,0.9531819863176542,0.7263692591311873,0.07227248281959994,0.5104477611940299,0.0635192458758838,0.015613798373178686,"HPC_like",0.7658696940916422,"topological","{np.int64(1): 12.0, np.int64(2): 22.0}","{np.int64(1): 'information', np.int64(2): 'topological'}","stepped",0.009173127273946478
130,166,61,89,False,2,1,"[np.int64(1), np.int64(2)]",0.32737249828500553,0.3282922851483792,0.7069789126776014,0.6008903833243414,0.43853728548340865,0.24611100140730532,0.01326469310013357,1.0,0.3493975903614458,0.22731891421106112,0.9617310851235056,0.30850036961976535,0.1815070826564719,0.9715219734825952,0.6601865922505349,0.13553368376898325,0.4599179206566347,0.054617375109191915,0.01399485936772336,"HPC_like",0.7704911134206641,"quantum","{np.int64(1): 56.0, np.int64(2): 89.0}","{np.int64(1): 'information', np.int64(2): 'topological'}","stepped",0.007594217892389795
131,370,108,225,False,2,1,"[np.int64(1), np.int64(2)]",0.32279491762079254,0.31976534872471535,0.7811189393870185,0.6044587453125423,0.461213938924114,0.23905832648034767,0.013454100185542628,1.0,0.3,0.20999999999999996,0.9445255548766622,0.2773206871290005,0.17946801257429199,0.9668722532177725,0.7651560945063202,0.09217700493219592,0.6202470830473575,0.0583986807494014,0.014921092033217214,"HPC_like",0.7817010515671932,"topological","{np.int64(1): 198.0, np.int64(2): 225.0}","{np.int64(1): 'information', np.int64(2): 'topological'}","stepped",0.008798640364523014
132,254,204,25,False,2,1,"[np.int64(1), np.int64(2)]",0.3764339098718726,0.37044088221949084,0.7859514828515295,0.6770211062319713,0.5032945772616876,0.25991296087140175,0.017649453409242635,1.0,0.44881889763779526,0.24738049476098953,0.9731270603441138,0.38388994056585907,0.1900611974960949,0.9838221355094201,0.6866954675635172,0.15039440815156152,0.5992307692307691,0.06472988953303914,0.01726317862759364,"HPC_like",0.777665824655901,"quantum","{np.int64(1): 23.0, np.int64(2): 25.0}","{np.int64(1): 'information', np.int64(2): 'topological'}","stepped",0.009411143534853153
133,489,"","",False,2,1,"[np.int64(1), np.int64(2)]",0.2980309171042949,0.29929111777408296,0.7612009638462298,0.6327202213789969,0.41791335928196033,0.22829316249294554,0.010239717295698808,1.0,0.294478527607362,0.20776092438556207,0.9364165135271043,0.2645112323303215,0.1676926819639021,0.9784585646681683,0.6520832907080334,0.12384793219710227,0.6056763925729444,0.05208596382301499,0.012632195650317863,"HPC_like",0.7714811560060842,"topological","{}","{np.int64(1): 'information', np.int64(2): 'topological'}","stepped",0.008244664031971199
134,247,115,108,False,2,1,"[np.int64(1), np.int64(2)]",0.29780991409996055,0.30185805835427537,0.7702991315838169,0.6234814515378837,0.438042261022491,0.2303118214993596,0.00999892878414813,1.0,0.25101214574898784,0.1880050484354768,0.933701448616393,0.23257454030979133,0.16140428360272868,0.9811790868888143,0.7539949699378636,0.08697532125493938,0.5698412698412698,0.06349177660267886,0.016284693318928907,"HPC_like",0.7737902875431674,"topological","{np.int64(1): 107.0, np.int64(2): 108.0}","{np.int64(1): 'information', np.int64(2): 'topological'}","stepped",0.0073071584772229975
135,149,"","",False,2,1,"[np.int64(1), np.int64(2)]",0.29983426328553786,0.2929633339701843,0.7234191960708501,0.5395630337341433,0.416296355895577,0.22824387353804304,0.012258369372316558,1.0,0.3087248322147651,0.21341381018873026,0.9389744052205566,0.2736521641165503,0.16851602082046813,0.9354168506663629,0.6285677902569105,0.0905411100025055,0.3975975975975977,0.05164291808587113,0.011776392079294824,"HPC_like",0.7700529696915056,"topological","{}","{np.int64(1): 'information', np.int64(2): 'topological'}","stepped",0.009108500279955844
136,205,103,82,False,2,1,"[np.int64(1), np.int64(2)]",0.3396213465912456,0.3327279728233782,0.7667793400456399,0.5666055379624386,0.4946939786559758,0.23580663059697873,0.01906026098645547,1.0,0.4097560975609756,0.24185603807257583,0.9667688439882522,0.34559187981763134,0.18024295220046085,0.9537438320910507,0.6112059239104403,0.10363926075623232,0.4703661327231123,0.05641068471815809,0.013307152741277636,"HPC_like",0.7774734134712976,"topological","{np.int64(1): 81.0, np.int64(2): 82.0}","{np.int64(1): 'information', np.int64(2): 'topological'}","stepped",0.00940989487111578
137,225,126,77,False,2,1,"[np.int64(1), np.int64(2)]",0.2844901241988281,0.2814046762185062,0.6861730292856484,0.5813483791354451,0.387626978423437,0.22135438129045112,0.007624242849716345,1.0,0.3111111111111111,0.21432098765432095,0.8826207258124692,0.27101814955259695,0.16265528261086884,0.9316292447021136,0.5324069555900154,0.11529595272153796,0.5045258620689655,0.06241358784893266,0.013404748230880498,"HPC_like",0.7482733218390264,"topological","{np.int64(1): 67.0, np.int64(2): 77.0}","{np.int64(1): 'information', np.int64(2): 'topological'}","stepped",0.007908663512115248
138,178,"","",False,2,1,"[np.int64(1), np.int64(2)]",0.27614396408543507,0.28056422544614457,0.762759839416177,0.553359488903023,0.4515159490928984,0.224441258139116,0.013240997238912377,1.0,0.24719101123595505,0.18608761520010103,0.9486677145671337,0.23016024588120115,0.16138211591956364,0.9676779138956693,0.6358443818575573,0.06097724351595064,0.49348958333333315,0.056051273798376974,0.014695590516225468,"HPC_like",0.7589292651226928,"topological","{}","{np.int64(1): 'information', np.int64(2): 'topological'}","stepped",0.007735764846757728
139,251,"","",False,2,1,"[np.int64(1), np.int64(2)]",0.27893790550020214,0.2775793073697416,0.7112773683864201,0.5347867923864311,0.40748779748056796,0.2296403040605214,0.009679088311413415,1.0,0.32669322709163345,0.2199647624640879,0.9115596615019147,0.2882832020837593,0.17131684531839053,0.8778240276724395,0.4285460808858371,0.10463332431701097,0.584916748285994,0.06433954959509935,0.016762033469352802,"HPC_like",0.7198108227474171,"topological","{}","{np.int64(1): 'information', np.int64(2): 'topological'}","stepped",0.00881095182327675
140,298,100,169,False,2,1,"[np.int64(1), np.int64(2)]",0.29788406662333533,0.29468840189424417,0.7111405882904386,0.5486721011313294,0.44552975114141785,0.23667405767901722,0.011759628257397637,1.0,0.31543624161073824,0.21593621908923022,0.9314982904218203,0.2853647173008738,0.17687579890676444,0.9392526001958648,0.5592187673149908,0.12431332340081203,0.6033698399326032,0.07067030359522289,0.014655987271232455,"HPC_like",0.7399792512391575,"topological","{np.int64(1): 169.0, np.int64(2): 168.0}","{np.int64(1): 'information', np.int64(2): 'topological'}","stepped",0.009417050061958348
141,199,52,128,False,2,1,"[np.int64(1), np.int64(2)]",0.2967578967660717,0.2932979274941935,0.7171601641331723,0.5695698454823624,0.3679492437330605,0.23464458541747793,0.007730768612694238,1.0,0.3065326633165829,0.2125703896366253,0.9471297287943969,0.2760333580730614,0.17299238854192814,0.9514006770541418,0.5936026362035302,0.11376958124580902,0.4932223543400714,0.05484288266540786,0.013277207487592408,"HPC_like",0.7566560795854794,"quantum","{np.int64(1): 125.0, np.int64(2): 128.0}","{np.int64(1): 'information', np.int64(2): 'topological'}","stepped",0.0072575856145482565
142,209,"","",False,2,1,"[np.int64(1), np.int64(2)]",0.29944794087087856,0.2952154466438818,0.73970965558629,0.5284729133586765,0.4407263670579732,0.22603299778474012,0.012375167639730096,1.0,0.27751196172248804,0.20049907282342438,0.9402398175620866,0.2510244324770837,0.16423596302082033,0.9505408921878222,0.7081384288199158,0.12275262737860024,0.4349714285714287,0.058344002864303655,0.010614652027926426,"HPC_like",0.776085931200065,"topological","{}","{np.int64(1): 'information', np.int64(2): 'topological'}","stepped",0.009264850167039308
143,184,87,79,False,2,1,"[np.int64(1), np.int64(2)]",0.3762195212058318,0.37937924079473107,0.7438064221572256,0.6197814315375627,0.41342557727663165,0.23873212839209224,0.012304064993231426,1.0,0.44021739130434784,0.24642603969754254,0.9463783984196217,0.36229621357938135,0.17346755832800434,0.9728585628227054,0.7779584830267087,0.06984789626579611,0.5011349306431273,0.053925196922345896,0.014975425709033922,"HPC_like",0.8062940863471176,"topological","{np.int64(1): 74.0, np.int64(2): 79.0}","{np.int64(1): 'information', np.int64(2): 'topological'}","variable",0.010038595978963992
144,297,"","",False,2,1,"[np.int64(1), np.int64(2)]",0.2683827543369773,0.2662104752261413,0.7050876230899544,0.5210793680939265,0.2973114435668645,0.2135812081323867,0.003610663674115517,1.0,0.32996632996632996,0.22108855105488098,0.9079597206726917,0.2680742443658214,0.14720659364125532,0.92573434191157,0.4177448382201363,0.13985867278559547,0.5268844221105528,0.055402347994940544,0.012936781316225273,"HPC_like",0.7354333117948707,"quantum","{}","{np.int64(1): 'information', np.int64(2): 'topological'}","stepped",0.006089127272698326
145,228,"","",False,2,1,"[np.int64(1), np.int64(2)]",0.3012193072737948,0.29705513369759057,0.769785592753731,0.5546500126162437,0.455784239949672,0.22403737531517146,0.011727527412458638,1.0,0.25,0.1875,0.9259842505837735,0.2286693339636492,0.156877131050553,0.983086016366459,0.7940212456375549,0.07876460336547034,0.5091782283884738,0.0667104104088039,0.013633692517361297,"HPC_like",0.7821737102879903,"topological","{}","{np.int64(1): 'information', np.int64(2): 'topological'}","stepped",0.007771420101495673
146,303,248,25,False,2,1,"[np.int64(1), np.int64(2)]",0.3094372259710663,0.3119158396013007,0.7913533637803056,0.5808604440662822,0.4790668943355545,0.24170508825282289,0.014297214700547496,1.0,0.2871287128712871,0.2046858151161651,0.9431377513366411,0.26806877497306764,0.17842530119859243,0.9919681179506248,0.7015396096339376,0.1260080911281039,0.6092409240924092,0.06298824837693574,0.016216563111193977,"HPC_like",0.7644175281695443,"quantum","{np.int64(1): 18.0, np.int64(2): 25.0}","{np.int64(1): 'information', np.int64(2): 'topological'}","stepped",0.007968221921133568
147,234,"","",False,2,1,"[np.int64(1), np.int64(2)]",0.2986653079463015,0.2953856433374084,0.7460815167638712,0.5324415361715855,0.43128964122349467,0.22672736473108843,0.011418338760005812,1.0,0.2905982905982906,0.20615092409964206,0.903606081607849,0.2589242242598959,0.16367125934531024,0.9606720300094334,0.6722710507365562,0.1043008912667393,0.4574974146845916,0.05372023414939655,0.011793763123246518,"HPC_like",0.7744359544945041,"topological","{}","{np.int64(1): 'information', np.int64(2): 'topological'}","stepped",0.008180646670666711
148,193,48,126,False,2,1,"[np.int64(1), np.int64(2)]",0.2953744752702871,0.2993720158914742,0.7360257376837103,0.5871972010068741,0.47221255982430643,0.23444592231978365,0.013939783671417473,1.0,0.31088082901554404,0.21423393916615208,0.9424553186180563,0.27906944925171423,0.1731987514297593,0.9263128091809043,0.5638318568309083,0.12284889623706924,0.528640776699029,0.06931822945486857,0.015430872851199717,"HPC_like",0.7422400321521497,"topological","{np.int64(1): 124.0, np.int64(2): 126.0}","{np.int64(1): 'information', np.int64(2): 'topological'}","stepped",0.008916830011731193
149,261,"","",False,2,1,"[np.int64(1), np.int64(2)]",0.29050026868035184,0.29387770290618354,0.7106532964668435,0.5761199925855872,0.4029220432563997,0.2297837226808658,0.007850585512334167,1.0,0.3371647509578544,0.22348468166938246,0.9359933140812399,0.2962522861467919,0.17335973000160387,0.9352524015970696,0.4828433698785488,0.12754588478593382,0.5518072289156625,0.05597001425487781,0.014656230193179777,"HPC_like",0.7415775061083486,"quantum","{}","{np.int64(1): 'information', np.int64(2): 'topological'}","stepped",0.007850613660503205
150,149,"","",False,2,1,"[np.int64(1), np.int64(2)]",0.27915387499984623,0.2840533836965179,0.7422651335402649,0.5220160437328091,0.48967593407305837,0.23631515993270394,0.012801902953842762,1.0,0.3087248322147651,0.21341381018873026,0.9675557751301882,0.2678947143393258,0.1634668668383073,0.9613484241986265,0.4742576497926859,0.12862176162618963,0.4834597875569044,0.06360528629575692,0.015392530196285115,"HPC_like",0.7230403220748122,"quantum","{}","{np.int64(1): 'information', np.int64(2): 'topological'}","stepped",0.008850547218450721
151,351,275,41,False,2,1,"[np.int64(1), np.int64(2)]",0.32241180560928706,0.3231346936593464,0.7465449120993184,0.6562667752580215,0.5027542674543817,0.25134301763872074,0.017655377519924274,1.0,0.3162393162393162,0.21623201110380602,0.9600438885752435,0.29087082189599245,0.18484187233255567,0.9588204230305958,0.6861367492411474,0.10334410355126629,0.605263157894737,0.06854394492471168,0.013621524527146265,"HPC_like",0.7580761499195356,"topological","{np.int64(1): 30.0, np.int64(2): 41.0}","{np.int64(1): 'information', np.int64(2): 'topological'}","stepped",0.009108674201102517
152,262,"","",False,2,1,"[np.int64(1), np.int64(2)]",0.28849902732144905,0.28604388372021555,0.747687393755919,0.5114265114485049,0.47776534221431066,0.23914790163774785,0.014216150171416581,1.0,0.2595419847328244,0.1921799428937708,0.9543545017755223,0.24385877039407308,0.16968618716310005,0.9610112463520978,0.651502940064629,0.06323972354888302,0.509478672985782,0.05371965558409607,0.011862946307857216,"HPC_like",0.7567368379380673,"topological","{}","{np.int64(1): 'information', np.int64(2): 'topological'}","stepped",0.008494182624270322
153,168,81,71,False,2,1,"[np.int64(1), np.int64(2)]",0.3273797446615168,0.3216398711029668,0.7309863732055358,0.5988322038623457,0.44181043219662997,0.2444383420007895,0.011823400016738927,1.0,0.3333333333333333,0.22222222222222227,0.9537268238978492,0.3041821784935223,0.18579520579265546,0.9445295225425416,0.7012631644751887,0.12717595026363,0.40800000000000003,0.04688998357963872,0.01015549584044478,"HPC_like",0.7802829237061737,"quantum","{np.int64(1): 39.0, np.int64(2): 71.0}","{np.int64(1): 'information', np.int64(2): 'topological'}","stepped",0.008929218483186193
154,203,"","",False,2,1,"[np.int64(1), np.int64(2)]",0.26104471403747315,0.2639115459799923,0.7307584501737123,0.5238792884360367,0.4155421332173682,0.21909658951529426,0.00908920030231156,1.0,0.2955665024630542,0.20820694508481152,0.9074946239507456,0.25909039567015946,0.16017319469076854,0.9454790733030252,0.42507425216666617,0.1376830478827187,0.5050691244239631,0.05844894608089541,0.01409579501750897,"HPC_like",0.7219501626962084,"quantum","{}","{np.int64(1): 'information', np.int64(2): 'topological'}","stepped",0.00726037643326478
155,295,"","",False,2,1,"[np.int64(1), np.int64(2)]",0.3226939858580681,0.3196831354976092,0.7708239407100322,0.5837889359836774,0.4470590370717101,0.23814033534294501,0.012476294427191914,1.0,0.31864406779661014,0.21711002585463948,0.9366285906804518,0.2890827408502758,0.17872176752855817,0.9724345165758884,0.7178647644927455,0.1388402514379669,0.5938435940099833,0.06094605462065066,0.01551633871488816,"HPC_like",0.7760650944385072,"quantum","{}","{np.int64(1): 'information', np.int64(2): 'topological'}","stepped",0.008623337814290612
156,139,"","",False,2,1,"[np.int64(1), np.int64(2)]",0.3152997142189625,0.30751718698259206,0.7258349011301268,0.5841520155119452,0.4194988911468224,0.22936873035156952,0.011665677920323376,1.0,0.2949640287769784,0.20796025050463227,0.9368934674566384,0.2622668549284014,0.16506666384454033,0.9350210487905114,0.7612361973743147,0.0901780313874439,0.4291262135922331,0.061092873274196206,0.013449730053891426,"HPC_like",0.7843099156721091,"topological","{}","{np.int64(1): 'information', np.int64(2): 'topological'}","stepped",0.007180541768496363
157,298,"","",False,2,1,"[np.int64(1), np.int64(2)]",0.31834487776089515,0.3149714511629166,0.7684053368829994,0.5378471078525067,0.46549388105563555,0.23172615596136117,0.014297311241405741,1.0,0.3087248322147651,0.21341381018873026,0.9462584726147095,0.2786256094119907,0.17512972573096044,0.9681521499089483,0.7353743365792632,0.10081411201498915,0.49794238683127573,0.056145505495078796,0.012188760892740461,"HPC_like",0.78387540108344,"topological","{}","{np.int64(1): 'information', np.int64(2): 'topological'}","stepped",0.009013592213486797
158,399,212,148,False,2,1,"[np.int64(1), np.int64(2)]",0.2924992837905185,0.29174947774610044,0.7277822313698422,0.6223066702916231,0.41798881551411315,0.22838364977405237,0.009495869945751925,1.0,0.3157894736842105,0.21606648199445985,0.9150866735821256,0.2799891312975119,0.17004117026585036,0.9517744535598692,0.5545087668953873,0.13126576827512504,0.5927083333333334,0.05862679143439639,0.01299745589820808,"HPC_like",0.7520018248156435,"quantum","{np.int64(1): 143.0, np.int64(2): 148.0}","{np.int64(1): 'information', np.int64(2): 'topological'}","stepped",0.007888792608583049
159,288,"","",False,2,1,"[np.int64(1), np.int64(2)]",0.2975417199942218,0.29315888547309726,0.7294249738906902,0.6020996106764883,0.43405528174433833,0.2330216632696161,0.01221549239428187,1.0,0.3263888888888889,0.21985918209876543,0.9286169310388043,0.29311838488695385,0.17736292310324775,0.9713227223901375,0.5421140964798682,0.13599029450100686,0.5133276010318143,0.06097207341743744,0.011011463856364121,"HPC_like",0.7471014488822455,"topological","{}","{np.int64(1): 'information', np.int64(2): 'topological'}","stepped",0.008157942920105184
160,187,"","",False,2,1,"[np.int64(1), np.int64(2)]",0.3017587767007493,0.3050365018009547,0.7331934184149059,0.6006709467849994,0.4619049264130006,0.23622082673777947,0.01420737218115245,1.0,0.31016042780748665,0.21396093682976353,0.9183817366244083,0.2813207507302597,0.17604871976477424,0.9483800531826857,0.6050802597713018,0.12726560586550756,0.49302030456852797,0.06326232615796659,0.013709804657892542,"HPC_like",0.7534557708369729,"quantum","{}","{np.int64(1): 'information', np.int64(2): 'topological'}","stepped",0.008629774368810976
161,303,"","",False,2,1,"[np.int64(1), np.int64(2)]",0.3110970812013349,0.3120169394734603,0.7688177433082292,0.6185646086530233,0.44340719926501504,0.2267253332890495,0.010940873165375384,1.0,0.30033003300330036,0.21013190427953687,0.920108630660513,0.2690893061270308,0.1687826579543754,0.9867643504632782,0.7198684313795018,0.08060730794673762,0.5465573770491804,0.0619884703146349,0.014344762466986407,"HPC_like",0.7794246332125713,"topological","{}","{np.int64(1): 'information', np.int64(2): 'topological'}","stepped",0.008146886945419436
162,313,199,83,False,2,1,"[np.int64(1), np.int64(2)]",0.38891102891104823,0.38509778941189493,0.8142955562311761,0.6427559967944854,0.5693137913734015,0.2670128985429933,0.02040898673706926,1.0,0.43450479233226835,0.24571037777256072,0.9902305805504804,0.3608525689285384,0.18400915768976464,0.9903128527424798,0.8113796593977469,0.09036703950076819,0.5881369426751591,0.06303498569713392,0.01537470741630492,"HPC_like",0.7905697619708082,"topological","{np.int64(1): 51.0, np.int64(2): 83.0}","{np.int64(1): 'information', np.int64(2): 'topological'}","stepped",0.009553750128238734
163,285,201,56,False,2,1,"[np.int64(1), np.int64(2)]",0.3000352210479625,0.2974194160472755,0.7888958375351652,0.5564464287702582,0.5203426542721116,0.24120542006475343,0.01581677831849091,1.0,0.2912280701754386,0.2064142813173284,0.970674406297096,0.2662778011413661,0.1732950105391061,0.9046003494936254,0.6346527628573346,0.10016981483430396,0.5580901856763927,0.06413102827803377,0.01397536751698386,"HPC_like",0.7520044163109421,"topological","{np.int64(1): 30.0, np.int64(2): 56.0}","{np.int64(1): 'information', np.int64(2): 'topological'}","stepped",0.008521000613294626
164,380,"","",False,2,1,"[np.int64(1), np.int64(2)]",0.3026793371954405,0.3045204576958587,0.7577207664369316,0.569134050259853,0.40606156755400624,0.2232823496939083,0.009348913797931574,1.0,0.29736842105263156,0.20894044321329644,0.9177198682197687,0.2620861324865365,0.16235147459233693,0.9712114177584442,0.6845304637065334,0.10876960355770572,0.6513422818791945,0.06255730970822808,0.01597214735928934,"HPC_like",0.774527909781871,"topological","{}","{np.int64(1): 'information', np.int64(2): 'topological'}","stepped",0.008053569977774558
165,255,"","",False,2,1,"[np.int64(1), np.int64(2)]",0.3286280551355569,0.3246446748493971,0.7524803987975716,0.6431362937797033,0.4309962930612703,0.23642111285282127,0.01100674038484657,1.0,0.3215686274509804,0.218162245290273,0.9212956602352145,0.29017637801905005,0.177733152490388,0.9409384271526645,0.7524635635976745,0.061913088725788185,0.6088461538461538,0.06404754273504272,0.017961779071392722,"HPC_like",0.7813979843496439,"topological","{}","{np.int64(1): 'information', np.int64(2): 'topological'}","stepped",0.008935802334630628
166,269,119,124,False,2,1,"[np.int64(1), np.int64(2)]",0.2992951434109663,0.29982907772687817,0.7204799429196178,0.585518254340091,0.43098164267340733,0.22499873779279703,0.010702573417122628,1.0,0.29739776951672864,0.20895233620320336,0.911592805723362,0.264005812440107,0.16480189091649186,0.9473070160607123,0.6581511353038043,0.13140635108510682,0.5824336688014637,0.05922246910353044,0.015192488175168438,"HPC_like",0.7707468471693257,"topological","{np.int64(1): 83.0, np.int64(2): 124.0}","{np.int64(1): 'information', np.int64(2): 'topological'}","stepped",0.008317409549343829
167,263,"","",False,2,1,"[np.int64(1), np.int64(2)]",0.28093394387512255,0.27804259644825086,0.7367175749650937,0.4943428372606804,0.40287692935790453,0.2204604956323334,0.007829691591250739,1.0,0.2889733840304182,0.2054677673524266,0.9034148651921001,0.2554998246798105,0.1606920233328683,0.936090140694116,0.5684896925004764,0.10748817453209766,0.5519105312208761,0.06179030366784395,0.01502371811822397,"HPC_like",0.7523494227054471,"topological","{}","{np.int64(1): 'information', np.int64(2): 'topological'}","stepped",0.008461470010003556
168,196,125,52,False,2,1,"[np.int64(1), np.int64(2)]",0.2860240896665032,0.28069811641365516,0.7240328575648788,0.6182218986905015,0.49530933699561475,0.24833986593328006,0.01573126774499777,1.0,0.3010204081632653,0.21040712203248654,0.9554180732674845,0.2773872364837654,0.1801511478983822,0.9636426755847941,0.49996961403361195,0.10596638988338139,0.5111111111111112,0.05794138443908036,0.01533729324655097,"HPC_like",0.7233909539965884,"quantum","{np.int64(1): 34.0, np.int64(2): 52.0}","{np.int64(1): 'information', np.int64(2): 'topological'}","stepped",0.007611034248366407
169,227,"","",False,2,1,"[np.int64(1), np.int64(2)]",0.292753416600589,0.2949043419354015,0.7941015038196072,0.6208356807000198,0.5731794667828527,0.24316763503753352,0.018917276671254615,1.0,0.3656387665198238,0.23194705893768558,0.9945606562269297,0.30434316979024134,0.17266696190347622,0.9944482579214623,0.40459538849865734,0.11867608598715493,0.5039572192513369,0.06835492226526173,0.01200924546748276,"HPC_like",0.7120216091524704,"quantum","{}","{np.int64(1): 'information', np.int64(2): 'topological'}","stepped",0.0089433867759247
170,161,"","",False,2,1,"[np.int64(1), np.int64(2)]",0.29344715612730926,0.2984758120064797,0.6970461324592641,0.5732463944325799,0.35072340145566683,0.211078529449958,0.005705569945749101,1.0,0.3416149068322981,0.2249141622622584,0.8496632827866326,0.28566111501622854,0.15729224763931052,0.9532425917118682,0.5445690484215915,0.11920934871969283,0.44950495049504946,0.05902290317762919,0.01367299643492373,"HPC_like",0.7664059102896201,"topological","{}","{np.int64(1): 'information', np.int64(2): 'topological'}","stepped",0.006816525736412637
171,399,"","",False,2,1,"[np.int64(1), np.int64(2)]",0.290714997760603,0.28878182304971256,0.7669398874764012,0.567363761741363,0.4287322974809348,0.2250369026004798,0.010638992014375301,1.0,0.2932330827067669,0.20724744191305333,0.9207840808269966,0.26286597667750383,0.16656424402970565,0.9624297800062768,0.6084488765551078,0.13868573196988465,0.670890188434048,0.06055129485000459,0.01625070179121271,"HPC_like",0.7594581184106407,"quantum","{}","{np.int64(1): 'information', np.int64(2): 'topological'}","stepped",0.0082213108540484
172,273,"","",False,2,1,"[np.int64(1), np.int64(2)]",0.30474931893674506,0.3073225995110349,0.7698152292645425,0.5413749366414629,0.4444905181494706,0.22668018382632787,0.009759573591477822,1.0,0.28205128205128205,0.20249835634451016,0.9294581613660409,0.2543866241308445,0.16484438404764185,0.97146902983249,0.7297672525427797,0.1093999353387718,0.5647058823529413,0.05890030568440395,0.014630681226651954,"HPC_like",0.7798822997359793,"topological","{}","{np.int64(1): 'information', np.int64(2): 'topological'}","stepped",0.00876208970877089
173,457,207,205,False,2,1,"[np.int64(1), np.int64(2)]",0.32149283827777797,0.3233572620136821,0.7555672515945648,0.5652394372730196,0.4015785893236155,0.2189210476306608,0.008399618220992933,1.0,0.2910284463894967,0.20633088978161251,0.9012055103426844,0.25497801190771147,0.15840785758689016,0.96403667324548,0.8415556600832558,0.04199346244139944,0.715502555366269,0.05830460997174881,0.017010140642404175,"HPC_like",0.8033595278833451,"topological","{np.int64(1): 183.0, np.int64(2): 205.0}","{np.int64(1): 'information', np.int64(2): 'topological'}","stepped",0.007658176905549682
174,370,306,27,False,2,1,"[np.int64(1), np.int64(2)]",0.31379901067780247,0.31590425909113795,0.7370928324973756,0.5662005761915406,0.3998349498608011,0.23218985425790983,0.009887402814567613,1.0,0.3,0.20999999999999996,0.9572102283593362,0.27175462821822116,0.17266414783135678,0.9760957940587539,0.7255533100658316,0.10289839241871293,0.6468085106382978,0.05958132246910558,0.015405544363873041,"HPC_like",0.7785122954501814,"topological","{np.int64(1): 23.0, np.int64(2): 27.0}","{np.int64(1): 'information', np.int64(2): 'topological'}","stepped",0.008068529218609009
175,156,"","",False,2,1,"[np.int64(1), np.int64(2)]",0.2881396521159751,0.2834960665515115,0.7189772799613591,0.5285877680632862,0.3911756034395223,0.21311383779893725,0.007050156619050592,1.0,0.3525641025641026,0.22826265614727148,0.8916008912218977,0.29169629550615295,0.15719223282942188,0.9461876163164972,0.4879808395862017,0.10019975860268773,0.3206946454413892,0.04528090096107457,0.007583646669393032,"HPC_like",0.7648690430889087,"topological","{}","{np.int64(1): 'information', np.int64(2): 'topological'}","stepped",0.0071873526515321634
176,180,78,84,False,2,1,"[np.int64(1), np.int64(2)]",0.34437311306860013,0.35044077794000394,0.729466020882219,0.5694033237650471,0.48925577374075135,0.23969559777575308,0.019757817146680193,1.0,0.39444444444444443,0.23885802469135808,0.9758395990709369,0.3426819697318306,0.18436233775790634,0.9408127756133696,0.660961298401789,0.066987577206572,0.47657894736842105,0.061727339181286485,0.01393520005781694,"HPC_like",0.7778474604467065,"topological","{np.int64(1): 82.0, np.int64(2): 84.0}","{np.int64(1): 'information', np.int64(2): 'topological'}","variable",0.010858880666973221
177,242,131,87,False,2,1,"[np.int64(1), np.int64(2)]",0.29962579819883944,0.3018997848838002,0.7135975268768795,0.5885724369068812,0.4610570462192013,0.2385982871000068,0.014346774170076952,1.0,0.2975206611570248,0.20900211734171167,0.9447173548124886,0.27394011696692117,0.1772346157393815,0.9652571915019688,0.6187466068099615,0.155747159676455,0.5665322580645161,0.06066132364702751,0.015549632652528109,"HPC_like",0.7538025559223839,"topological","{np.int64(1): 86.0, np.int64(2): 87.0}","{np.int64(1): 'information', np.int64(2): 'topological'}","stepped",0.008492404334420582
178,170,"","",False,2,1,"[np.int64(1), np.int64(2)]",0.21855826168129505,0.21639358291385027,0.6840021426598506,0.46882420300022676,0.3654032000422429,0.2124879439808212,0.005249040473121452,1.0,0.17647058823529413,0.14532871972318337,0.9044302148606801,0.1544333920550087,0.11183005022935098,0.9445863231836817,0.48343333121514587,0.10840664092575471,0.5094910591471801,0.07292553334951583,0.015119991636104496,"HPC_like",0.6980765631709562,"quantum","{}","{np.int64(1): 'topological', np.int64(2): 'topological'}","stepped",0.005171891091218507
179,435,207,185,False,2,1,"[np.int64(1), np.int64(2)]",0.29321036586524857,0.2951049351296969,0.7330546705968195,0.565670321648883,0.4361440842465746,0.23403208779458137,0.01094647718095646,1.0,0.3310344827586207,0.22145065398335317,0.929861933335637,0.29587304749787824,0.17720245260312856,0.9358501133327052,0.4905863892414373,0.11476914630117716,0.6918886915334516,0.07479550951427798,0.013955121793396688,"HPC_like",0.7268096638693698,"quantum","{np.int64(1): 176.0, np.int64(2): 185.0}","{np.int64(1): 'information', np.int64(2): 'topological'}","stepped",0.009289728624175366
180,344,257,53,False,2,1,"[np.int64(1), np.int64(2)]",0.3077481060636366,0.3049968155136339,0.7472807876038372,0.622064875246854,0.4652952182608281,0.2364457253842141,0.013385395063045901,1.0,0.2877906976744186,0.20496721200648996,0.9538993034859378,0.26603609147124413,0.17521454663301406,0.9664560379312677,0.7072207069615524,0.13432091240043526,0.568685376661743,0.05576389691286121,0.012772166006045249,"HPC_like",0.7729918823705835,"quantum","{np.int64(1): 44.0, np.int64(2): 53.0}","{np.int64(1): 'information', np.int64(2): 'topological'}","stepped",0.008716956966099941
181,134,43,78,False,2,1,"[np.int64(1), np.int64(2)]",0.3039325388913733,0.29783319974465866,0.7048962570253088,0.5547521099003376,0.43695134886117015,0.2342376815982753,0.013632832026631528,1.0,0.2835820895522388,0.20316328803742478,0.961078561758092,0.25759824530500997,0.16868053939991856,0.960897074204995,0.7054845102616151,0.08924341824699945,0.34295302013422835,0.05423386423586773,0.00824841333687528,"HPC_like",0.7741973131551202,"topological","{np.int64(1): 72.0, np.int64(2): 78.0}","{np.int64(1): 'information', np.int64(2): 'topological'}","stepped",0.007622713948048206
182,205,97,88,False,2,1,"[np.int64(1), np.int64(2)]",0.302366865441524,0.2973170786352568,0.7672508225053367,0.5811069065088805,0.488531467670856,0.2461597107616712,0.012668320723750829,1.0,0.2682926829268293,0.19631171921475313,0.9722601874256649,0.25121962594641767,0.17248129116116367,0.9601143730170885,0.7060454262400928,0.08962969536487293,0.46468531468531477,0.05295042356017966,0.012234962207592502,"HPC_like",0.7651179497469008,"quantum","{np.int64(1): 83.0, np.int64(2): 88.0}","{np.int64(1): 'information', np.int64(2): 'topological'}","stepped",0.008208010377191838
183,190,67,104,False,2,1,"[np.int64(1), np.int64(2)]",0.33189383110611204,0.3353048255294242,0.7746054351873355,0.5857520279092548,0.49852804846288334,0.24854404069539765,0.01513988244684417,1.0,0.34210526315789475,0.22506925207756237,0.9555422062025228,0.3123092469408252,0.1880186678970792,0.9178796122008088,0.688385595582421,0.11257765677569653,0.47846534653465367,0.06084614382490887,0.014251968898987699,"HPC_like",0.7690913039806873,"quantum","{np.int64(1): 103.0, np.int64(2): 104.0}","{np.int64(1): 'information', np.int64(2): 'topological'}","stepped",0.009014276676985981
184,379,141,201,False,2,1,"[np.int64(1), np.int64(2)]",0.3293510268414671,0.32733923062446935,0.7729719670912274,0.6069666413127586,0.43065123964304874,0.2271024463393987,0.009260717186258717,1.0,0.32189973614775724,0.21828029601576152,0.9326276927291127,0.28190329002022707,0.1680773086398303,0.9620464626306415,0.7846759264929357,0.06398765869234446,0.6376949152542372,0.06663311924722412,0.014503813311761609,"HPC_like",0.7902355136018805,"topological","{np.int64(1): 182.0, np.int64(2): 201.0}","{np.int64(1): 'information', np.int64(2): 'topological'}","stepped",0.008919277412906778
185,259,155,79,False,2,1,"[np.int64(1), np.int64(2)]",0.323745686076825,0.326753213265071,0.7369055257610663,0.5852226493823314,0.3810801858137266,0.2239741379706682,0.008344643315482141,1.0,0.3204633204633205,0.21776658070094368,0.933266705149262,0.2811985797465011,0.16819689875457822,0.9914067771258555,0.7548236774008855,0.09717484953787499,0.5630252100840336,0.06974347010361417,0.01493845164216552,"HPC_like",0.7854517020613445,"topological","{np.int64(1): 79.0, np.int64(2): 77.0}","{np.int64(1): 'information', np.int64(2): 'topological'}","stepped",0.008208655154627058
186,163,119,28,False,2,1,"[np.int64(1), np.int64(2)]",0.3066846464301854,0.30002685273262264,0.7938022475371526,0.5894871685974401,0.5516481983469905,0.25660458487583854,0.016371086127540714,1.0,0.3006134969325153,0.2102450223945199,0.9879224651239117,0.28081400469809953,0.18400294630666347,0.940157235467884,0.6155581834522476,0.10673579761605903,0.5099861303744799,0.06053368276847937,0.016791411480401395,"HPC_like",0.7428559883497834,"quantum","{np.int64(1): 26.0, np.int64(2): 28.0}","{np.int64(1): 'information', np.int64(2): 'topological'}","stepped",0.008789243835423345
187,273,156,90,False,2,1,"[np.int64(1), np.int64(2)]",0.34847038884525033,0.34250533854244286,0.7605352885121809,0.5983771729138583,0.4020326557171623,0.23945307332455024,0.011730792983511661,1.0,0.46886446886446886,0.2490305787009083,0.9756785306242393,0.38516874324446065,0.17334242533280986,0.9921278860811321,0.5088486400844433,0.17843886360867828,0.5564010743061771,0.0605730497020943,0.01532534594355946,"HPC_like",0.7651898638482253,"quantum","{np.int64(1): 89.0, np.int64(2): 90.0}","{np.int64(1): 'information', np.int64(2): 'topological'}","stepped",0.009634463655056337
188,254,"","",False,2,1,"[np.int64(1), np.int64(2)]",0.2997114035462837,0.3028967188329464,0.7473201902048436,0.536826076580126,0.5085522758365073,0.23681787215896688,0.013624344145087158,1.0,0.2559055118110236,0.1904178808357616,0.9744484220232685,0.23627016940057083,0.1629321316863233,0.9600993435594325,0.7404861839767645,0.07004145761001503,0.6382066276803118,0.06362702469208892,0.018967849741800255,"HPC_like",0.7683247846672023,"topological","{}","{np.int64(1): 'information', np.int64(2): 'topological'}","stepped",0.008552782668213353
189,239,147,69,False,2,1,"[np.int64(1), np.int64(2)]",0.3031663985007115,0.30146437548471144,0.7671799461968297,0.6272688224696275,0.4939908443665544,0.2395032978803265,0.016002481893386,1.0,0.27615062761506276,0.19989145848286968,0.9584305232407605,0.2583260632082615,0.17507541090093265,0.9661979278170143,0.703272278533242,0.06634701614683954,0.49383215369059663,0.051216978112092186,0.01246881041279338,"HPC_like",0.7711122020885606,"topological","{np.int64(1): 69.0, np.int64(2): 68.0}","{np.int64(1): 'information', np.int64(2): 'topological'}","stepped",0.008053859819209305
190,381,"","",False,2,1,"[np.int64(1), np.int64(2)]",0.30854661728628974,0.3072355685598562,0.7916986059423452,0.6358354294979001,0.46024085323476727,0.22840786608427444,0.013743557123325919,1.0,0.29658792650918636,0.20862352835816783,0.9242350616830572,0.2682689023695617,0.17093894557483655,0.9802121034326009,0.7038079352220605,0.09938241696177852,0.7324649298597193,0.066523050764894,0.019843265518187173,"HPC_like",0.7723115728585558,"topological","{}","{np.int64(1): 'information', np.int64(2): 'topological'}","stepped",0.008594385121711373
191,297,224,44,False,2,1,"[np.int64(1), np.int64(2)]",0.3043924054627365,0.3014849443524874,0.7891404069665899,0.5225687582893934,0.47159200980337057,0.24138829475520485,0.013244764136298008,1.0,0.27946127946127947,0.20136267274314415,0.9549286018642231,0.26166592669481514,0.17660733259048364,0.9641262940140708,0.6900225233013408,0.11797454768399114,0.6372582001682084,0.06274033336691029,0.017543097678263918,"HPC_like",0.7612078676785156,"topological","{np.int64(1): 33.0, np.int64(2): 44.0}","{np.int64(1): 'information', np.int64(2): 'topological'}","stepped",0.008694899066817247
192,190,146,25,False,2,1,"[np.int64(1), np.int64(2)]",0.3008682222907408,0.2975356012192113,0.7243641626012421,0.5431686262476023,0.39387519280384,0.2200188674244913,0.008915806253426688,1.0,0.3526315789473684,0.22828254847645424,0.8959591199258099,0.30547879681557244,0.17154243281203368,0.9422780063162914,0.5387477577178973,0.09828402252478276,0.41198044009779966,0.04796744305752162,0.010460403182953512,"HPC_like",0.768850913306413,"topological","{np.int64(1): 20.0, np.int64(2): 25.0}","{np.int64(1): 'information', np.int64(2): 'topological'}","stepped",0.007852082411187112
193,197,"","",False,2,1,"[np.int64(1), np.int64(2)]",0.30685379799684426,0.30992379180786594,0.7174158694043807,0.5630343243917598,0.4573833300723389,0.23239937067851044,0.011655484745939458,1.0,0.2893401015228426,0.20562240717359379,0.9537314393486159,0.26467501478230543,0.1724317430836027,0.9465109298767694,0.7070336861491887,0.07774557321759565,0.5237187127532775,0.05808905533741115,0.01584679445842853,"HPC_like",0.7742661001884378,"topological","{}","{np.int64(1): 'information', np.int64(2): 'topological'}","stepped",0.007738991560200264
194,145,111,20,False,2,1,"[np.int64(1), np.int64(2)]",0.32865659824219473,0.32088770777687065,0.7128087970956655,0.5760205391752165,0.3652223126172835,0.22536920585094936,0.008491779382414183,1.0,0.4206896551724138,0.2437098692033294,0.9563934936385713,0.334749065275976,0.1595386146462135,0.9573738949130001,0.5552904723182821,0.1576231110899583,0.43079315707620514,0.0563003879086895,0.013077750838293604,"HPC_like",0.776034941207948,"quantum","{np.int64(1): 15.0, np.int64(2): 20.0}","{np.int64(1): 'information', np.int64(2): 'topological'}","stepped",0.008668723705286093
195,159,"","",False,2,1,"[np.int64(1), np.int64(2)]",0.28282875285976383,0.27947346704776155,0.7065742749826485,0.5076648679127893,0.38356242630204035,0.21441981218886158,0.008661425801761753,1.0,0.2830188679245283,0.20291918832324674,0.9011477423199667,0.2442129654502249,0.15134519434920268,0.9460282884537091,0.6230562276160696,0.13335059318253054,0.43000000000000005,0.054470649895178185,0.012468264699617572,"HPC_like",0.7711503453534071,"topological","{}","{np.int64(1): 'information', np.int64(2): 'topological'}","stepped",0.00810962548942176
196,174,"","",False,2,1,"[np.int64(1), np.int64(2)]",0.285419240196507,0.2821489279423735,0.7182519373810513,0.5518957521721465,0.4000171146008522,0.22260703628039138,0.009270002478998948,1.0,0.3103448275862069,0.21403091557669449,0.912560926342431,0.2722624426296787,0.16486986696999517,0.9309547175402031,0.5389573568685531,0.15807456133528622,0.46380697050938363,0.05754830359619127,0.013296007025954848,"HPC_like",0.7519558426577935,"quantum","{}","{np.int64(1): 'information', np.int64(2): 'topological'}","stepped",0.007579995089292122
197,170,43,110,False,2,1,"[np.int64(1), np.int64(2)]",0.3007150392438634,0.2963383093885149,0.7009767098090084,0.58423215722116,0.42627357146194345,0.2330528936318088,0.012082065632921498,1.0,0.3411764705882353,0.22477508650519035,0.9051717823842985,0.3010933000072231,0.17527141666978335,0.9465189064172068,0.5329138176359843,0.12078169183545442,0.45512129380053906,0.053493208604196416,0.013217156450948299,"HPC_like",0.7531129433892887,"quantum","{np.int64(1): 109.0, np.int64(2): 110.0}","{np.int64(1): 'information', np.int64(2): 'topological'}","variable",0.01031448950774386
198,164,104,44,False,2,1,"[np.int64(1), np.int64(2)]",0.3508225433694415,0.35385021170340925,0.7283983389743907,0.5747476874619687,0.4426211361939538,0.24139392534630372,0.01560718845026827,1.0,0.40853658536585363,0.24163444378346224,0.983589197490155,0.3505058569123277,0.1811411663568538,0.9489023650799994,0.6681890347155376,0.12303468425062523,0.39887165021156573,0.05940692834290832,0.009393657835478552,"HPC_like",0.7816369707466663,"topological","{np.int64(1): 44.0, np.int64(2): 43.0}","{np.int64(1): 'information', np.int64(2): 'topological'}","stepped",0.0079723729921911
199,176,"","",False,2,1,"[np.int64(1), np.int64(2)]",0.31267517283187113,0.3090966173817602,0.7447497157367478,0.5735172938234372,0.45739959707261985,0.2432622365266946,0.014378620396970826,1.0,0.3125,0.21484375,0.9478199989728558,0.28947664724808003,0.1844636520595855,0.999296880894471,0.6533328064876263,0.16942084971080634,0.4262879788639367,0.056762514511028435,0.011787370726603484,"HPC_like",0.7629869575339523,"quantum","{}","{np.int64(1): 'information', np.int64(2): 'topological'}","stepped",0.008279181410086826
200,225,104,99,False,2,1,"[np.int64(1), np.int64(2)]",0.3212148252482737,0.3173084637803456,0.7740138034896208,0.5423933334484394,0.47871686215381143,0.23922177365375488,0.013886514248837583,1.0,0.29333333333333333,0.20728888888888886,0.9521065941000336,0.2731439071023238,0.17974786811356347,0.9581764282462634,0.7658579709984411,0.08450343244612646,0.5229773462783172,0.0660748274858307,0.014700863567360925,"HPC_like",0.7762555461903332,"topological","{np.int64(1): 99.0, np.int64(2): 98.0}","{np.int64(1): 'information', np.int64(2): 'topological'}","stepped",0.009222550253079843
201,378,210,131,False,2,1,"[np.int64(1), np.int64(2)]",0.31888537736781664,0.3152336988980046,0.8119269691146754,0.5976642193587918,0.5434548246718721,0.2622473042275457,0.019099686763126306,1.0,0.30423280423280424,0.21167520506144846,0.9787788372115858,0.2845997163222614,0.18773589884946393,0.9751578075584737,0.6772292017265208,0.1518315912810992,0.611522633744856,0.05648661517921431,0.014412927389137,"HPC_like",0.7548570079413095,"quantum","{np.int64(1): 110.0, np.int64(2): 131.0}","{np.int64(1): 'information', np.int64(2): 'topological'}","stepped",0.009113908814541603
202,241,235,"",False,2,1,"[np.int64(1), np.int64(2)]",0.32258296450922563,0.31765884399891037,0.7509550168288911,0.5713421468632249,0.4879067739941204,0.23864507228041756,0.014621989895521962,1.0,0.2946058091286307,0.2078132263562955,0.9422697927029139,0.27086563619072984,0.17612598400798216,0.9453925148712263,0.7823552761853589,0.08570309307069,0.5089820359281437,0.05811571876992902,0.013483545307755394,"HPC_like",0.7839731635957145,"topological","{}","{np.int64(1): 'information', np.int64(2): 'topological'}","stepped",0.00864751266666473
203,324,292,0,False,2,1,"[np.int64(1), np.int64(2)]",0.2949020266231335,0.29859177865561704,0.75456612559767,0.5845882960595109,0.4775238736570453,0.23236267807950778,0.011935410496554222,1.0,0.27469135802469136,0.19923601585124215,0.9631069406514693,0.2488198102537871,0.1642873058948092,0.9361812682467721,0.6717032105472807,0.12704993210462032,0.5397024275646045,0.06000940060258777,0.012438368821975217,"HPC_like",0.7639813121137974,"quantum","{}","{np.int64(1): 'information', np.int64(2): 'topological'}","stepped",0.007841999671812183
204,211,82,108,False,2,1,"[np.int64(1), np.int64(2)]",0.3078628618229345,0.3048590699642973,0.7592572912996559,0.5362946693441858,0.46588901105285263,0.23724176905812047,0.012239349787362833,1.0,0.2796208530805687,0.20143303160306372,0.9445247729894694,0.25775622697224476,0.17127228465731756,0.8846913253877428,0.7255176085333442,0.08354914649713452,0.49166666666666675,0.06406231160905576,0.013263756940132905,"HPC_like",0.7693705839209047,"topological","{np.int64(1): 108.0, np.int64(2): 107.0}","{np.int64(1): 'information', np.int64(2): 'topological'}","stepped",0.008665258559291244
205,242,80,138,False,2,1,"[np.int64(1), np.int64(2)]",0.356283321894707,0.3526046648747278,0.7470455639336809,0.5452258984867437,0.4491875197729581,0.23412960580402947,0.015729500251015313,1.0,0.3760330578512397,0.23463219725428588,0.9568450786988799,0.32401711629222124,0.1787546182665976,0.9415507493229305,0.8100691709032471,0.05520564247806712,0.49370629370629376,0.05722376796756961,0.012844328220561165,"HPC_like",0.8028005895585246,"topological","{np.int64(1): 130.0, np.int64(2): 138.0}","{np.int64(1): 'information', np.int64(2): 'topological'}","variable",0.010138893005153532
206,263,242,"",False,2,1,"[np.int64(1), np.int64(2)]",0.31122233497837937,0.3144052682691446,0.7203556555781251,0.5706052616813118,0.4411140238032913,0.2334833560540813,0.0101669025343848,1.0,0.29277566539923955,0.20705807514927208,0.9413766725050083,0.2667195150138112,0.1720339996365222,0.9551981084662802,0.726853023917348,0.10112181785860876,0.5761638733705772,0.056115552219806956,0.015299734384512785,"HPC_like",0.7788017081163957,"topological","{}","{np.int64(1): 'information', np.int64(2): 'topological'}","stepped",0.008315055572574125
207,379,"","",False,2,1,"[np.int64(1), np.int64(2)]",0.32169694455977754,0.319608151289688,0.7637356126842717,0.5965804801112919,0.40700174905567355,0.21924103151220778,0.007981617240825358,1.0,0.29023746701846964,0.20599967975717237,0.9182745707757939,0.2541999009203707,0.15844041430387698,0.9599593673237732,0.8428901639788616,0.041615457018925,0.641032608695652,0.06091763570594445,0.015428469306695971,"HPC_like",0.8017679308347497,"topological","{}","{np.int64(1): 'information', np.int64(2): 'topological'}","stepped",0.007892622841954265
208,290,247,14,False,2,1,"[np.int64(1), np.int64(2)]",0.3029533893802546,0.30562129461068616,0.7942743741720899,0.6439340786785335,0.49203093887200755,0.24446140771231523,0.015786881584717048,1.0,0.3,0.21,0.9452554571375525,0.2758723010943477,0.17881181993024586,0.9784678287405064,0.6199214351959552,0.15033448439081654,0.6125321888412018,0.06452291568297193,0.016321119779133766,"HPC_like",0.7485695536576444,"quantum","{np.int64(2): 14.0}","{np.int64(1): 'information', np.int64(2): 'topological'}","stepped",0.008795011473112782
209,161,42,103,False,2,1,"[np.int64(1), np.int64(2)]",0.31054953371803556,0.3052245641501613,0.7006726693922481,0.6163945674851363,0.3820312733694947,0.23011003216821577,0.00878100106071334,1.0,0.3416149068322981,0.2249141622622584,0.9249120960009289,0.3012007162347342,0.1752706843795852,0.9304201438626156,0.6033950320853589,0.09106265607814586,0.46121297602256695,0.05363399299745653,0.013675144937524425,"HPC_like",0.7690798699661978,"topological","{np.int64(1): 102.0, np.int64(2): 103.0}","{np.int64(1): 'information', np.int64(2): 'topological'}","stepped",0.007843085802065995
210,167,73,78,False,2,1,"[np.int64(1), np.int64(2)]",0.37832252209617045,0.3786341020415511,0.7934538730321228,0.6234559001108788,0.5337327381030311,0.27005568834184085,0.01743176587615509,1.0,0.46107784431137727,0.24848506579655064,0.9784804927157246,0.3864968152589941,0.1889974325032103,0.9776619103424856,0.651976976741227,0.17531569403638644,0.5233146067415729,0.06940444952791044,0.016326830847791938,"HPC_like",0.7662949109167163,"quantum","{np.int64(1): 69.0, np.int64(2): 78.0}","{np.int64(1): 'information', np.int64(2): 'topological'}","stepped",0.00942802351342723
211,146,"","",False,2,1,"[np.int64(1), np.int64(2)]",0.2929030501605697,0.2872797287177667,0.7055722986435319,0.5380619985978128,0.45454758910876747,0.2371738536802773,0.010617292078070426,1.0,0.3356164383561644,0.2229780446612873,0.9547664655286922,0.299923366289114,0.1788559962238499,0.872741159005998,0.4794597368312743,0.10866458856715482,0.4750769230769231,0.05943150684931508,0.016156608650667724,"HPC_like",0.7331921499098365,"topological","{}","{np.int64(1): 'information', np.int64(2): 'topological'}","stepped",0.009805438118543753
212,229,"","",False,2,1,"[np.int64(1), np.int64(2)]",0.3276403483061705,0.32983789534995095,0.753745003893512,0.5677806435079277,0.5412557702116721,0.24939226078116908,0.016571007757527963,1.0,0.2838427947598253,0.203276062622757,0.9845236040080702,0.26336106811030896,0.17584327778778197,0.9959043229928268,0.8196945159047327,0.06586077202789851,0.5628299894403378,0.06235580374091783,0.015264960033059136,"HPC_like",0.7797277708172642,"topological","{}","{np.int64(1): 'information', np.int64(2): 'topological'}","stepped",0.009271010909203575
213,197,"","",False,2,1,"[np.int64(1), np.int64(2)]",0.2909308933696374,0.28743866999375645,0.737973286716864,0.5427125609141017,0.39932271597848035,0.22773591819211175,0.010424903190399824,1.0,0.3401015228426396,0.22443247700275715,0.9043394467868661,0.30177717649769453,0.1767423426982372,0.9526941163197821,0.47529386438593285,0.13762687772089394,0.49567307692307694,0.059352222439151454,0.014148409913926132,"HPC_like",0.7395987029497259,"quantum","{}","{np.int64(1): 'information', np.int64(2): 'topological'}","stepped",0.009449360321484579
214,128,"","",False,2,1,"[np.int64(1), np.int64(2)]",0.2910623012249909,0.2924098147838259,0.6809946517818544,0.5210739371193359,0.3856526601399952,0.22019222289519536,0.008087679200988697,1.0,0.3125,0.21484375,0.8755867370073467,0.2717241312494716,0.16244055071283459,0.9347625300063196,0.5808729236503068,0.1247130082608489,0.40618556701030917,0.0540386955899198,0.012676437998048424,"HPC_like",0.7651335936137583,"topological","{}","{np.int64(1): 'information', np.int64(2): 'topological'}","stepped",0.008591642335968598
215,361,108,217,False,2,1,"[np.int64(1), np.int64(2)]",0.31345786932091957,0.31180621495015254,0.7308966002022219,0.5540029910341164,0.4278784315223215,0.2340424518149469,0.011410394525967092,1.0,0.296398891966759,0.20854658880763657,0.9469491502272813,0.2687030860143817,0.17161732240860073,0.9608258601149501,0.7333644947221215,0.08051527718854608,0.5960591133004927,0.054001193735511356,0.013943656235774798,"HPC_like",0.7814219847795257,"topological","{np.int64(1): 198.0, np.int64(2): 217.0}","{np.int64(1): 'information', np.int64(2): 'topological'}","stepped",0.008698699489252233
216,244,"","",False,2,1,"[np.int64(1), np.int64(2)]",0.2999036398568972,0.3019324796259183,0.7496375186325926,0.5783045725796339,0.46258104729117444,0.22502450650778527,0.011690174763559857,1.0,0.29918032786885246,0.20967145928513842,0.9294183941377856,0.2650828985675116,0.16495693157071603,0.9313405262689242,0.6628329589786468,0.10094561738858396,0.411,0.0515968237704918,0.009031853643856237,"HPC_like",0.7766723725837966,"topological","{}","{np.int64(1): 'information', np.int64(2): 'topological'}","stepped",0.00771634101798784
217,200,"","",False,2,1,"[np.int64(1), np.int64(2)]",0.30037975134697126,0.29349660066699207,0.7328168412126792,0.5705509353248578,0.4076246012386906,0.224979024494918,0.010291307553039086,1.0,0.29,0.2059,0.9299385537685421,0.2574223571495616,0.16258510354898412,0.9859702502682213,0.6925776870362057,0.12851103834217195,0.41813898704358066,0.050149195131527276,0.011211864778828615,"HPC_like",0.7812459827301728,"quantum","{}","{np.int64(1): 'information', np.int64(2): 'topological'}","stepped",0.008205391233898374
218,236,152,61,False,2,1,"[np.int64(1), np.int64(2)]",0.2973309530251193,0.29352523159200755,0.7623670946683201,0.6007843581968266,0.5665500734533311,0.25557627872867483,0.017648833487120978,1.0,0.2838983050847458,0.20330005745475435,0.9910165254681752,0.2619629411182188,0.1741603778264502,0.9581445339025169,0.6035313925428186,0.14579495531820794,0.5683991683991684,0.0676119603026383,0.015585292445082381,"HPC_like",0.733038616689206,"quantum","{np.int64(1): 35.0, np.int64(2): 61.0}","{np.int64(1): 'information', np.int64(2): 'topological'}","stepped",0.009202163022711443
219,190,58,113,False,2,1,"[np.int64(1), np.int64(2)]",0.2982229534252757,0.2924513150982954,0.6644728624175261,0.4809481439483272,0.32846343615077206,0.21252446418061602,0.005278690932033278,1.0,0.29473684210526313,0.20786703601108028,0.9285530644839994,0.24272150652859614,0.1427154307911657,0.9280109097410091,0.7112375640225175,0.08124322432965833,0.45945945945945943,0.05551467735678257,0.01294748437477241,"HPC_like",0.7896104464284383,"topological","{np.int64(1): 111.0, np.int64(2): 113.0}","{np.int64(1): 'information', np.int64(2): 'topological'}","stepped",0.007110289470440622
220,202,152,30,False,2,1,"[np.int64(1), np.int64(2)]",0.3667327331812612,0.3689416163027568,0.7880177266459183,0.6200749428452017,0.5101972973857338,0.26008491607584017,0.02137686351040155,1.0,0.4306930693069307,0.24519654935790614,0.9758042630255497,0.3815307115019416,0.1967886031784084,0.9822085217950782,0.6566219639251336,0.15660088634076808,0.5343601895734595,0.06234554142618048,0.015148700611309941,"HPC_like",0.771284632849491,"topological","{np.int64(1): 15.0, np.int64(2): 30.0}","{np.int64(1): 'information', np.int64(2): 'topological'}","stepped",0.009714350732773101
221,274,155,92,False,2,1,"[np.int64(1), np.int64(2)]",0.31650987901088606,0.3140697911697597,0.7377346557652315,0.5484458688100384,0.48183881615078455,0.24336388203693374,0.014927439650882557,1.0,0.28832116788321166,0.2051920720336726,0.9522948586872584,0.26985583936287844,0.1798046602587056,0.9543253936709835,0.7419180268222975,0.08029367329325697,0.6104598737601442,0.06161550533082723,0.016785080211382686,"HPC_like",0.7715884189581887,"topological","{np.int64(1): 64.0, np.int64(2): 92.0}","{np.int64(1): 'information', np.int64(2): 'topological'}","stepped",0.008868177310528498
222,202,"","",False,2,1,"[np.int64(1), np.int64(2)]",0.2874941079244535,0.28708195674421033,0.7117154666525255,0.5990616450829113,0.40534107852205203,0.22619906619816274,0.009845053851387117,1.0,0.2722772277227723,0.19814233898637387,0.9466144363160532,0.24671718799278158,0.16312721383416715,0.9256549248520558,0.6423058492514133,0.135916934534028,0.5081967213114753,0.05875766148043372,0.014645260412315573,"HPC_like",0.7624449588306244,"quantum","{}","{np.int64(1): 'information', np.int64(2): 'topological'}","stepped",0.006896223483971839
223,247,62,161,False,2,1,"[np.int64(1), np.int64(2)]",0.3200658006586822,0.3181163929777596,0.7506808371692213,0.5500351169106288,0.41155797521401366,0.23112566174998966,0.0083323686438772,1.0,0.3117408906882591,0.21455850776115,0.9377734002704984,0.27872094277011933,0.17205504547938721,0.9834106906913442,0.7393312116199783,0.05983681397652107,0.5900596421471171,0.06149009164599828,0.01551932115543219,"HPC_like",0.7822293681127093,"topological","{np.int64(1): 160.0, np.int64(2): 161.0}","{np.int64(1): 'information', np.int64(2): 'topological'}","stepped",0.008081902966570265
224,268,116,126,False,2,1,"[np.int64(1), np.int64(2)]",0.3543471123520547,0.3512399512631529,0.7221245940134497,0.6304188768810572,0.4605759860740464,0.2537375048087418,0.015472385822070521,1.0,0.4253731343283582,0.24443083092002674,0.983896192310333,0.3689060424262337,0.18885142834418547,0.9801547380950254,0.609805186455256,0.12942611621918557,0.5514285714285715,0.06630590873807395,0.014468199512379319,"HPC_like",0.7638442437576913,"quantum","{np.int64(1): 125.0, np.int64(2): 126.0}","{np.int64(1): 'information', np.int64(2): 'topological'}","stepped",0.009270579852326922
225,418,114,263,False,2,1,"[np.int64(1), np.int64(2)]",0.38004897999550546,0.3767048956314549,0.7581138088164521,0.6476317961997522,0.46243412714837034,0.24687503098684363,0.016967091757882292,1.0,0.4569377990430622,0.24814564684874432,0.9764549908500794,0.3860851288455552,0.18374474113759282,0.9768645108948041,0.7247945566362949,0.12971295853343373,0.5642857142857143,0.058158116741315505,0.011894827346882256,"HPC_like",0.7948343924922565,"topological","{np.int64(1): 263.0, np.int64(2): 262.0}","{np.int64(1): 'information', np.int64(2): 'topological'}","stepped",0.009738649185879208
226,194,184,"",False,2,1,"[np.int64(1), np.int64(2)]",0.28022766706089186,0.2844355056449112,0.7077837477437618,0.5377930351405251,0.389051549353745,0.2320819577609306,0.009570489948027942,1.0,0.3556701030927835,0.22916888085875226,0.9150123009290132,0.3101982110627835,0.17460041077327085,0.8702978561745409,0.3564004054753091,0.09030099330193579,0.5335373317013463,0.06185850925563728,0.015807352968079294,"HPC_like",0.7078158448065248,"quantum","{}","{np.int64(1): 'information', np.int64(2): 'topological'}","stepped",0.008050164464544825
227,287,"","",False,2,1,"[np.int64(1), np.int64(2)]",0.2848141820505182,0.2841779105190993,0.702700396319197,0.5107929569819287,0.3992472380069428,0.2282160804143939,0.009487946096429526,1.0,0.3310104529616725,0.2214425329917809,0.9153668077394288,0.2916361276631,0.17199264335719552,0.9318272315267582,0.4632995851912382,0.10254336153599006,0.5951972555746141,0.0577458137447619,0.015192516189888788,"HPC_like",0.735287120209518,"quantum","{}","{np.int64(1): 'information', np.int64(2): 'topological'}","stepped",0.008461042666674334
228,279,226,26,False,2,1,"[np.int64(1), np.int64(2)]",0.28534932602578905,0.2832400730284475,0.7537314635429784,0.5563307215648059,0.42009074585418515,0.23385247882487503,0.00990785605758076,1.0,0.31899641577060933,0.21723770249611385,0.9285525165435855,0.28845967195018235,0.1777549567766272,0.9894491896321945,0.4784391553411067,0.14001220548408336,0.44376114081996426,0.0598667074447171,0.009856764565136854,"HPC_like",0.7308180308222302,"topological","{np.int64(1): 25.0, np.int64(2): 26.0}","{np.int64(1): 'information', np.int64(2): 'topological'}","stepped",0.00830559910950487
229,280,145,107,False,2,1,"[np.int64(1), np.int64(2)]",0.31802492709951485,0.3165764447995867,0.7748393676904087,0.5834461911743172,0.47300587907205716,0.2376388764103051,0.012269302082174376,1.0,0.30714285714285716,0.2128061224489796,0.9577522334778088,0.278399174883812,0.1754816254433606,0.9159879326968754,0.7233131324076876,0.06537878954412094,0.5541850220264317,0.05770745052793506,0.013868795143199162,"HPC_like",0.7772320026409167,"topological","{np.int64(1): 94.0, np.int64(2): 107.0}","{np.int64(1): 'information', np.int64(2): 'topological'}","stepped",0.008491199970002241
230,250,92,133,False,2,1,"[np.int64(1), np.int64(2)]",0.30799499762020577,0.3049922707395895,0.7322611635827846,0.5279741988331599,0.4074197446202548,0.22221377444912507,0.010727568351785987,1.0,0.28,0.20159999999999997,0.951153482923416,0.24742226908424436,0.15823448687622124,0.975367190422442,0.7727503017768586,0.07701530135729066,0.510829268292683,0.05933866202090595,0.01274271862193282,"HPC_like",0.7889890889079967,"topological","{np.int64(1): 131.0, np.int64(2): 133.0}","{np.int64(1): 'information', np.int64(2): 'topological'}","stepped",0.008502948654968182
231,194,"","",False,2,1,"[np.int64(1), np.int64(2)]",0.26035837777974014,0.25566473482252705,0.6816282010094656,0.4840150461953758,0.38670326816230277,0.21731191451455525,0.0069958566451652614,1.0,0.28865979381443296,0.20533531724944204,0.8822288493609826,0.25272594078104377,0.157400402757992,0.9318699467990773,0.44400312977675915,0.14340666790618364,0.4725274725274727,0.058541973490427154,0.013115274287217019,"HPC_like",0.726475667204407,"quantum","{}","{np.int64(1): 'information', np.int64(2): 'topological'}","stepped",0.007168770743057925
232,273,72,174,False,2,1,"[np.int64(1), np.int64(2)]",0.3144114168875985,0.31080983436201215,0.7617768398561435,0.5822551835266669,0.4392211927413474,0.2344365329383893,0.011995925690476979,1.0,0.315018315018315,0.2157817762213367,0.9299500034490468,0.28688980713132783,0.1790382191318998,0.98539881917289,0.6833402434902474,0.07122143000881158,0.5275519421860886,0.05446880301700279,0.013568549195872161,"HPC_like",0.7755663487511247,"topological","{np.int64(1): 173.0, np.int64(2): 174.0}","{np.int64(1): 'information', np.int64(2): 'topological'}","stepped",0.009026657264033549
233,289,197,64,False,2,1,"[np.int64(1), np.int64(2)]",0.275648056927805,0.27327952166986585,0.6688783545098995,0.5258450434333675,0.3664030172650399,0.21621854282568095,0.00617393781506798,1.0,0.30103806228373703,0.2104141473401899,0.884162330765907,0.259118585166985,0.15592894544477262,0.9346326974802409,0.5187267130450908,0.10106287248238613,0.5558519793459554,0.05890254519005811,0.01475589894861334,"HPC_like",0.7487216729830433,"topological","{np.int64(1): 53.0, np.int64(2): 64.0}","{np.int64(1): 'information', np.int64(2): 'topological'}","stepped",0.007813563463801153
234,207,"","",False,2,1,"[np.int64(1), np.int64(2)]",0.28398846316304627,0.2875270491323806,0.7173834976986846,0.5407691199076605,0.4253061031440058,0.21728439975650427,0.010214520370197402,1.0,0.2753623188405797,0.19953791220331862,0.9085403814690136,0.24465470099958772,0.15760391153600606,0.9423672105650215,0.6385290261145439,0.14274438454784033,0.4927835051546393,0.05252269408850912,0.013235408841531016,"HPC_like",0.77206433243377,"topological","{}","{np.int64(1): 'information', np.int64(2): 'topological'}","stepped",0.008287849708304127
235,199,172,8,False,2,1,"[np.int64(1), np.int64(2)]",0.2671814936612841,0.26505009037852717,0.6894958798233564,0.5639688974493752,0.37285049036202045,0.21514258571006906,0.006468410931061945,1.0,0.2814070351758794,0.20221711572940076,0.9003908852912975,0.24676297329030022,0.15558735398020257,0.9348813821578413,0.5133238383548453,0.1512828824352864,0.5478158205430933,0.05935788743006653,0.016614662979023972,"HPC_like",0.7432730774356594,"quantum","{np.int64(2): 8.0}","{np.int64(1): 'information', np.int64(2): 'topological'}","stepped",0.007187631855971076
236,225,"","",False,2,1,"[np.int64(1), np.int64(2)]",0.2978587582761399,0.2958559174007317,0.7515586554892846,0.5779839631553749,0.4314536051616352,0.22508416385331736,0.010423292701549533,1.0,0.3022222222222222,0.21088395061728402,0.9030036923583997,0.2677113164377646,0.16550978338202937,0.9445033883609353,0.636992710773454,0.1201872094880278,0.507286166842661,0.056867836610180876,0.013236660743480977,"HPC_like",0.7691126473062788,"topological","{}","{np.int64(1): 'information', np.int64(2): 'topological'}","stepped",0.008752202613836343
237,212,"","",False,2,1,"[np.int64(1), np.int64(2)]",0.3324003342557133,0.337587403667528,0.744287981614828,0.6098160465942863,0.4417675519442415,0.23711741575884798,0.01368404448334745,1.0,0.330188679245283,0.22116411534353858,0.9209268641076326,0.29576586423873225,0.17757039935956972,0.9779802819821738,0.7635915522933728,0.11465736054826972,0.4285072951739618,0.050260340249858045,0.011129659728115991,"HPC_like",0.7919298453908037,"topological","{}","{np.int64(1): 'information', np.int64(2): 'topological'}","stepped",0.007614976422291993
238,187,144,25,False,2,1,"[np.int64(1), np.int64(2)]",0.29299966843989844,0.2879621310898872,0.7174306447304654,0.5711209016609085,0.4289516042375261,0.2244127744682389,0.011370341810049233,1.0,0.29411764705882354,0.20761245674740483,0.9358907079672195,0.26435276078353964,0.1681661089102269,0.9348562003750174,0.6231007813787803,0.12102288175121015,0.4827373612823674,0.058107549711959666,0.014012259367330724,"HPC_like",0.7645151300116415,"topological","{np.int64(2): 25.0}","{np.int64(1): 'information', np.int64(2): 'topological'}","stepped",0.007661278841059946
239,365,"","",False,2,1,"[np.int64(1), np.int64(2)]",0.3122602972788524,0.3095970764205228,0.747828056270964,0.6018693128689174,0.4150709301867064,0.22387655864758133,0.008283096026902132,1.0,0.3041095890410959,0.2116269468943517,0.9315776023597585,0.2678202173927108,0.16468311093353788,0.9254202834410586,0.7258473824083238,0.047655518545347914,0.6755087719298245,0.06628781584513377,0.01724462452540279,"HPC_like",0.7801987102286929,"topological","{}","{np.int64(1): 'information', np.int64(2): 'topological'}","stepped",0.007537070187159168
240,149,134,1,False,2,1,"[np.int64(1), np.int64(2)]",0.2950883985931963,0.3021769326876552,0.7118644328973113,0.5651230076459843,0.3906014874025304,0.22114612954256302,0.009223047909884265,1.0,0.31543624161073824,0.21593621908923022,0.8903838247842536,0.2723920319147866,0.16115218167848322,0.962003904287721,0.5925168523488268,0.10010269570595136,0.47094801223241584,0.06529565092461465,0.015316151141156567,"HPC_like",0.7601783241035279,"topological","{np.int64(2): 1.0}","{np.int64(1): 'information', np.int64(2): 'topological'}","stepped",0.007682773825263918
241,332,148,151,False,2,1,"[np.int64(1), np.int64(2)]",0.3446094699498305,0.3425495753493139,0.7491633453438127,0.587259044906453,0.44229064317905425,0.24389939547502926,0.013866541534824748,1.0,0.3825301204819277,0.23620082740600956,0.9534818388254069,0.32934729268534935,0.1801894055278247,0.9605476063702756,0.696750407238739,0.09154092190022341,0.5838291380625477,0.054251015639590526,0.014352074368641308,"HPC_like",0.7835460183820709,"topological","{np.int64(1): 151.0, np.int64(2): 150.0}","{np.int64(1): 'information', np.int64(2): 'topological'}","stepped",0.00970049440059826
242,222,161,39,False,2,1,"[np.int64(1), np.int64(2)]",0.3223858486117462,0.32083361489394274,0.7728642405398842,0.5594765576721499,0.4689615400826535,0.23745458432495756,0.013617224244824293,1.0,0.3153153153153153,0.2158915672429186,0.9303187120807628,0.28573521953451997,0.17741189143864067,0.9776402277425349,0.7301775912104278,0.08430348772667748,0.5000000000000001,0.05646961896961897,0.01401112592630816,"HPC_like",0.7805581240230641,"topological","{np.int64(1): 35.0, np.int64(2): 39.0}","{np.int64(1): 'information', np.int64(2): 'topological'}","stepped",0.00987346954324848
243,327,194,101,False,2,1,"[np.int64(1), np.int64(2)]",0.29923370342895406,0.2970777345842009,0.7745832124779255,0.5317242592834756,0.4417456654359258,0.22828452435593333,0.010744736669597015,1.0,0.29357798165137616,0.2073899503408804,0.9353716526722763,0.2624103954870101,0.16611105202519102,0.981700882923211,0.6549020076712461,0.10002389854083192,0.5872307692307693,0.06636470461241098,0.014211904643207643,"HPC_like",0.7629777945582976,"topological","{np.int64(1): 100.0, np.int64(2): 101.0}","{np.int64(1): 'information', np.int64(2): 'topological'}","stepped",0.008180403919759993
244,267,"","",False,2,1,"[np.int64(1), np.int64(2)]",0.28085201068704924,0.2835834279510714,0.7249848862310182,0.5436105419636068,0.3873290735886229,0.22057781550054428,0.007398693465700727,1.0,0.30337078651685395,0.21133695240499933,0.8916814108195674,0.26269392035260014,0.15861417816942558,0.9620850847248598,0.5341730426909229,0.10550406066258622,0.5772937905468025,0.061712289335140315,0.01468709788449402,"HPC_like",0.7479178865241203,"topological","{}","{np.int64(1): 'information', np.int64(2): 'topological'}","stepped",0.007544382643666153
245,205,"","",False,2,1,"[np.int64(1), np.int64(2)]",0.30886787297062757,0.3121257634150504,0.7466349491221629,0.5981870582540408,0.48455428529384503,0.23247124343946662,0.011352133342748278,1.0,0.2926829268292683,0.20701963117192146,0.9698586376721732,0.25721922597168717,0.16166586215276946,0.9683937182310574,0.725892825977688,0.06300187929045958,0.4881733021077284,0.05627999140479865,0.013298883088303652,"HPC_like",0.7791285289971382,"topological","{}","{np.int64(1): 'information', np.int64(2): 'topological'}","stepped",0.00704309538271437
246,161,"","",False,2,1,"[np.int64(1), np.int64(2)]",0.2751399257728735,0.2696654322663853,0.6876199935699552,0.5107083409835819,0.3600746958906038,0.21277369094369175,0.005606324617738376,1.0,0.3167701863354037,0.2164268353844373,0.8640248751170364,0.26683741745706463,0.15364445374877572,0.9334267249582673,0.4851283518645035,0.07323982993395295,0.44619799139167865,0.059785356348265664,0.012150388167736928,"HPC_like",0.7463287048532629,"topological","{}","{np.int64(1): 'information', np.int64(2): 'topological'}","stepped",0.006736630512007276
247,211,"","",False,2,1,"[np.int64(1), np.int64(2)]",0.2715239979060396,0.27040194246894494,0.7060348143524864,0.4955610765119633,0.4002855747000402,0.22656569980560967,0.008514471356307817,1.0,0.32701421800947866,0.22007591922912784,0.9157304110531713,0.2902072651988138,0.17335657476968414,0.93526086306926,0.38319477358808646,0.09900388117446339,0.5041433370660694,0.06280064384011357,0.013580273779882971,"HPC_like",0.7105107204598102,"quantum","{}","{np.int64(1): 'information', np.int64(2): 'topological'}","stepped",0.00827828091119543
248,184,"","",False,2,1,"[np.int64(1), np.int64(2)]",0.2980315312473177,0.2991549114221976,0.7224113696461231,0.586912280304094,0.3989049555276266,0.21239750834963977,0.009670123711074041,1.0,0.2826086956521739,0.20274102079395084,0.9125600618000276,0.24946535775404777,0.15820325093897347,0.9348570450906049,0.7198875197310572,0.08203100856393701,0.4375634517766498,0.05783905318914149,0.01188155748606438,"HPC_like",0.7876721913359348,"topological","{}","{np.int64(1): 'information', np.int64(2): 'topological'}","stepped",0.007701174527431893
249,255,"","",False,2,1,"[np.int64(1), np.int64(2)]",0.354560038104651,0.3509498225875662,0.7551002937729703,0.6108346332109971,0.4030197924560504,0.2338294070718403,0.01131308749481303,1.0,0.4,0.24000000000000002,0.9898825006848309,0.3341604144823854,0.17169365161281197,0.9574543998367924,0.744867502844572,0.09345809875983971,0.49317535545023694,0.0584900765993601,0.013139117178290154,"HPC_like",0.7966030263188775,"topological","{}","{np.int64(1): 'information', np.int64(2): 'topological'}","stepped",0.008157692666851547
