dataset,unit,cycle,structural_drift_score,relational_instability_score
FD004,1,1,0.0,
FD004,1,2,0.0,
FD004,1,3,0.0,
FD004,1,4,0.0,
FD004,1,5,0.0,
FD004,1,6,0.0,
FD004,1,7,0.0,
FD004,1,8,0.0,
FD004,1,9,0.0,
FD004,1,10,0.0,
FD004,1,11,0.0,
FD004,1,12,0.0,
FD004,1,13,0.0,
FD004,1,14,0.0,
FD004,1,15,0.0,
FD004,1,16,0.0,
FD004,1,17,0.0,
FD004,1,18,0.0,
FD004,1,19,0.0,
FD004,1,20,0.0,
FD004,1,21,0.0,
FD004,1,22,0.0,
FD004,1,23,0.0,
FD004,1,24,0.0,
FD004,1,25,0.0,
FD004,1,26,0.0,
FD004,1,27,0.0,
FD004,1,28,0.0,
FD004,1,29,0.0,
FD004,1,30,0.0,
FD004,1,31,0.0,
FD004,1,32,0.0,
FD004,1,33,0.0,
FD004,1,34,0.0,
FD004,1,35,0.0,
FD004,1,36,0.0,
FD004,1,37,0.0,
FD004,1,38,0.0,
FD004,1,39,0.0,
FD004,1,40,0.0,
FD004,1,41,0.0,
FD004,1,42,0.0,
FD004,1,43,0.0,
FD004,1,44,0.0,
FD004,1,45,0.0,
FD004,1,46,0.0,
FD004,1,47,0.0,
FD004,1,48,0.0,
FD004,1,49,0.0,
FD004,1,50,6.3682,
FD004,1,51,5.3155,
FD004,1,52,6.4007,
FD004,1,53,5.8057,
FD004,1,54,5.336,
FD004,1,55,10.9076,
FD004,1,56,8.5407,
FD004,1,57,8.1821,
FD004,1,58,6.5453,
FD004,1,59,8.9134,
FD004,1,60,8.5428,
FD004,1,61,8.7961,
FD004,1,62,11.8133,
FD004,1,63,9.6388,
FD004,1,64,11.377,
FD004,1,65,11.0082,
FD004,1,66,10.4664,
FD004,1,67,8.0967,
FD004,1,68,8.1595,
FD004,1,69,7.3006,
FD004,1,70,12.4229,
FD004,1,71,7.5078,
FD004,1,72,6.4919,
FD004,1,73,6.645,
FD004,1,74,6.4208,
FD004,1,75,7.1045,
FD004,1,76,6.9091,
FD004,1,77,7.0705,
FD004,1,78,6.2946,
FD004,1,79,6.124,
FD004,1,80,6.1279,
FD004,1,81,7.1555,
FD004,1,82,7.1565,
FD004,1,83,7.1216,
FD004,1,84,6.5178,
FD004,1,85,8.89,
FD004,1,86,7.4008,
FD004,1,87,10.0129,
FD004,1,88,10.1984,
FD004,1,89,10.1871,
FD004,1,90,8.6159,
FD004,1,91,8.4465,
FD004,1,92,8.6992,
FD004,1,93,8.923,
FD004,1,94,10.6959,
FD004,1,95,9.4116,
FD004,1,96,11.8453,
FD004,1,97,11.9435,
FD004,1,98,8.8611,
FD004,1,99,9.6998,
FD004,1,100,8.717,
FD004,1,101,9.2331,
FD004,1,102,10.5455,
FD004,1,103,11.5947,
FD004,1,104,6.71,
FD004,1,105,6.1099,
FD004,1,106,6.291,
FD004,1,107,6.2262,
FD004,1,108,6.6043,
FD004,1,109,6.4984,
FD004,1,110,6.736,
FD004,1,111,7.1558,
FD004,1,112,6.4387,
FD004,1,113,5.1913,
FD004,1,114,5.9239,
FD004,1,115,6.7058,
FD004,1,116,9.2793,
FD004,1,117,8.1512,
FD004,1,118,8.7299,
FD004,1,119,10.2797,
FD004,1,120,6.6775,
FD004,1,121,11.1856,
FD004,1,122,9.4113,
FD004,1,123,8.8742,
FD004,1,124,8.6944,
FD004,1,125,8.6207,
FD004,1,126,7.4429,
FD004,1,127,8.0562,
FD004,1,128,7.6965,
FD004,1,129,7.95,
FD004,1,130,8.6221,
FD004,1,131,7.9462,
FD004,1,132,10.8331,
FD004,1,133,10.8793,
FD004,1,134,10.3657,
FD004,1,135,10.8639,
FD004,1,136,10.946,
FD004,1,137,9.5988,
FD004,1,138,9.8658,
FD004,1,139,10.3189,
FD004,1,140,8.7603,
FD004,1,141,7.8902,
FD004,1,142,9.1286,
FD004,1,143,10.7236,
FD004,1,144,8.8973,
FD004,1,145,8.7846,
FD004,1,146,8.8893,
FD004,1,147,10.4266,
FD004,1,148,13.6005,
FD004,1,149,13.2292,
FD004,1,150,14.1903,
FD004,1,151,14.9468,
FD004,1,152,12.8465,
FD004,1,153,11.7811,
FD004,1,154,12.6395,
FD004,1,155,11.3101,
FD004,1,156,11.3074,
FD004,1,157,12.2597,
FD004,1,158,12.9391,
FD004,1,159,12.6374,
FD004,1,160,10.6354,
FD004,1,161,9.7875,
FD004,1,162,7.5189,
FD004,1,163,7.81,
FD004,1,164,9.3873,
FD004,1,165,9.3635,
FD004,1,166,8.9169,
FD004,1,167,9.6811,
FD004,1,168,10.4794,
FD004,1,169,8.3782,
FD004,1,170,9.7107,
FD004,1,171,9.8569,
FD004,1,172,11.7662,
FD004,1,173,6.3676,
FD004,1,174,7.6933,
FD004,1,175,9.6077,
FD004,1,176,11.5075,
FD004,1,177,11.9081,
FD004,1,178,10.4287,
FD004,1,179,7.5291,
FD004,1,180,8.6393,
FD004,1,181,10.1879,
FD004,1,182,21.1931,
FD004,1,183,15.3215,
FD004,1,184,8.1903,
FD004,1,185,13.837,
FD004,1,186,11.4244,
FD004,1,187,10.743,
FD004,1,188,11.7453,
FD004,1,189,7.5087,
FD004,1,190,8.4843,
FD004,1,191,9.0898,
FD004,1,192,10.1787,
FD004,1,193,10.5561,
FD004,1,194,9.5462,
FD004,1,195,9.6173,
FD004,1,196,10.3804,
FD004,1,197,10.5138,
FD004,1,198,10.3557,
FD004,1,199,10.2029,
FD004,1,200,9.8847,
FD004,1,201,10.2677,
FD004,1,202,9.9126,
FD004,1,203,9.8249,
FD004,1,204,9.4776,
FD004,1,205,10.2019,
FD004,1,206,11.7436,
FD004,1,207,12.234,
FD004,1,208,9.3721,
FD004,1,209,11.2621,
FD004,1,210,9.7072,
FD004,1,211,10.3835,
FD004,1,212,8.1769,
FD004,1,213,8.0608,
FD004,1,214,8.6362,
FD004,1,215,7.3561,
FD004,1,216,8.7164,
FD004,1,217,8.1694,
FD004,1,218,6.6236,
FD004,1,219,7.2254,
FD004,1,220,9.7328,
FD004,1,221,10.2149,
FD004,1,222,11.5344,
FD004,1,223,10.4704,
FD004,1,224,15.187,
FD004,1,225,12.8358,
FD004,1,226,8.1776,
FD004,1,227,9.9687,
FD004,1,228,8.7503,
FD004,1,229,7.4494,
FD004,1,230,7.1283,
FD004,2,1,0.0,
FD004,2,2,0.0,
FD004,2,3,0.0,
FD004,2,4,0.0,
FD004,2,5,0.0,
FD004,2,6,0.0,
FD004,2,7,0.0,
FD004,2,8,0.0,
FD004,2,9,0.0,
FD004,2,10,0.0,
FD004,2,11,0.0,
FD004,2,12,0.0,
FD004,2,13,0.0,
FD004,2,14,0.0,
FD004,2,15,0.0,
FD004,2,16,0.0,
FD004,2,17,0.0,
FD004,2,18,0.0,
FD004,2,19,0.0,
FD004,2,20,0.0,
FD004,2,21,0.0,
FD004,2,22,0.0,
FD004,2,23,0.0,
FD004,2,24,0.0,
FD004,2,25,0.0,
FD004,2,26,0.0,
FD004,2,27,0.0,
FD004,2,28,0.0,
FD004,2,29,0.0,
FD004,2,30,0.0,
FD004,2,31,0.0,
FD004,2,32,0.0,
FD004,2,33,0.0,
FD004,2,34,0.0,
FD004,2,35,0.0,
FD004,2,36,0.0,
FD004,2,37,0.0,
FD004,2,38,0.0,
FD004,2,39,0.0,
FD004,2,40,0.0,
FD004,2,41,0.0,
FD004,2,42,0.0,
FD004,2,43,0.0,
FD004,2,44,0.0,
FD004,2,45,0.0,
FD004,2,46,0.0,
FD004,2,47,0.0,
FD004,2,48,0.0,
FD004,2,49,0.0,
FD004,2,50,7.4221,
FD004,2,51,8.3932,
FD004,2,52,7.4315,
FD004,2,53,8.4048,
FD004,2,54,9.1205,
FD004,2,55,11.1095,
FD004,2,56,9.6042,
FD004,2,57,9.9633,
FD004,2,58,9.1109,
FD004,2,59,7.9128,
FD004,2,60,8.3442,
FD004,2,61,8.677,
FD004,2,62,8.4783,
FD004,2,63,9.9238,
FD004,2,64,8.9784,
FD004,2,65,9.3192,
FD004,2,66,9.0831,
FD004,2,67,8.1369,
FD004,2,68,7.7025,
FD004,2,69,9.3275,
FD004,2,70,9.3529,
FD004,2,71,12.647,
FD004,2,72,8.8326,
FD004,2,73,10.7109,
FD004,2,74,7.8112,
FD004,2,75,8.0394,
FD004,2,76,8.3402,
FD004,2,77,8.4289,
FD004,2,78,9.6459,
FD004,2,79,10.4521,
FD004,2,80,10.0079,
FD004,2,81,9.4471,
FD004,2,82,10.1608,
FD004,2,83,11.0672,
FD004,2,84,10.317,
FD004,2,85,8.6819,
FD004,2,86,11.2583,
FD004,2,87,10.9069,
FD004,2,88,13.4735,
FD004,2,89,9.1961,
FD004,2,90,9.1678,
FD004,2,91,8.4526,
FD004,2,92,7.4277,
FD004,2,93,7.5944,
FD004,2,94,7.8371,
FD004,2,95,8.0856,
FD004,2,96,10.0441,
FD004,2,97,10.0036,
FD004,2,98,11.775,
FD004,2,99,9.4755,
FD004,2,100,9.2338,
FD004,2,101,10.9082,
FD004,2,102,8.7991,
FD004,2,103,10.7924,
FD004,2,104,11.7606,
FD004,2,105,11.0761,
FD004,2,106,10.2192,
FD004,2,107,9.4088,
FD004,2,108,9.287,
FD004,2,109,6.6259,
FD004,2,110,6.0727,
FD004,2,111,7.0002,
FD004,2,112,8.6742,
FD004,2,113,6.9883,
FD004,2,114,7.9409,
FD004,2,115,9.3912,
FD004,2,116,11.3366,
FD004,2,117,12.1132,
FD004,2,118,10.1755,
FD004,2,119,9.601,
FD004,2,120,11.0715,
FD004,2,121,5.8489,
FD004,2,122,5.4637,
FD004,2,123,5.3312,
FD004,2,124,6.9953,
FD004,2,125,5.4769,
FD004,2,126,5.4886,
FD004,2,127,5.5408,
FD004,2,128,6.2215,
FD004,2,129,8.551,
FD004,2,130,8.5905,
FD004,2,131,8.0841,
FD004,2,132,8.9621,
FD004,2,133,8.4413,
FD004,2,134,10.3656,
FD004,2,135,11.4848,
FD004,2,136,11.8362,
FD004,2,137,12.9584,
FD004,2,138,11.3312,
FD004,2,139,7.9732,
FD004,2,140,8.6776,
FD004,2,141,10.542,
FD004,2,142,10.155,
FD004,2,143,9.9705,
FD004,2,144,9.7315,
FD004,2,145,8.4507,
FD004,2,146,7.2714,
FD004,2,147,7.1036,
FD004,2,148,7.2071,
FD004,2,149,9.0363,
FD004,2,150,7.7798,
FD004,2,151,9.6857,
FD004,2,152,10.5586,
FD004,2,153,10.8226,
FD004,3,1,0.0,
FD004,3,2,0.0,
FD004,3,3,0.0,
FD004,3,4,0.0,
FD004,3,5,0.0,
FD004,3,6,0.0,
FD004,3,7,0.0,
FD004,3,8,0.0,
FD004,3,9,0.0,
FD004,3,10,0.0,
FD004,3,11,0.0,
FD004,3,12,0.0,
FD004,3,13,0.0,
FD004,3,14,0.0,
FD004,3,15,0.0,
FD004,3,16,0.0,
FD004,3,17,0.0,
FD004,3,18,0.0,
FD004,3,19,0.0,
FD004,3,20,0.0,
FD004,3,21,0.0,
FD004,3,22,0.0,
FD004,3,23,0.0,
FD004,3,24,0.0,
FD004,3,25,0.0,
FD004,3,26,0.0,
FD004,3,27,0.0,
FD004,3,28,0.0,
FD004,3,29,0.0,
FD004,3,30,0.0,
FD004,3,31,0.0,
FD004,3,32,0.0,
FD004,3,33,0.0,
FD004,3,34,0.0,
FD004,3,35,0.0,
FD004,3,36,0.0,
FD004,3,37,0.0,
FD004,3,38,0.0,
FD004,3,39,0.0,
FD004,3,40,0.0,
FD004,3,41,0.0,
FD004,3,42,0.0,
FD004,3,43,0.0,
FD004,3,44,0.0,
FD004,3,45,0.0,
FD004,3,46,0.0,
FD004,3,47,0.0,
FD004,3,48,0.0,
FD004,3,49,0.0,
FD004,3,50,12.7303,
FD004,3,51,9.9422,
FD004,3,52,12.0958,
FD004,3,53,13.9964,
FD004,3,54,13.5685,
FD004,3,55,12.6344,
FD004,3,56,13.5389,
FD004,3,57,12.2125,
FD004,3,58,10.1909,
FD004,3,59,10.4761,
FD004,3,60,10.8436,
FD004,3,61,11.2645,
FD004,3,62,12.0903,
FD004,3,63,22.3871,
FD004,3,64,9.6425,
FD004,3,65,12.4222,
FD004,3,66,10.9767,
FD004,3,67,8.1336,
FD004,3,68,8.7634,
FD004,3,69,8.5413,
FD004,3,70,9.2666,
FD004,3,71,9.5989,
FD004,3,72,8.0303,
FD004,3,73,8.7981,
FD004,3,74,8.3871,
FD004,3,75,7.2976,
FD004,3,76,10.9751,
FD004,3,77,8.6771,
FD004,3,78,7.0658,
FD004,3,79,12.1652,
FD004,3,80,14.319,
FD004,3,81,10.5477,
FD004,3,82,11.8975,
FD004,3,83,10.8856,
FD004,3,84,11.6645,
FD004,3,85,12.8558,
FD004,3,86,8.4416,
FD004,3,87,6.1235,
FD004,3,88,8.7264,
FD004,3,89,9.046,
FD004,3,90,10.1617,
FD004,3,91,11.2563,
FD004,3,92,10.9413,
FD004,3,93,10.3203,
FD004,3,94,11.1163,
FD004,3,95,11.2393,
FD004,3,96,12.0252,
FD004,3,97,12.0407,
FD004,3,98,12.1677,
FD004,3,99,8.0723,
FD004,3,100,7.3643,
FD004,3,101,5.8349,
FD004,3,102,5.8451,
FD004,3,103,7.6068,
FD004,3,104,8.127,
FD004,3,105,7.9937,
FD004,3,106,7.0369,
FD004,3,107,5.5111,
FD004,3,108,6.0997,
FD004,3,109,6.7642,
FD004,3,110,7.047,
FD004,3,111,7.4696,
FD004,3,112,8.5386,
FD004,3,113,9.6215,
FD004,3,114,9.4392,
FD004,3,115,10.5556,
FD004,3,116,9.5576,
FD004,3,117,9.8329,
FD004,3,118,9.297,
FD004,3,119,9.8452,
FD004,3,120,12.0496,
FD004,3,121,11.5885,
FD004,3,122,10.2237,
FD004,3,123,10.6666,
FD004,3,124,12.4772,
FD004,3,125,10.8486,
FD004,3,126,12.6168,
FD004,3,127,10.7871,
FD004,3,128,10.4667,
FD004,3,129,9.9201,
FD004,3,130,11.5186,
FD004,3,131,12.0299,
FD004,3,132,10.7573,
FD004,3,133,11.7441,
FD004,3,134,12.2308,
FD004,3,135,11.6349,
FD004,3,136,11.8162,
FD004,3,137,10.8581,
FD004,3,138,13.3835,
FD004,3,139,10.8739,
FD004,3,140,9.5486,
FD004,3,141,8.5194,
FD004,4,1,0.0,
FD004,4,2,0.0,
FD004,4,3,0.0,
FD004,4,4,0.0,
FD004,4,5,0.0,
FD004,4,6,0.0,
FD004,4,7,0.0,
FD004,4,8,0.0,
FD004,4,9,0.0,
FD004,4,10,0.0,
FD004,4,11,0.0,
FD004,4,12,0.0,
FD004,4,13,0.0,
FD004,4,14,0.0,
FD004,4,15,0.0,
FD004,4,16,0.0,
FD004,4,17,0.0,
FD004,4,18,0.0,
FD004,4,19,0.0,
FD004,4,20,0.0,
FD004,4,21,0.0,
FD004,4,22,0.0,
FD004,4,23,0.0,
FD004,4,24,0.0,
FD004,4,25,0.0,
FD004,4,26,0.0,
FD004,4,27,0.0,
FD004,4,28,0.0,
FD004,4,29,0.0,
FD004,4,30,0.0,
FD004,4,31,0.0,
FD004,4,32,0.0,
FD004,4,33,0.0,
FD004,4,34,0.0,
FD004,4,35,0.0,
FD004,4,36,0.0,
FD004,4,37,0.0,
FD004,4,38,0.0,
FD004,4,39,0.0,
FD004,4,40,0.0,
FD004,4,41,0.0,
FD004,4,42,0.0,
FD004,4,43,0.0,
FD004,4,44,0.0,
FD004,4,45,0.0,
FD004,4,46,0.0,
FD004,4,47,0.0,
FD004,4,48,0.0,
FD004,4,49,0.0,
FD004,4,50,10.8803,
FD004,4,51,10.0876,
FD004,4,52,11.7191,
FD004,4,53,8.8105,
FD004,4,54,8.9406,
FD004,4,55,8.9263,
FD004,4,56,8.0579,
FD004,4,57,7.8452,
FD004,4,58,9.6104,
FD004,4,59,9.657,
FD004,4,60,10.0329,
FD004,4,61,11.8019,
FD004,4,62,14.2036,
FD004,4,63,16.5145,
FD004,4,64,17.3989,
FD004,4,65,15.5798,
FD004,4,66,14.7471,
FD004,4,67,16.1438,
FD004,4,68,17.0123,
FD004,4,69,15.4366,
FD004,4,70,13.3015,
FD004,4,71,13.7006,
FD004,4,72,13.045,
FD004,4,73,13.0356,
FD004,4,74,12.0239,
FD004,4,75,11.7533,
FD004,4,76,13.1832,
FD004,4,77,13.2146,
FD004,4,78,15.615,
FD004,4,79,17.375,
FD004,4,80,19.1493,
FD004,4,81,15.8185,
FD004,4,82,13.86,
FD004,4,83,14.5513,
FD004,4,84,14.7788,
FD004,4,85,15.5809,
FD004,4,86,15.4923,
FD004,4,87,14.4426,
FD004,4,88,11.9409,
FD004,4,89,9.023,
FD004,4,90,11.2347,
FD004,4,91,8.5297,
FD004,4,92,10.6989,
FD004,4,93,8.4434,
FD004,4,94,9.5086,
FD004,4,95,9.4844,
FD004,4,96,9.0133,
FD004,4,97,12.6107,
FD004,4,98,8.1855,
FD004,4,99,6.3224,
FD004,4,100,8.6597,
FD004,4,101,7.431,
FD004,4,102,8.4284,
FD004,4,103,8.7876,
FD004,4,104,12.0593,
FD004,4,105,7.6936,
FD004,4,106,8.0898,
FD004,4,107,7.2498,
FD004,4,108,6.6552,
FD004,4,109,6.1922,
FD004,4,110,6.1478,
FD004,4,111,9.0709,
FD004,4,112,6.7043,
FD004,4,113,9.4773,
FD004,4,114,9.5607,
FD004,4,115,8.642,
FD004,4,116,12.806,
FD004,4,117,8.8949,
FD004,4,118,11.4552,
FD004,4,119,11.5401,
FD004,4,120,10.5337,
FD004,4,121,12.2308,
FD004,4,122,13.392,
FD004,4,123,11.0148,
FD004,4,124,10.387,
FD004,4,125,10.3968,
FD004,4,126,10.5422,
FD004,4,127,8.6208,
FD004,4,128,8.6435,
FD004,4,129,8.9774,
FD004,4,130,7.9322,
FD004,4,131,7.0984,
FD004,4,132,7.2802,
FD004,4,133,7.4803,
FD004,4,134,5.6985,
FD004,4,135,7.9501,
FD004,4,136,7.5792,
FD004,4,137,8.0874,
FD004,4,138,9.9629,
FD004,4,139,13.4776,
FD004,4,140,14.3718,
FD004,4,141,15.158,
FD004,4,142,14.3812,
FD004,4,143,15.435,
FD004,4,144,16.0403,
FD004,4,145,15.3804,
FD004,4,146,14.1927,
FD004,4,147,16.095,
FD004,4,148,13.9571,
FD004,4,149,12.4951,
FD004,4,150,11.5287,
FD004,4,151,8.0605,
FD004,4,152,7.498,
FD004,4,153,7.2383,
FD004,4,154,7.1475,
FD004,4,155,7.1894,
FD004,4,156,8.2326,
FD004,4,157,6.9745,
FD004,4,158,6.6277,
FD004,4,159,6.7233,
FD004,4,160,7.4288,
FD004,4,161,10.161,
FD004,4,162,10.5405,
FD004,4,163,11.5446,
FD004,4,164,12.4607,
FD004,4,165,12.1777,
FD004,4,166,11.946,
FD004,4,167,12.0407,
FD004,4,168,12.125,
FD004,4,169,10.6171,
FD004,4,170,9.5916,
FD004,4,171,9.2652,
FD004,4,172,9.7333,
FD004,4,173,8.3957,
FD004,4,174,7.77,
FD004,4,175,9.0045,
FD004,4,176,8.6387,
FD004,4,177,10.0228,
FD004,4,178,10.3791,
FD004,4,179,10.7943,
FD004,4,180,9.9773,
FD004,4,181,8.9788,
FD004,4,182,11.6212,
FD004,4,183,11.636,
FD004,4,184,12.3403,
FD004,4,185,12.6233,
FD004,4,186,11.6497,
FD004,4,187,10.5322,
FD004,4,188,11.4583,
FD004,4,189,12.1928,
FD004,4,190,13.482,
FD004,4,191,13.9261,
FD004,4,192,11.7487,
FD004,4,193,11.6512,
FD004,4,194,12.2904,
FD004,4,195,14.5543,
FD004,4,196,12.5784,
FD004,4,197,12.0283,
FD004,4,198,10.9881,
FD004,4,199,11.0896,
FD004,4,200,11.4068,
FD004,4,201,11.5188,
FD004,4,202,10.5994,
FD004,4,203,10.6906,
FD004,4,204,12.602,
FD004,4,205,11.5948,
FD004,4,206,10.836,
FD004,4,207,12.8125,
FD004,4,208,9.1246,
FD004,5,1,0.0,
FD004,5,2,0.0,
FD004,5,3,0.0,
FD004,5,4,0.0,
FD004,5,5,0.0,
FD004,5,6,0.0,
FD004,5,7,0.0,
FD004,5,8,0.0,
FD004,5,9,0.0,
FD004,5,10,0.0,
FD004,5,11,0.0,
FD004,5,12,0.0,
FD004,5,13,0.0,
FD004,5,14,0.0,
FD004,5,15,0.0,
FD004,5,16,0.0,
FD004,5,17,0.0,
FD004,5,18,0.0,
FD004,5,19,0.0,
FD004,5,20,0.0,
FD004,5,21,0.0,
FD004,5,22,0.0,
FD004,5,23,0.0,
FD004,5,24,0.0,
FD004,5,25,0.0,
FD004,5,26,0.0,
FD004,5,27,0.0,
FD004,5,28,0.0,
FD004,5,29,0.0,
FD004,5,30,0.0,
FD004,5,31,0.0,
FD004,5,32,0.0,
FD004,5,33,0.0,
FD004,5,34,0.0,
FD004,5,35,0.0,
FD004,5,36,0.0,
FD004,5,37,0.0,
FD004,5,38,0.0,
FD004,5,39,0.0,
FD004,5,40,0.0,
FD004,5,41,0.0,
FD004,5,42,0.0,
FD004,5,43,0.0,
FD004,5,44,0.0,
FD004,5,45,0.0,
FD004,5,46,0.0,
FD004,5,47,0.0,
FD004,5,48,0.0,
FD004,5,49,0.0,
FD004,5,50,11.7469,
FD004,5,51,10.1584,
FD004,6,1,0.0,
FD004,6,2,0.0,
FD004,6,3,0.0,
FD004,6,4,0.0,
FD004,6,5,0.0,
FD004,6,6,0.0,
FD004,6,7,0.0,
FD004,6,8,0.0,
FD004,6,9,0.0,
FD004,6,10,0.0,
FD004,6,11,0.0,
FD004,6,12,0.0,
FD004,6,13,0.0,
FD004,6,14,0.0,
FD004,6,15,0.0,
FD004,6,16,0.0,
FD004,6,17,0.0,
FD004,6,18,0.0,
FD004,6,19,0.0,
FD004,6,20,0.0,
FD004,6,21,0.0,
FD004,6,22,0.0,
FD004,6,23,0.0,
FD004,6,24,0.0,
FD004,6,25,0.0,
FD004,6,26,0.0,
FD004,6,27,0.0,
FD004,6,28,0.0,
FD004,6,29,0.0,
FD004,6,30,0.0,
FD004,6,31,0.0,
FD004,6,32,0.0,
FD004,6,33,0.0,
FD004,6,34,0.0,
FD004,6,35,0.0,
FD004,6,36,0.0,
FD004,6,37,0.0,
FD004,6,38,0.0,
FD004,6,39,0.0,
FD004,6,40,0.0,
FD004,6,41,0.0,
FD004,6,42,0.0,
FD004,6,43,0.0,
FD004,6,44,0.0,
FD004,6,45,0.0,
FD004,6,46,0.0,
FD004,6,47,0.0,
FD004,6,48,0.0,
FD004,6,49,0.0,
FD004,6,50,7.3475,
FD004,6,51,9.3869,
FD004,6,52,10.4991,
FD004,6,53,8.4825,
FD004,6,54,11.2844,
FD004,6,55,7.073,
FD004,6,56,6.3578,
FD004,6,57,7.7079,
FD004,6,58,8.4533,
FD004,6,59,9.1536,
FD004,6,60,7.9204,
FD004,6,61,8.579,
FD004,6,62,8.923,
FD004,6,63,8.7044,
FD004,6,64,8.6081,
FD004,6,65,9.5801,
FD004,6,66,9.5904,
FD004,6,67,10.9097,
FD004,6,68,11.7237,
FD004,6,69,12.6375,
FD004,6,70,10.3364,
FD004,6,71,11.1206,
FD004,6,72,9.5213,
FD004,6,73,11.4536,
FD004,6,74,8.0546,
FD004,6,75,6.7192,
FD004,6,76,6.8476,
FD004,6,77,8.2102,
FD004,6,78,12.1522,
FD004,6,79,8.1791,
FD004,6,80,8.7861,
FD004,6,81,9.0725,
FD004,6,82,9.8434,
FD004,6,83,9.1271,
FD004,6,84,10.8933,
FD004,6,85,9.346,
FD004,6,86,8.787,
FD004,6,87,8.827,
FD004,6,88,8.4495,
FD004,6,89,7.5213,
FD004,6,90,7.6597,
FD004,6,91,6.6751,
FD004,6,92,8.667,
FD004,6,93,9.5458,
FD004,6,94,9.5646,
FD004,6,95,10.8757,
FD004,6,96,10.9945,
FD004,6,97,9.0018,
FD004,6,98,13.3177,
FD004,6,99,14.133,
FD004,6,100,13.5327,
FD004,6,101,11.4668,
FD004,6,102,12.7637,
FD004,6,103,12.3,
FD004,6,104,12.6483,
FD004,6,105,11.5511,
FD004,6,106,12.0469,
FD004,6,107,10.2194,
FD004,6,108,9.3851,
FD004,6,109,8.706,
FD004,6,110,8.565,
FD004,6,111,7.6612,
FD004,6,112,6.8858,
FD004,6,113,6.0344,
FD004,6,114,6.4812,
FD004,6,115,5.4751,
FD004,6,116,6.4553,
FD004,6,117,7.9183,
FD004,6,118,6.1579,
FD004,6,119,8.2614,
FD004,6,120,7.9212,
FD004,6,121,8.1287,
FD004,6,122,7.0605,
FD004,6,123,7.7395,
FD004,6,124,8.1628,
FD004,6,125,8.0071,
FD004,6,126,7.9266,
FD004,6,127,6.8806,
FD004,6,128,5.9564,
FD004,6,129,5.7372,
FD004,6,130,6.1462,
FD004,6,131,5.5646,
FD004,6,132,4.6617,
FD004,6,133,5.1944,
FD004,6,134,7.0,
FD004,6,135,8.6857,
FD004,6,136,5.7873,
FD004,6,137,5.8313,
FD004,6,138,6.1664,
FD004,6,139,8.8416,
FD004,6,140,9.0249,
FD004,6,141,7.0087,
FD004,6,142,7.3669,
FD004,6,143,7.0284,
FD004,6,144,7.6121,
FD004,6,145,8.9679,
FD004,6,146,9.9035,
FD004,7,1,0.0,
FD004,7,2,0.0,
FD004,7,3,0.0,
FD004,7,4,0.0,
FD004,7,5,0.0,
FD004,7,6,0.0,
FD004,7,7,0.0,
FD004,7,8,0.0,
FD004,7,9,0.0,
FD004,7,10,0.0,
FD004,7,11,0.0,
FD004,7,12,0.0,
FD004,7,13,0.0,
FD004,7,14,0.0,
FD004,7,15,0.0,
FD004,7,16,0.0,
FD004,7,17,0.0,
FD004,7,18,0.0,
FD004,7,19,0.0,
FD004,7,20,0.0,
FD004,7,21,0.0,
FD004,7,22,0.0,
FD004,7,23,0.0,
FD004,7,24,0.0,
FD004,7,25,0.0,
FD004,7,26,0.0,
FD004,7,27,0.0,
FD004,7,28,0.0,
FD004,7,29,0.0,
FD004,7,30,0.0,
FD004,7,31,0.0,
FD004,7,32,0.0,
FD004,7,33,0.0,
FD004,7,34,0.0,
FD004,7,35,0.0,
FD004,7,36,0.0,
FD004,7,37,0.0,
FD004,7,38,0.0,
FD004,7,39,0.0,
FD004,7,40,0.0,
FD004,7,41,0.0,
FD004,7,42,0.0,
FD004,7,43,0.0,
FD004,7,44,0.0,
FD004,7,45,0.0,
FD004,7,46,0.0,
FD004,7,47,0.0,
FD004,7,48,0.0,
FD004,7,49,0.0,
FD004,7,50,11.9238,
FD004,7,51,12.0626,
FD004,7,52,12.7408,
FD004,7,53,11.2189,
FD004,7,54,10.9858,
FD004,8,1,0.0,
FD004,8,2,0.0,
FD004,8,3,0.0,
FD004,8,4,0.0,
FD004,8,5,0.0,
FD004,8,6,0.0,
FD004,8,7,0.0,
FD004,8,8,0.0,
FD004,8,9,0.0,
FD004,8,10,0.0,
FD004,8,11,0.0,
FD004,8,12,0.0,
FD004,8,13,0.0,
FD004,8,14,0.0,
FD004,8,15,0.0,
FD004,8,16,0.0,
FD004,8,17,0.0,
FD004,8,18,0.0,
FD004,8,19,0.0,
FD004,8,20,0.0,
FD004,8,21,0.0,
FD004,8,22,0.0,
FD004,8,23,0.0,
FD004,8,24,0.0,
FD004,8,25,0.0,
FD004,8,26,0.0,
FD004,8,27,0.0,
FD004,8,28,0.0,
FD004,8,29,0.0,
FD004,8,30,0.0,
FD004,8,31,0.0,
FD004,8,32,0.0,
FD004,8,33,0.0,
FD004,8,34,0.0,
FD004,8,35,0.0,
FD004,8,36,0.0,
FD004,8,37,0.0,
FD004,8,38,0.0,
FD004,8,39,0.0,
FD004,8,40,0.0,
FD004,8,41,0.0,
FD004,8,42,0.0,
FD004,8,43,0.0,
FD004,8,44,0.0,
FD004,8,45,0.0,
FD004,8,46,0.0,
FD004,8,47,0.0,
FD004,8,48,0.0,
FD004,8,49,0.0,
FD004,8,50,5.4736,
FD004,8,51,8.6993,
FD004,8,52,7.8844,
FD004,8,53,8.1455,
FD004,8,54,8.5831,
FD004,8,55,8.9001,
FD004,8,56,11.4667,
FD004,8,57,8.4695,
FD004,8,58,7.0644,
FD004,8,59,5.6234,
FD004,8,60,6.495,
FD004,8,61,7.3114,
FD004,8,62,7.1141,
FD004,8,63,10.3714,
FD004,8,64,7.7,
FD004,8,65,8.551,
FD004,8,66,7.5894,
FD004,8,67,9.2602,
FD004,8,68,11.0531,
FD004,8,69,11.3111,
FD004,8,70,10.5968,
FD004,8,71,11.4944,
FD004,8,72,9.2903,
FD004,8,73,12.174,
FD004,8,74,11.3008,
FD004,8,75,6.1349,
FD004,8,76,10.1688,
FD004,8,77,10.3793,
FD004,8,78,11.2117,
FD004,8,79,10.4072,
FD004,8,80,8.163,
FD004,8,81,8.6169,
FD004,8,82,8.8491,
FD004,8,83,8.6789,
FD004,8,84,10.0743,
FD004,8,85,8.2166,
FD004,8,86,10.7633,
FD004,8,87,11.2915,
FD004,8,88,8.7889,
FD004,8,89,8.3587,
FD004,8,90,7.7609,
FD004,8,91,7.6989,
FD004,8,92,10.6359,
FD004,8,93,11.6804,
FD004,8,94,11.6003,
FD004,8,95,13.4605,
FD004,8,96,12.3945,
FD004,8,97,13.904,
FD004,8,98,12.7869,
FD004,8,99,12.9034,
FD004,8,100,13.6697,
FD004,8,101,15.3907,
FD004,8,102,13.5823,
FD004,8,103,9.0196,
FD004,8,104,8.3492,
FD004,8,105,8.0665,
FD004,8,106,7.369,
FD004,8,107,5.2797,
FD004,8,108,6.0646,
FD004,8,109,7.7954,
FD004,8,110,6.8806,
FD004,8,111,8.221,
FD004,8,112,9.0506,
FD004,8,113,11.7165,
FD004,8,114,9.1902,
FD004,8,115,11.4197,
FD004,8,116,12.597,
FD004,8,117,13.9962,
FD004,8,118,11.794,
FD004,8,119,11.6351,
FD004,8,120,11.4502,
FD004,8,121,11.3662,
FD004,8,122,12.7839,
FD004,8,123,13.401,
FD004,8,124,11.489,
FD004,8,125,11.5482,
FD004,8,126,13.9856,
FD004,8,127,12.2934,
FD004,8,128,10.467,
FD004,8,129,10.3597,
FD004,8,130,15.4987,
FD004,8,131,15.8889,
FD004,8,132,11.1388,
FD004,8,133,8.4922,
FD004,8,134,7.7939,
FD004,8,135,7.7572,
FD004,8,136,11.6327,
FD004,8,137,15.1705,
FD004,8,138,13.0704,
FD004,8,139,13.1727,
FD004,8,140,13.3376,
FD004,8,141,13.2801,
FD004,8,142,12.6641,
FD004,8,143,13.7587,
FD004,8,144,10.8739,
FD004,8,145,13.8525,
FD004,8,146,12.4685,
FD004,8,147,13.064,
FD004,8,148,8.3784,
FD004,8,149,7.2824,
FD004,8,150,9.5145,
FD004,8,151,10.2774,
FD004,8,152,11.0011,
FD004,8,153,9.9357,
FD004,8,154,6.6725,
FD004,8,155,8.8439,
FD004,8,156,7.3891,
FD004,8,157,9.2259,
FD004,8,158,8.7918,
FD004,8,159,9.8784,
FD004,8,160,9.2426,
FD004,8,161,9.7606,
FD004,8,162,12.4109,
FD004,8,163,14.0204,
FD004,8,164,14.6377,
FD004,8,165,14.3263,
FD004,8,166,13.7924,
FD004,8,167,9.0706,
FD004,8,168,9.2614,
FD004,8,169,9.3406,
FD004,8,170,9.7265,
FD004,8,171,8.7583,
FD004,8,172,8.6169,
FD004,8,173,6.8123,
FD004,8,174,6.2895,
FD004,8,175,6.129,
FD004,8,176,5.6269,
FD004,8,177,5.4811,
FD004,8,178,7.7889,
FD004,8,179,7.1098,
FD004,8,180,7.2563,
FD004,8,181,8.7345,
FD004,8,182,11.9283,
FD004,8,183,6.7163,
FD004,8,184,7.3691,
FD004,8,185,7.2555,
FD004,8,186,7.5301,
FD004,8,187,8.081,
FD004,8,188,7.6483,
FD004,8,189,7.2258,
FD004,8,190,10.1077,
FD004,8,191,11.886,
FD004,8,192,12.2377,
FD004,8,193,14.1382,
FD004,8,194,14.6049,
FD004,8,195,14.022,
FD004,8,196,13.931,
FD004,8,197,15.6089,
FD004,8,198,15.4542,
FD004,8,199,17.0922,
FD004,8,200,13.8217,
FD004,8,201,11.5066,
FD004,8,202,10.4604,
FD004,8,203,11.1516,
FD004,8,204,9.6867,
FD004,8,205,12.3762,
FD004,8,206,15.7971,
FD004,8,207,15.5558,
FD004,8,208,13.8775,
FD004,8,209,13.8967,
FD004,8,210,13.6372,
FD004,8,211,13.8816,
FD004,8,212,13.8532,
FD004,8,213,13.9628,
FD004,8,214,14.2127,
FD004,8,215,12.0598,
FD004,8,216,12.8033,
FD004,8,217,9.388,
FD004,8,218,7.6428,
FD004,8,219,10.4598,
FD004,8,220,15.5223,
FD004,8,221,8.3333,
FD004,8,222,8.5199,
FD004,8,223,8.0816,
FD004,8,224,8.6541,
FD004,8,225,6.8015,
FD004,8,226,6.6703,
FD004,8,227,6.4312,
FD004,8,228,6.8731,
FD004,8,229,6.7505,
FD004,8,230,6.7808,
FD004,8,231,7.472,
FD004,8,232,7.818,
FD004,8,233,7.9874,
FD004,8,234,10.4012,
FD004,8,235,7.1562,
FD004,8,236,6.1779,
FD004,8,237,10.6129,
FD004,8,238,11.2359,
FD004,8,239,10.1327,
FD004,8,240,10.9903,
FD004,8,241,11.7077,
FD004,8,242,11.7894,
FD004,8,243,12.3217,
FD004,8,244,12.4003,
FD004,8,245,11.5123,
FD004,8,246,10.6381,
FD004,8,247,12.9408,
FD004,8,248,12.9581,
FD004,9,1,0.0,
FD004,9,2,0.0,
FD004,9,3,0.0,
FD004,9,4,0.0,
FD004,9,5,0.0,
FD004,9,6,0.0,
FD004,9,7,0.0,
FD004,9,8,0.0,
FD004,9,9,0.0,
FD004,9,10,0.0,
FD004,9,11,0.0,
FD004,9,12,0.0,
FD004,9,13,0.0,
FD004,9,14,0.0,
FD004,9,15,0.0,
FD004,9,16,0.0,
FD004,9,17,0.0,
FD004,9,18,0.0,
FD004,9,19,0.0,
FD004,9,20,0.0,
FD004,9,21,0.0,
FD004,9,22,0.0,
FD004,9,23,0.0,
FD004,9,24,0.0,
FD004,9,25,0.0,
FD004,9,26,0.0,
FD004,9,27,0.0,
FD004,9,28,0.0,
FD004,9,29,0.0,
FD004,9,30,0.0,
FD004,9,31,0.0,
FD004,9,32,0.0,
FD004,9,33,0.0,
FD004,9,34,0.0,
FD004,9,35,0.0,
FD004,9,36,0.0,
FD004,9,37,0.0,
FD004,9,38,0.0,
FD004,9,39,0.0,
FD004,9,40,0.0,
FD004,9,41,0.0,
FD004,9,42,0.0,
FD004,9,43,0.0,
FD004,9,44,0.0,
FD004,9,45,0.0,
FD004,9,46,0.0,
FD004,9,47,0.0,
FD004,9,48,0.0,
FD004,9,49,0.0,
FD004,9,50,9.5092,
FD004,9,51,9.0084,
FD004,9,52,8.6351,
FD004,9,53,7.2603,
FD004,9,54,8.362,
FD004,9,55,11.8609,
FD004,9,56,11.8328,
FD004,9,57,11.6695,
FD004,9,58,11.923,
FD004,9,59,7.7548,
FD004,9,60,7.8973,
FD004,9,61,8.763,
FD004,9,62,10.823,
FD004,9,63,10.0533,
FD004,9,64,10.048,
FD004,9,65,9.9567,
FD004,9,66,9.2969,
FD004,9,67,8.1853,
FD004,9,68,9.319,
FD004,9,69,10.0321,
FD004,9,70,14.7366,
FD004,9,71,12.6368,
FD004,9,72,13.2743,
FD004,9,73,9.3882,
FD004,9,74,9.4716,
FD004,9,75,11.5279,
FD004,9,76,13.7057,
FD004,9,77,14.9574,
FD004,9,78,18.7247,
FD004,9,79,15.4893,
FD004,9,80,15.2687,
FD004,9,81,16.5697,
FD004,9,82,14.475,
FD004,9,83,15.7976,
FD004,9,84,14.691,
FD004,9,85,15.759,
FD004,9,86,16.9764,
FD004,9,87,13.9665,
FD004,9,88,13.1592,
FD004,9,89,11.34,
FD004,9,90,12.1753,
FD004,9,91,10.6097,
FD004,9,92,11.4904,
FD004,9,93,10.784,
FD004,9,94,11.7684,
FD004,9,95,7.8126,
FD004,9,96,6.9453,
FD004,9,97,6.1629,
FD004,9,98,6.9747,
FD004,9,99,6.0426,
FD004,9,100,6.2364,
FD004,9,101,6.546,
FD004,9,102,6.0388,
FD004,9,103,5.4187,
FD004,9,104,5.9672,
FD004,9,105,7.4306,
FD004,9,106,6.3391,
FD004,9,107,9.9976,
FD004,9,108,11.7884,
FD004,9,109,15.0141,
FD004,9,110,11.3456,
FD004,9,111,12.0132,
FD004,9,112,10.5821,
FD004,9,113,12.4805,
FD004,9,114,11.4051,
FD004,9,115,13.1517,
FD004,9,116,12.4303,
FD004,9,117,11.2719,
FD004,9,118,13.4596,
FD004,9,119,11.5116,
FD004,9,120,10.9381,
FD004,9,121,7.743,
FD004,9,122,6.8927,
FD004,9,123,7.1564,
FD004,9,124,7.7132,
FD004,9,125,7.8361,
FD004,9,126,8.1857,
FD004,9,127,8.4438,
FD004,9,128,11.0339,
FD004,9,129,11.2612,
FD004,9,130,10.6961,
FD004,9,131,15.2528,
FD004,9,132,10.1274,
FD004,9,133,9.1986,
FD004,9,134,10.753,
FD004,9,135,11.8268,
FD004,9,136,8.7344,
FD004,9,137,8.6151,
FD004,9,138,7.8155,
FD004,9,139,7.1479,
FD004,9,140,6.7546,
FD004,9,141,6.7515,
FD004,9,142,10.021,
FD004,9,143,8.7477,
FD004,9,144,10.3501,
FD004,9,145,10.4286,
FD004,9,146,10.8714,
FD004,9,147,11.0744,
FD004,9,148,14.8542,
FD004,9,149,14.6291,
FD004,9,150,15.4557,
FD004,9,151,14.7079,
FD004,9,152,13.233,
FD004,9,153,14.3451,
FD004,9,154,11.376,
FD004,9,155,11.122,
FD004,9,156,11.7467,
FD004,9,157,11.6801,
FD004,9,158,11.3893,
FD004,9,159,11.1796,
FD004,9,160,12.2561,
FD004,9,161,12.3627,
FD004,9,162,12.4347,
FD004,9,163,11.8582,
FD004,9,164,11.989,
FD004,9,165,12.6308,
FD004,9,166,13.2471,
FD004,9,167,8.3486,
FD004,9,168,13.8687,
FD004,9,169,12.4949,
FD004,9,170,13.3661,
FD004,9,171,15.3866,
FD004,9,172,16.2895,
FD004,9,173,14.6069,
FD004,9,174,13.3105,
FD004,9,175,11.6562,
FD004,9,176,11.533,
FD004,9,177,11.4474,
FD004,9,178,10.542,
FD004,9,179,12.0625,
FD004,9,180,10.0604,
FD004,9,181,12.8575,
FD004,9,182,12.7403,
FD004,9,183,12.2183,
FD004,9,184,9.3924,
FD004,9,185,8.0167,
FD004,9,186,7.6037,
FD004,9,187,9.7375,
FD004,9,188,11.1166,
FD004,9,189,9.7951,
FD004,9,190,7.6738,
FD004,9,191,7.8194,
FD004,9,192,5.7957,
FD004,9,193,5.7957,
FD004,9,194,4.9102,
FD004,9,195,6.204,
FD004,9,196,4.6109,
FD004,9,197,8.5305,
FD004,9,198,9.0117,
FD004,9,199,14.1744,
FD004,9,200,8.3517,
FD004,9,201,8.0048,
FD004,9,202,8.915,
FD004,9,203,13.2089,
FD004,9,204,15.3383,
FD004,9,205,15.5039,
FD004,9,206,11.3246,
FD004,9,207,10.9678,
FD004,9,208,11.2287,
FD004,9,209,8.8649,
FD004,9,210,7.358,
FD004,9,211,8.1588,
FD004,9,212,8.2983,
FD004,9,213,7.9787,
FD004,9,214,8.976,
FD004,9,215,8.6252,
FD004,9,216,8.5896,
FD004,9,217,9.352,
FD004,9,218,9.502,
FD004,9,219,9.445,
FD004,9,220,8.404,
FD004,9,221,9.7446,
FD004,9,222,9.9225,
FD004,9,223,9.9288,
FD004,9,224,10.6124,
FD004,9,225,11.3785,
FD004,9,226,11.0218,
FD004,9,227,11.2648,
FD004,9,228,13.5457,
FD004,9,229,14.7126,
FD004,9,230,11.6662,
FD004,9,231,12.1791,
FD004,9,232,12.6076,
FD004,9,233,10.9482,
FD004,9,234,11.0841,
FD004,9,235,12.0235,
FD004,9,236,14.6581,
FD004,9,237,17.4557,
FD004,9,238,15.9892,
FD004,9,239,15.7038,
FD004,9,240,13.6234,
FD004,9,241,14.4392,
FD004,9,242,12.5735,
FD004,9,243,13.7301,
FD004,9,244,15.1713,
FD004,9,245,14.6102,
FD004,9,246,14.8223,
FD004,9,247,14.6562,
FD004,9,248,13.2948,
FD004,9,249,10.0903,
FD004,9,250,12.5846,
FD004,9,251,12.2983,
FD004,9,252,14.1024,
FD004,9,253,15.7808,
FD004,9,254,15.3884,
FD004,9,255,8.8538,
FD004,9,256,7.0146,
FD004,9,257,5.5025,
FD004,9,258,5.7505,
FD004,9,259,5.0774,
FD004,9,260,7.4787,
FD004,9,261,8.9982,
FD004,9,262,10.1598,
FD004,9,263,12.9749,
FD004,9,264,10.1956,
FD004,9,265,9.8113,
FD004,9,266,11.7558,
FD004,9,267,11.2823,
FD004,9,268,8.5183,
FD004,9,269,8.8987,
FD004,9,270,9.2521,
FD004,9,271,8.6651,
FD004,9,272,6.8197,
FD004,9,273,6.8283,
FD004,9,274,5.7866,
FD004,9,275,6.2211,
FD004,9,276,6.459,
FD004,9,277,8.7123,
FD004,9,278,7.5753,
FD004,9,279,7.9658,
FD004,9,280,7.4348,
FD004,9,281,8.1056,
FD004,9,282,7.9023,
FD004,9,283,8.9896,
FD004,9,284,9.2226,
FD004,10,1,0.0,
FD004,10,2,0.0,
FD004,10,3,0.0,
FD004,10,4,0.0,
FD004,10,5,0.0,
FD004,10,6,0.0,
FD004,10,7,0.0,
FD004,10,8,0.0,
FD004,10,9,0.0,
FD004,10,10,0.0,
FD004,10,11,0.0,
FD004,10,12,0.0,
FD004,10,13,0.0,
FD004,10,14,0.0,
FD004,10,15,0.0,
FD004,10,16,0.0,
FD004,10,17,0.0,
FD004,10,18,0.0,
FD004,10,19,0.0,
FD004,10,20,0.0,
FD004,10,21,0.0,
FD004,10,22,0.0,
FD004,10,23,0.0,
FD004,11,1,0.0,
FD004,11,2,0.0,
FD004,11,3,0.0,
FD004,11,4,0.0,
FD004,11,5,0.0,
FD004,11,6,0.0,
FD004,11,7,0.0,
FD004,11,8,0.0,
FD004,11,9,0.0,
FD004,11,10,0.0,
FD004,11,11,0.0,
FD004,11,12,0.0,
FD004,11,13,0.0,
FD004,11,14,0.0,
FD004,11,15,0.0,
FD004,11,16,0.0,
FD004,11,17,0.0,
FD004,11,18,0.0,
FD004,11,19,0.0,
FD004,11,20,0.0,
FD004,11,21,0.0,
FD004,11,22,0.0,
FD004,11,23,0.0,
FD004,11,24,0.0,
FD004,11,25,0.0,
FD004,11,26,0.0,
FD004,11,27,0.0,
FD004,11,28,0.0,
FD004,11,29,0.0,
FD004,11,30,0.0,
FD004,11,31,0.0,
FD004,11,32,0.0,
FD004,11,33,0.0,
FD004,11,34,0.0,
FD004,11,35,0.0,
FD004,11,36,0.0,
FD004,11,37,0.0,
FD004,11,38,0.0,
FD004,11,39,0.0,
FD004,11,40,0.0,
FD004,11,41,0.0,
FD004,11,42,0.0,
FD004,11,43,0.0,
FD004,11,44,0.0,
FD004,11,45,0.0,
FD004,11,46,0.0,
FD004,11,47,0.0,
FD004,11,48,0.0,
FD004,11,49,0.0,
FD004,11,50,5.5779,
FD004,11,51,6.6525,
FD004,11,52,7.5441,
FD004,11,53,8.9422,
FD004,11,54,9.6855,
FD004,11,55,13.6169,
FD004,11,56,10.4457,
FD004,11,57,11.4543,
FD004,11,58,11.1449,
FD004,11,59,11.9947,
FD004,11,60,7.0314,
FD004,11,61,6.2746,
FD004,11,62,7.5412,
FD004,11,63,10.3207,
FD004,11,64,13.6151,
FD004,11,65,7.1511,
FD004,11,66,6.6965,
FD004,11,67,5.705,
FD004,11,68,6.8904,
FD004,11,69,6.6337,
FD004,11,70,7.0609,
FD004,11,71,7.2343,
FD004,11,72,6.0553,
FD004,11,73,5.8159,
FD004,11,74,5.5714,
FD004,11,75,5.4936,
FD004,11,76,7.2854,
FD004,11,77,5.0346,
FD004,11,78,5.434,
FD004,11,79,6.2605,
FD004,11,80,6.1575,
FD004,11,81,5.4075,
FD004,11,82,7.731,
FD004,12,1,0.0,
FD004,12,2,0.0,
FD004,12,3,0.0,
FD004,12,4,0.0,
FD004,12,5,0.0,
FD004,12,6,0.0,
FD004,12,7,0.0,
FD004,12,8,0.0,
FD004,12,9,0.0,
FD004,12,10,0.0,
FD004,12,11,0.0,
FD004,12,12,0.0,
FD004,12,13,0.0,
FD004,12,14,0.0,
FD004,12,15,0.0,
FD004,12,16,0.0,
FD004,12,17,0.0,
FD004,12,18,0.0,
FD004,12,19,0.0,
FD004,12,20,0.0,
FD004,12,21,0.0,
FD004,12,22,0.0,
FD004,12,23,0.0,
FD004,12,24,0.0,
FD004,12,25,0.0,
FD004,12,26,0.0,
FD004,12,27,0.0,
FD004,12,28,0.0,
FD004,12,29,0.0,
FD004,12,30,0.0,
FD004,12,31,0.0,
FD004,12,32,0.0,
FD004,12,33,0.0,
FD004,12,34,0.0,
FD004,12,35,0.0,
FD004,12,36,0.0,
FD004,12,37,0.0,
FD004,12,38,0.0,
FD004,12,39,0.0,
FD004,12,40,0.0,
FD004,12,41,0.0,
FD004,12,42,0.0,
FD004,12,43,0.0,
FD004,12,44,0.0,
FD004,12,45,0.0,
FD004,12,46,0.0,
FD004,12,47,0.0,
FD004,12,48,0.0,
FD004,12,49,0.0,
FD004,12,50,9.0223,
FD004,12,51,8.9643,
FD004,12,52,9.5908,
FD004,12,53,8.3194,
FD004,12,54,8.6345,
FD004,12,55,10.9037,
FD004,12,56,9.0847,
FD004,12,57,11.2563,
FD004,12,58,11.3918,
FD004,12,59,12.9789,
FD004,12,60,11.1171,
FD004,12,61,12.2091,
FD004,12,62,9.2617,
FD004,12,63,9.9349,
FD004,12,64,8.7359,
FD004,12,65,9.2635,
FD004,12,66,10.3317,
FD004,12,67,10.8253,
FD004,12,68,9.5961,
FD004,12,69,9.2719,
FD004,12,70,9.2159,
FD004,12,71,8.5676,
FD004,12,72,8.2187,
FD004,12,73,7.4061,
FD004,12,74,11.8634,
FD004,12,75,9.2544,
FD004,12,76,7.7372,
FD004,12,77,11.4421,
FD004,12,78,6.9445,
FD004,12,79,6.2749,
FD004,12,80,6.328,
FD004,12,81,6.6999,
FD004,12,82,7.3315,
FD004,12,83,5.4932,
FD004,12,84,8.9656,
FD004,12,85,8.3406,
FD004,12,86,8.2151,
FD004,12,87,8.5774,
FD004,12,88,8.848,
FD004,12,89,16.1494,
FD004,12,90,12.3842,
FD004,12,91,11.4325,
FD004,12,92,6.81,
FD004,12,93,7.1747,
FD004,12,94,6.3627,
FD004,12,95,8.3153,
FD004,12,96,6.2146,
FD004,12,97,7.2653,
FD004,12,98,7.7178,
FD004,12,99,6.2558,
FD004,12,100,5.4829,
FD004,12,101,7.3082,
FD004,12,102,7.003,
FD004,12,103,14.598,
FD004,12,104,10.3283,
FD004,12,105,10.8046,
FD004,12,106,11.668,
FD004,12,107,12.8553,
FD004,12,108,16.908,
FD004,12,109,15.3835,
FD004,12,110,12.072,
FD004,12,111,11.6697,
FD004,12,112,13.039,
FD004,12,113,11.4682,
FD004,12,114,13.4924,
FD004,12,115,14.3534,
FD004,12,116,15.3421,
FD004,12,117,14.3938,
FD004,12,118,16.191,
FD004,12,119,9.7723,
FD004,12,120,11.8219,
FD004,12,121,11.1657,
FD004,12,122,13.5586,
FD004,12,123,11.0523,
FD004,12,124,11.1371,
FD004,12,125,12.8083,
FD004,12,126,9.8908,
FD004,12,127,9.4482,
FD004,12,128,8.0512,
FD004,12,129,7.599,
FD004,12,130,7.2573,
FD004,12,131,7.5878,
FD004,12,132,9.1716,
FD004,12,133,8.1216,
FD004,12,134,8.8982,
FD004,12,135,9.5856,
FD004,12,136,10.1349,
FD004,12,137,9.6907,
FD004,12,138,12.9984,
FD004,12,139,12.3597,
FD004,12,140,9.718,
FD004,12,141,6.9038,
FD004,12,142,10.2183,
FD004,12,143,9.9255,
FD004,12,144,9.5828,
FD004,12,145,8.8641,
FD004,12,146,9.5553,
FD004,12,147,10.5157,
FD004,12,148,7.9459,
FD004,12,149,8.0261,
FD004,12,150,7.803,
FD004,12,151,7.599,
FD004,12,152,6.5222,
FD004,12,153,6.979,
FD004,12,154,9.7265,
FD004,12,155,9.3975,
FD004,12,156,10.1889,
FD004,12,157,10.4079,
FD004,12,158,10.38,
FD004,12,159,10.9119,
FD004,12,160,7.7378,
FD004,12,161,7.1847,
FD004,12,162,7.4524,
FD004,12,163,7.5548,
FD004,12,164,8.0309,
FD004,12,165,7.1542,
FD004,12,166,7.555,
FD004,12,167,8.3705,
FD004,12,168,9.6759,
FD004,12,169,7.3624,
FD004,12,170,7.6177,
FD004,12,171,11.3212,
FD004,12,172,9.8792,
FD004,12,173,9.4634,
FD004,12,174,8.2738,
FD004,12,175,6.5066,
FD004,12,176,6.8681,
FD004,12,177,6.3163,
FD004,12,178,7.3449,
FD004,12,179,7.1756,
FD004,12,180,8.2642,
FD004,12,181,7.9488,
FD004,12,182,8.0072,
FD004,12,183,8.7763,
FD004,12,184,8.2797,
FD004,12,185,5.7486,
FD004,12,186,5.4006,
FD004,12,187,6.1977,
FD004,12,188,7.3932,
FD004,12,189,7.832,
FD004,12,190,7.725,
FD004,12,191,7.8437,
FD004,12,192,7.0662,
FD004,12,193,8.2184,
FD004,12,194,7.9558,
FD004,12,195,8.6644,
FD004,12,196,8.8241,
FD004,12,197,8.583,
FD004,12,198,8.4476,
FD004,12,199,8.3161,
FD004,12,200,8.5742,
FD004,12,201,8.1583,
FD004,12,202,7.9458,
FD004,12,203,8.2888,
FD004,12,204,8.1695,
FD004,12,205,8.5632,
FD004,12,206,8.6685,
FD004,12,207,8.0331,
FD004,12,208,9.8005,
FD004,12,209,9.2706,
FD004,12,210,9.7365,
FD004,12,211,8.7202,
FD004,12,212,9.1946,
FD004,12,213,8.7359,
FD004,12,214,8.9102,
FD004,12,215,9.256,
FD004,12,216,8.1162,
FD004,12,217,8.4245,
FD004,12,218,6.7322,
FD004,12,219,7.9124,
FD004,12,220,7.5274,
FD004,12,221,9.3874,
FD004,12,222,9.0109,
FD004,12,223,9.5194,
FD004,12,224,11.3594,
FD004,12,225,8.5678,
FD004,12,226,9.4445,
FD004,12,227,8.1401,
FD004,12,228,7.4031,
FD004,12,229,6.39,
FD004,12,230,6.082,
FD004,12,231,6.079,
FD004,12,232,7.5149,
FD004,12,233,10.6919,
FD004,12,234,10.9082,
FD004,12,235,9.6265,
FD004,12,236,10.8958,
FD004,12,237,10.7554,
FD004,12,238,18.4864,
FD004,12,239,14.5945,
FD004,12,240,14.6493,
FD004,12,241,13.4251,
FD004,12,242,8.0489,
FD004,12,243,8.3315,
FD004,12,244,9.5682,
FD004,12,245,9.8091,
FD004,12,246,8.1418,
FD004,12,247,8.6609,
FD004,12,248,15.0196,
FD004,12,249,14.6676,
FD004,12,250,14.9288,
FD004,12,251,9.8002,
FD004,12,252,13.3872,
FD004,12,253,14.115,
FD004,12,254,16.6899,
FD004,12,255,14.3276,
FD004,12,256,17.6616,
FD004,12,257,14.6153,
FD004,12,258,8.7861,
FD004,12,259,6.7941,
FD004,12,260,6.7403,
FD004,12,261,6.9549,
FD004,12,262,6.944,
FD004,12,263,7.6214,
FD004,12,264,7.1404,
FD004,12,265,7.0155,
FD004,12,266,6.2911,
FD004,12,267,6.9483,
FD004,12,268,7.4563,
FD004,12,269,8.9657,
FD004,12,270,8.3743,
FD004,13,1,0.0,
FD004,13,2,0.0,
FD004,13,3,0.0,
FD004,13,4,0.0,
FD004,13,5,0.0,
FD004,13,6,0.0,
FD004,13,7,0.0,
FD004,13,8,0.0,
FD004,13,9,0.0,
FD004,13,10,0.0,
FD004,13,11,0.0,
FD004,13,12,0.0,
FD004,13,13,0.0,
FD004,13,14,0.0,
FD004,13,15,0.0,
FD004,13,16,0.0,
FD004,13,17,0.0,
FD004,13,18,0.0,
FD004,13,19,0.0,
FD004,13,20,0.0,
FD004,13,21,0.0,
FD004,13,22,0.0,
FD004,13,23,0.0,
FD004,13,24,0.0,
FD004,13,25,0.0,
FD004,13,26,0.0,
FD004,13,27,0.0,
FD004,13,28,0.0,
FD004,13,29,0.0,
FD004,13,30,0.0,
FD004,13,31,0.0,
FD004,13,32,0.0,
FD004,13,33,0.0,
FD004,13,34,0.0,
FD004,13,35,0.0,
FD004,13,36,0.0,
FD004,13,37,0.0,
FD004,13,38,0.0,
FD004,13,39,0.0,
FD004,13,40,0.0,
FD004,13,41,0.0,
FD004,13,42,0.0,
FD004,13,43,0.0,
FD004,13,44,0.0,
FD004,13,45,0.0,
FD004,13,46,0.0,
FD004,13,47,0.0,
FD004,13,48,0.0,
FD004,13,49,0.0,
FD004,13,50,4.486,
FD004,13,51,4.8278,
FD004,13,52,4.7961,
FD004,13,53,6.0844,
FD004,13,54,6.7568,
FD004,13,55,8.1028,
FD004,13,56,8.884,
FD004,13,57,7.7902,
FD004,13,58,7.2535,
FD004,13,59,7.6309,
FD004,13,60,6.5264,
FD004,13,61,5.9847,
FD004,13,62,6.0162,
FD004,13,63,8.8187,
FD004,13,64,9.5447,
FD004,13,65,11.7686,
FD004,13,66,12.7592,
FD004,13,67,13.2748,
FD004,13,68,14.4442,
FD004,13,69,9.7664,
FD004,13,70,8.5601,
FD004,13,71,7.9709,
FD004,13,72,7.0822,
FD004,13,73,7.6141,
FD004,13,74,6.2852,
FD004,13,75,7.6359,
FD004,13,76,8.9546,
FD004,13,77,8.1929,
FD004,13,78,8.435,
FD004,13,79,11.3666,
FD004,13,80,10.8512,
FD004,13,81,9.2238,
FD004,13,82,13.3428,
FD004,13,83,12.726,
FD004,13,84,12.028,
FD004,13,85,9.6266,
FD004,13,86,10.6081,
FD004,13,87,10.6463,
FD004,13,88,11.7399,
FD004,13,89,9.8135,
FD004,13,90,10.4344,
FD004,13,91,10.8838,
FD004,13,92,9.4208,
FD004,13,93,8.19,
FD004,13,94,7.6214,
FD004,13,95,7.4202,
FD004,13,96,7.2536,
FD004,13,97,6.8353,
FD004,13,98,6.9657,
FD004,13,99,6.9689,
FD004,13,100,7.5685,
FD004,13,101,7.1641,
FD004,13,102,9.9366,
FD004,13,103,10.9796,
FD004,13,104,13.7221,
FD004,13,105,9.6254,
FD004,13,106,9.5988,
FD004,13,107,7.9224,
FD004,13,108,6.7403,
FD004,13,109,7.7179,
FD004,13,110,10.278,
FD004,13,111,7.6155,
FD004,13,112,6.986,
FD004,13,113,8.8,
FD004,13,114,8.9316,
FD004,13,115,7.7741,
FD004,13,116,8.16,
FD004,13,117,8.2412,
FD004,13,118,7.637,
FD004,13,119,7.1963,
FD004,13,120,7.5163,
FD004,13,121,8.3462,
FD004,13,122,7.268,
FD004,13,123,7.9507,
FD004,13,124,7.9073,
FD004,13,125,7.6415,
FD004,13,126,8.0646,
FD004,13,127,8.1398,
FD004,13,128,8.3119,
FD004,13,129,7.3768,
FD004,13,130,7.4997,
FD004,13,131,7.2087,
FD004,13,132,7.6195,
FD004,13,133,7.3879,
FD004,13,134,9.396,
FD004,13,135,10.7535,
FD004,13,136,9.5957,
FD004,13,137,9.2383,
FD004,13,138,10.4081,
FD004,13,139,11.0184,
FD004,13,140,10.9266,
FD004,13,141,10.9089,
FD004,13,142,10.7922,
FD004,13,143,10.8186,
FD004,13,144,7.5905,
FD004,13,145,8.3873,
FD004,13,146,8.1017,
FD004,13,147,7.6232,
FD004,13,148,8.8093,
FD004,13,149,7.7356,
FD004,13,150,7.8568,
FD004,13,151,7.0314,
FD004,13,152,7.24,
FD004,13,153,8.2187,
FD004,13,154,7.133,
FD004,13,155,7.6736,
FD004,13,156,6.6662,
FD004,13,157,6.4349,
FD004,13,158,6.7895,
FD004,13,159,8.0396,
FD004,13,160,10.5638,
FD004,13,161,10.4613,
FD004,13,162,10.3107,
FD004,13,163,8.9767,
FD004,13,164,7.9242,
FD004,13,165,7.582,
FD004,13,166,7.5017,
FD004,13,167,8.5919,
FD004,13,168,8.9174,
FD004,13,169,9.8247,
FD004,13,170,9.7567,
FD004,13,171,10.5653,
FD004,13,172,7.8187,
FD004,13,173,7.9141,
FD004,13,174,8.5835,
FD004,13,175,11.8137,
FD004,13,176,10.9507,
FD004,13,177,9.1107,
FD004,13,178,10.275,
FD004,13,179,8.2253,
FD004,13,180,6.2866,
FD004,13,181,6.323,
FD004,13,182,6.7693,
FD004,13,183,6.5032,
FD004,13,184,8.0051,
FD004,13,185,7.9047,
FD004,13,186,9.4794,
FD004,13,187,10.2459,
FD004,13,188,10.721,
FD004,13,189,10.2182,
FD004,13,190,9.9484,
FD004,13,191,12.8445,
FD004,13,192,12.9827,
FD004,13,193,11.765,
FD004,13,194,10.1087,
FD004,13,195,11.5032,
FD004,13,196,12.4387,
FD004,13,197,11.1505,
FD004,13,198,12.1287,
FD004,13,199,13.143,
FD004,13,200,12.8696,
FD004,13,201,12.3793,
FD004,13,202,11.173,
FD004,13,203,11.1655,
FD004,13,204,10.9399,
FD004,13,205,9.5725,
FD004,13,206,11.695,
FD004,13,207,11.0942,
FD004,13,208,10.0188,
FD004,13,209,12.711,
FD004,13,210,11.1031,
FD004,13,211,11.2272,
FD004,13,212,12.1146,
FD004,13,213,13.6077,
FD004,13,214,9.642,
FD004,13,215,8.9938,
FD004,13,216,10.1857,
FD004,13,217,11.8517,
FD004,13,218,7.6312,
FD004,13,219,7.9145,
FD004,13,220,8.1631,
FD004,13,221,5.071,
FD004,13,222,8.9213,
FD004,13,223,9.5166,
FD004,13,224,10.014,
FD004,13,225,10.0294,
FD004,13,226,12.417,
FD004,13,227,12.5231,
FD004,14,1,0.0,
FD004,14,2,0.0,
FD004,14,3,0.0,
FD004,14,4,0.0,
FD004,14,5,0.0,
FD004,14,6,0.0,
FD004,14,7,0.0,
FD004,14,8,0.0,
FD004,14,9,0.0,
FD004,14,10,0.0,
FD004,14,11,0.0,
FD004,14,12,0.0,
FD004,14,13,0.0,
FD004,14,14,0.0,
FD004,14,15,0.0,
FD004,14,16,0.0,
FD004,14,17,0.0,
FD004,14,18,0.0,
FD004,14,19,0.0,
FD004,14,20,0.0,
FD004,14,21,0.0,
FD004,14,22,0.0,
FD004,14,23,0.0,
FD004,14,24,0.0,
FD004,14,25,0.0,
FD004,14,26,0.0,
FD004,14,27,0.0,
FD004,14,28,0.0,
FD004,14,29,0.0,
FD004,14,30,0.0,
FD004,14,31,0.0,
FD004,14,32,0.0,
FD004,14,33,0.0,
FD004,14,34,0.0,
FD004,14,35,0.0,
FD004,14,36,0.0,
FD004,14,37,0.0,
FD004,14,38,0.0,
FD004,14,39,0.0,
FD004,14,40,0.0,
FD004,14,41,0.0,
FD004,14,42,0.0,
FD004,14,43,0.0,
FD004,14,44,0.0,
FD004,14,45,0.0,
FD004,14,46,0.0,
FD004,14,47,0.0,
FD004,14,48,0.0,
FD004,14,49,0.0,
FD004,14,50,4.2785,
FD004,14,51,4.4809,
FD004,14,52,5.1156,
FD004,14,53,6.21,
FD004,14,54,6.7009,
FD004,14,55,12.1373,
FD004,14,56,11.6759,
FD004,14,57,10.0729,
FD004,14,58,10.2789,
FD004,14,59,12.0569,
FD004,14,60,9.0721,
FD004,14,61,6.1858,
FD004,14,62,6.5965,
FD004,14,63,5.6824,
FD004,14,64,6.2691,
FD004,14,65,6.1413,
FD004,14,66,8.1719,
FD004,14,67,6.6687,
FD004,14,68,6.408,
FD004,14,69,6.125,
FD004,14,70,6.4707,
FD004,14,71,7.2048,
FD004,14,72,6.2441,
FD004,14,73,6.9711,
FD004,14,74,5.3468,
FD004,14,75,6.2879,
FD004,14,76,5.0698,
FD004,14,77,4.7681,
FD004,14,78,9.0673,
FD004,14,79,6.5633,
FD004,14,80,5.7559,
FD004,14,81,8.609,
FD004,14,82,11.1792,
FD004,14,83,8.942,
FD004,14,84,8.2914,
FD004,14,85,7.4478,
FD004,14,86,7.7448,
FD004,14,87,8.7202,
FD004,14,88,11.0297,
FD004,14,89,9.0436,
FD004,14,90,9.0633,
FD004,14,91,6.9086,
FD004,14,92,7.4394,
FD004,14,93,7.5941,
FD004,14,94,7.7572,
FD004,14,95,7.9329,
FD004,14,96,8.3119,
FD004,14,97,8.7679,
FD004,14,98,7.6631,
FD004,14,99,6.3427,
FD004,14,100,6.6847,
FD004,14,101,5.1107,
FD004,14,102,7.5045,
FD004,15,1,0.0,
FD004,15,2,0.0,
FD004,15,3,0.0,
FD004,15,4,0.0,
FD004,15,5,0.0,
FD004,15,6,0.0,
FD004,15,7,0.0,
FD004,15,8,0.0,
FD004,15,9,0.0,
FD004,15,10,0.0,
FD004,15,11,0.0,
FD004,15,12,0.0,
FD004,15,13,0.0,
FD004,15,14,0.0,
FD004,15,15,0.0,
FD004,15,16,0.0,
FD004,15,17,0.0,
FD004,15,18,0.0,
FD004,15,19,0.0,
FD004,15,20,0.0,
FD004,15,21,0.0,
FD004,15,22,0.0,
FD004,15,23,0.0,
FD004,15,24,0.0,
FD004,15,25,0.0,
FD004,15,26,0.0,
FD004,15,27,0.0,
FD004,15,28,0.0,
FD004,15,29,0.0,
FD004,15,30,0.0,
FD004,15,31,0.0,
FD004,15,32,0.0,
FD004,15,33,0.0,
FD004,15,34,0.0,
FD004,15,35,0.0,
FD004,15,36,0.0,
FD004,15,37,0.0,
FD004,15,38,0.0,
FD004,15,39,0.0,
FD004,15,40,0.0,
FD004,15,41,0.0,
FD004,15,42,0.0,
FD004,15,43,0.0,
FD004,15,44,0.0,
FD004,15,45,0.0,
FD004,15,46,0.0,
FD004,15,47,0.0,
FD004,15,48,0.0,
FD004,15,49,0.0,
FD004,15,50,7.6532,
FD004,15,51,8.2754,
FD004,15,52,10.0588,
FD004,15,53,10.2612,
FD004,15,54,10.455,
FD004,15,55,8.756,
FD004,15,56,8.4646,
FD004,15,57,8.7374,
FD004,15,58,9.5568,
FD004,15,59,9.0343,
FD004,15,60,15.3276,
FD004,15,61,17.5415,
FD004,15,62,13.0395,
FD004,15,63,10.0268,
FD004,15,64,9.0944,
FD004,15,65,8.2009,
FD004,15,66,7.5648,
FD004,15,67,10.0078,
FD004,15,68,7.791,
FD004,15,69,9.5173,
FD004,15,70,11.5349,
FD004,15,71,10.6162,
FD004,15,72,8.5013,
FD004,15,73,8.3318,
FD004,15,74,8.366,
FD004,15,75,8.2321,
FD004,15,76,8.5889,
FD004,15,77,8.2132,
FD004,15,78,10.1231,
FD004,15,79,8.2134,
FD004,15,80,8.308,
FD004,15,81,7.9812,
FD004,15,82,7.9803,
FD004,15,83,9.9592,
FD004,15,84,8.2959,
FD004,15,85,9.6349,
FD004,15,86,10.7226,
FD004,15,87,9.9738,
FD004,15,88,9.8434,
FD004,15,89,11.3636,
FD004,15,90,10.2913,
FD004,15,91,9.1559,
FD004,15,92,10.1807,
FD004,15,93,7.8927,
FD004,15,94,8.3169,
FD004,15,95,8.4582,
FD004,15,96,7.9503,
FD004,15,97,7.1998,
FD004,15,98,6.6185,
FD004,15,99,6.3703,
FD004,15,100,6.4078,
FD004,15,101,9.9181,
FD004,15,102,8.0065,
FD004,15,103,11.1963,
FD004,15,104,13.1388,
FD004,15,105,13.4046,
FD004,15,106,15.2924,
FD004,15,107,16.8329,
FD004,15,108,19.6266,
FD004,15,109,17.3589,
FD004,15,110,16.373,
FD004,15,111,12.8398,
FD004,15,112,13.1993,
FD004,15,113,14.2553,
FD004,15,114,11.6633,
FD004,15,115,11.2627,
FD004,15,116,12.873,
FD004,15,117,11.9875,
FD004,15,118,10.5111,
FD004,15,119,10.2272,
FD004,15,120,10.1344,
FD004,15,121,10.6033,
FD004,15,122,13.2497,
FD004,15,123,14.2832,
FD004,15,124,9.1176,
FD004,15,125,9.5352,
FD004,15,126,10.0608,
FD004,15,127,10.1783,
FD004,15,128,11.51,
FD004,15,129,9.275,
FD004,15,130,11.0044,
FD004,15,131,10.3329,
FD004,15,132,10.1065,
FD004,15,133,9.4905,
FD004,15,134,8.7872,
FD004,15,135,9.1895,
FD004,15,136,11.6582,
FD004,15,137,12.1767,
FD004,15,138,10.9643,
FD004,15,139,11.3189,
FD004,15,140,14.4384,
FD004,15,141,16.1402,
FD004,15,142,13.3148,
FD004,15,143,17.005,
FD004,15,144,18.167,
FD004,15,145,17.0959,
FD004,15,146,11.3051,
FD004,15,147,6.6491,
FD004,15,148,7.3153,
FD004,15,149,7.1078,
FD004,15,150,7.7784,
FD004,15,151,8.5535,
FD004,15,152,8.2922,
FD004,15,153,7.486,
FD004,15,154,6.4346,
FD004,15,155,7.7019,
FD004,15,156,10.16,
FD004,15,157,8.6922,
FD004,15,158,8.165,
FD004,15,159,9.7486,
FD004,15,160,10.8255,
FD004,15,161,8.2025,
FD004,15,162,10.8817,
FD004,15,163,8.1997,
FD004,15,164,7.9284,
FD004,15,165,7.8398,
FD004,15,166,8.0525,
FD004,15,167,8.1164,
FD004,15,168,9.2366,
FD004,16,1,0.0,
FD004,16,2,0.0,
FD004,16,3,0.0,
FD004,16,4,0.0,
FD004,16,5,0.0,
FD004,16,6,0.0,
FD004,16,7,0.0,
FD004,16,8,0.0,
FD004,16,9,0.0,
FD004,16,10,0.0,
FD004,16,11,0.0,
FD004,16,12,0.0,
FD004,16,13,0.0,
FD004,16,14,0.0,
FD004,16,15,0.0,
FD004,16,16,0.0,
FD004,16,17,0.0,
FD004,16,18,0.0,
FD004,16,19,0.0,
FD004,16,20,0.0,
FD004,16,21,0.0,
FD004,16,22,0.0,
FD004,16,23,0.0,
FD004,16,24,0.0,
FD004,16,25,0.0,
FD004,16,26,0.0,
FD004,16,27,0.0,
FD004,16,28,0.0,
FD004,16,29,0.0,
FD004,16,30,0.0,
FD004,16,31,0.0,
FD004,16,32,0.0,
FD004,16,33,0.0,
FD004,16,34,0.0,
FD004,16,35,0.0,
FD004,16,36,0.0,
FD004,16,37,0.0,
FD004,16,38,0.0,
FD004,16,39,0.0,
FD004,16,40,0.0,
FD004,16,41,0.0,
FD004,16,42,0.0,
FD004,16,43,0.0,
FD004,16,44,0.0,
FD004,16,45,0.0,
FD004,16,46,0.0,
FD004,16,47,0.0,
FD004,16,48,0.0,
FD004,16,49,0.0,
FD004,16,50,6.8715,
FD004,16,51,5.9981,
FD004,16,52,5.6459,
FD004,16,53,6.4981,
FD004,16,54,6.3031,
FD004,16,55,6.671,
FD004,16,56,5.9498,
FD004,16,57,6.0217,
FD004,16,58,6.4099,
FD004,16,59,5.8752,
FD004,16,60,6.8508,
FD004,16,61,8.625,
FD004,16,62,9.2102,
FD004,16,63,10.5176,
FD004,16,64,12.204,
FD004,16,65,12.1108,
FD004,16,66,11.9571,
FD004,16,67,11.5966,
FD004,16,68,13.0595,
FD004,16,69,12.0984,
FD004,16,70,15.0701,
FD004,16,71,10.4262,
FD004,16,72,11.2967,
FD004,16,73,10.2107,
FD004,16,74,8.2043,
FD004,16,75,7.1034,
FD004,16,76,6.4682,
FD004,16,77,7.1732,
FD004,16,78,6.623,
FD004,16,79,5.3054,
FD004,16,80,7.8053,
FD004,16,81,7.5115,
FD004,16,82,11.3834,
FD004,16,83,7.4172,
FD004,16,84,10.1179,
FD004,16,85,10.4067,
FD004,16,86,10.2851,
FD004,16,87,9.7429,
FD004,16,88,9.4385,
FD004,16,89,8.4938,
FD004,16,90,6.1814,
FD004,16,91,6.1296,
FD004,16,92,5.3065,
FD004,16,93,5.9649,
FD004,16,94,6.4202,
FD004,16,95,10.3595,
FD004,16,96,10.2488,
FD004,16,97,9.6905,
FD004,16,98,10.796,
FD004,16,99,13.5833,
FD004,16,100,7.8887,
FD004,16,101,8.5739,
FD004,16,102,8.2899,
FD004,16,103,7.6487,
FD004,16,104,9.12,
FD004,16,105,11.1563,
FD004,16,106,14.3841,
FD004,16,107,14.9364,
FD004,16,108,15.3495,
FD004,16,109,16.5608,
FD004,16,110,14.3676,
FD004,16,111,11.3925,
FD004,16,112,8.1607,
FD004,16,113,9.4735,
FD004,16,114,6.9514,
FD004,16,115,6.7699,
FD004,16,116,6.9422,
FD004,16,117,10.234,
FD004,16,118,10.263,
FD004,16,119,12.1343,
FD004,16,120,12.2032,
FD004,16,121,8.9021,
FD004,16,122,8.9927,
FD004,16,123,11.5376,
FD004,16,124,7.3605,
FD004,16,125,7.9669,
FD004,16,126,7.5321,
FD004,16,127,7.4085,
FD004,16,128,5.6856,
FD004,16,129,6.7443,
FD004,16,130,8.0269,
FD004,16,131,8.9317,
FD004,16,132,7.5833,
FD004,16,133,11.2021,
FD004,16,134,10.0713,
FD004,16,135,10.511,
FD004,16,136,8.0417,
FD004,16,137,8.1303,
FD004,16,138,8.0138,
FD004,16,139,6.3461,
FD004,16,140,7.2363,
FD004,16,141,7.5521,
FD004,16,142,7.2934,
FD004,16,143,7.4089,
FD004,16,144,7.6973,
FD004,16,145,11.3312,
FD004,16,146,10.2484,
FD004,16,147,9.9384,
FD004,16,148,14.56,
FD004,16,149,12.1319,
FD004,16,150,13.2668,
FD004,16,151,15.0353,
FD004,16,152,14.8773,
FD004,16,153,17.0978,
FD004,16,154,14.9831,
FD004,16,155,11.5195,
FD004,16,156,10.2376,
FD004,16,157,12.1924,
FD004,16,158,15.0596,
FD004,16,159,10.374,
FD004,16,160,12.7937,
FD004,16,161,13.3669,
FD004,16,162,11.6134,
FD004,16,163,9.5131,
FD004,16,164,11.1201,
FD004,16,165,11.5121,
FD004,16,166,11.2411,
FD004,16,167,11.5534,
FD004,16,168,12.1551,
FD004,16,169,15.1747,
FD004,16,170,14.6501,
FD004,16,171,15.6963,
FD004,16,172,15.5646,
FD004,16,173,15.4003,
FD004,16,174,16.4847,
FD004,16,175,15.4181,
FD004,16,176,14.152,
FD004,16,177,12.868,
FD004,16,178,11.6268,
FD004,16,179,9.8872,
FD004,16,180,8.0737,
FD004,16,181,6.801,
FD004,16,182,8.4276,
FD004,16,183,8.5958,
FD004,16,184,8.6465,
FD004,16,185,8.0187,
FD004,16,186,9.3046,
FD004,16,187,9.8835,
FD004,16,188,8.1946,
FD004,16,189,8.0418,
FD004,16,190,9.9493,
FD004,16,191,11.9355,
FD004,16,192,9.8943,
FD004,16,193,10.245,
FD004,16,194,9.5698,
FD004,16,195,7.5359,
FD004,16,196,5.5569,
FD004,16,197,4.8131,
FD004,16,198,9.6468,
FD004,16,199,6.1402,
FD004,16,200,5.6082,
FD004,16,201,5.0369,
FD004,16,202,5.3759,
FD004,16,203,9.4387,
FD004,16,204,8.3892,
FD004,16,205,8.1366,
FD004,16,206,7.7613,
FD004,16,207,7.6664,
FD004,16,208,8.0052,
FD004,16,209,9.2019,
FD004,16,210,8.3404,
FD004,16,211,8.923,
FD004,16,212,8.3436,
FD004,16,213,9.6778,
FD004,16,214,7.203,
FD004,16,215,8.5689,
FD004,16,216,7.8404,
FD004,16,217,7.8423,
FD004,16,218,8.8142,
FD004,16,219,9.6936,
FD004,16,220,7.7936,
FD004,16,221,8.7678,
FD004,16,222,7.7209,
FD004,16,223,7.397,
FD004,16,224,7.893,
FD004,16,225,10.7805,
FD004,16,226,10.5436,
FD004,16,227,10.0588,
FD004,16,228,9.5151,
FD004,16,229,12.8605,
FD004,16,230,9.854,
FD004,16,231,11.0792,
FD004,16,232,11.9219,
FD004,16,233,11.206,
FD004,16,234,11.3325,
FD004,16,235,10.9059,
FD004,16,236,8.3098,
FD004,16,237,9.1051,
FD004,16,238,7.3741,
FD004,16,239,6.8493,
FD004,16,240,6.3326,
FD004,17,1,0.0,
FD004,17,2,0.0,
FD004,17,3,0.0,
FD004,17,4,0.0,
FD004,17,5,0.0,
FD004,17,6,0.0,
FD004,17,7,0.0,
FD004,17,8,0.0,
FD004,17,9,0.0,
FD004,17,10,0.0,
FD004,17,11,0.0,
FD004,17,12,0.0,
FD004,17,13,0.0,
FD004,17,14,0.0,
FD004,17,15,0.0,
FD004,17,16,0.0,
FD004,17,17,0.0,
FD004,17,18,0.0,
FD004,17,19,0.0,
FD004,17,20,0.0,
FD004,17,21,0.0,
FD004,17,22,0.0,
FD004,17,23,0.0,
FD004,17,24,0.0,
FD004,17,25,0.0,
FD004,17,26,0.0,
FD004,17,27,0.0,
FD004,17,28,0.0,
FD004,17,29,0.0,
FD004,17,30,0.0,
FD004,17,31,0.0,
FD004,17,32,0.0,
FD004,17,33,0.0,
FD004,17,34,0.0,
FD004,17,35,0.0,
FD004,17,36,0.0,
FD004,17,37,0.0,
FD004,17,38,0.0,
FD004,17,39,0.0,
FD004,17,40,0.0,
FD004,17,41,0.0,
FD004,17,42,0.0,
FD004,17,43,0.0,
FD004,17,44,0.0,
FD004,17,45,0.0,
FD004,17,46,0.0,
FD004,17,47,0.0,
FD004,17,48,0.0,
FD004,17,49,0.0,
FD004,17,50,12.3759,
FD004,17,51,17.2801,
FD004,17,52,19.3364,
FD004,17,53,16.0373,
FD004,17,54,15.2957,
FD004,17,55,16.7296,
FD004,17,56,17.8937,
FD004,17,57,17.1741,
FD004,17,58,17.9461,
FD004,17,59,13.9182,
FD004,17,60,14.2756,
FD004,17,61,12.7923,
FD004,17,62,13.1659,
FD004,17,63,14.3693,
FD004,17,64,11.4719,
FD004,17,65,8.7555,
FD004,17,66,8.6464,
FD004,17,67,8.1652,
FD004,17,68,6.6001,
FD004,17,69,7.3423,
FD004,17,70,9.535,
FD004,17,71,7.5585,
FD004,17,72,7.0637,
FD004,17,73,7.1559,
FD004,17,74,7.4872,
FD004,17,75,11.527,
FD004,17,76,11.1549,
FD004,17,77,7.5637,
FD004,17,78,7.815,
FD004,17,79,7.3417,
FD004,17,80,7.6325,
FD004,17,81,7.2267,
FD004,17,82,7.7788,
FD004,17,83,9.388,
FD004,17,84,6.4532,
FD004,17,85,6.4282,
FD004,17,86,6.2024,
FD004,17,87,7.9448,
FD004,17,88,8.8751,
FD004,17,89,9.3613,
FD004,17,90,14.0429,
FD004,17,91,9.3848,
FD004,17,92,16.4606,
FD004,17,93,14.289,
FD004,17,94,11.0727,
FD004,17,95,10.1841,
FD004,17,96,10.5201,
FD004,17,97,11.2086,
FD004,17,98,12.0899,
FD004,17,99,11.5605,
FD004,17,100,11.5888,
FD004,17,101,11.5299,
FD004,17,102,13.2689,
FD004,17,103,13.3508,
FD004,17,104,26.0102,
FD004,17,105,15.7399,
FD004,17,106,19.4469,
FD004,17,107,13.3274,
FD004,17,108,14.1058,
FD004,17,109,10.8985,
FD004,17,110,11.226,
FD004,17,111,11.5599,
FD004,17,112,11.6756,
FD004,17,113,11.0528,
FD004,17,114,10.6767,
FD004,17,115,10.9382,
FD004,17,116,11.2943,
FD004,17,117,17.3646,
FD004,17,118,19.7078,
FD004,17,119,13.7923,
FD004,17,120,9.7623,
FD004,17,121,9.8657,
FD004,17,122,9.2445,
FD004,17,123,7.0191,
FD004,17,124,7.0033,
FD004,17,125,9.2865,
FD004,17,126,6.9971,
FD004,17,127,7.0349,
FD004,17,128,7.9534,
FD004,17,129,7.0905,
FD004,17,130,7.1518,
FD004,17,131,7.8363,
FD004,17,132,7.4347,
FD004,17,133,7.8787,
FD004,17,134,8.7638,
FD004,17,135,9.5484,
FD004,17,136,9.46,
FD004,17,137,10.2345,
FD004,17,138,13.803,
FD004,17,139,14.6635,
FD004,17,140,13.9152,
FD004,17,141,13.4194,
FD004,17,142,14.6365,
FD004,17,143,17.0374,
FD004,17,144,13.9098,
FD004,17,145,13.4156,
FD004,17,146,12.1228,
FD004,17,147,12.3311,
FD004,17,148,12.8768,
FD004,17,149,10.7896,
FD004,17,150,13.8647,
FD004,17,151,14.5739,
FD004,17,152,11.9375,
FD004,17,153,11.2993,
FD004,17,154,14.1235,
FD004,17,155,17.498,
FD004,17,156,20.4084,
FD004,17,157,17.8429,
FD004,17,158,14.2583,
FD004,17,159,13.7208,
FD004,17,160,13.8198,
FD004,17,161,13.5622,
FD004,17,162,11.9831,
FD004,17,163,11.3793,
FD004,17,164,13.2696,
FD004,17,165,10.6215,
FD004,17,166,9.9326,
FD004,17,167,10.1671,
FD004,17,168,10.1988,
FD004,17,169,9.7767,
FD004,17,170,8.9852,
FD004,17,171,8.4641,
FD004,17,172,8.4918,
FD004,17,173,8.9258,
FD004,17,174,8.8003,
FD004,17,175,8.9813,
FD004,17,176,11.5663,
FD004,17,177,9.2429,
FD004,17,178,11.1771,
FD004,17,179,15.5867,
FD004,17,180,12.4235,
FD004,17,181,16.1411,
FD004,17,182,12.4787,
FD004,17,183,14.0453,
FD004,17,184,15.6491,
FD004,17,185,16.531,
FD004,17,186,18.5227,
FD004,17,187,16.4902,
FD004,17,188,12.0376,
FD004,17,189,13.9009,
FD004,17,190,11.2656,
FD004,17,191,8.7287,
FD004,17,192,7.8862,
FD004,17,193,8.924,
FD004,17,194,7.5951,
FD004,17,195,6.381,
FD004,17,196,6.4721,
FD004,17,197,8.0306,
FD004,17,198,8.4498,
FD004,17,199,11.9115,
FD004,17,200,11.5709,
FD004,17,201,13.9413,
FD004,17,202,18.3452,
FD004,17,203,11.4781,
FD004,17,204,10.1253,
FD004,17,205,11.0395,
FD004,17,206,7.987,
FD004,17,207,8.1187,
FD004,17,208,7.8968,
FD004,17,209,9.0552,
FD004,17,210,10.8214,
FD004,17,211,9.6179,
FD004,17,212,5.9926,
FD004,17,213,6.0857,
FD004,17,214,5.9474,
FD004,17,215,5.5783,
FD004,17,216,5.3624,
FD004,17,217,5.6526,
FD004,17,218,5.9347,
FD004,17,219,5.9729,
FD004,17,220,6.3089,
FD004,17,221,5.863,
FD004,17,222,6.7251,
FD004,17,223,9.7968,
FD004,17,224,13.1287,
FD004,17,225,14.0846,
FD004,17,226,8.6173,
FD004,17,227,10.6503,
FD004,17,228,12.7499,
FD004,17,229,11.2636,
FD004,17,230,11.8427,
FD004,17,231,11.9876,
FD004,17,232,11.2257,
FD004,17,233,11.9573,
FD004,17,234,13.9391,
FD004,17,235,14.6256,
FD004,17,236,14.9304,
FD004,17,237,15.3143,
FD004,17,238,14.7897,
FD004,17,239,13.5377,
FD004,17,240,10.8297,
FD004,17,241,12.4301,
FD004,17,242,11.5768,
FD004,17,243,9.9867,
FD004,17,244,10.1501,
FD004,17,245,9.5559,
FD004,17,246,8.9306,
FD004,17,247,12.4741,
FD004,17,248,11.9622,
FD004,17,249,10.7986,
FD004,17,250,10.5236,
FD004,17,251,10.8072,
FD004,17,252,10.4013,
FD004,17,253,10.0363,
FD004,17,254,11.2502,
FD004,17,255,12.8838,
FD004,17,256,13.2786,
FD004,17,257,13.1029,
FD004,17,258,14.1102,
FD004,17,259,10.5974,
FD004,17,260,12.4221,
FD004,17,261,13.2837,
FD004,17,262,10.0744,
FD004,17,263,10.5541,
FD004,17,264,10.0345,
FD004,17,265,10.17,
FD004,17,266,9.4216,
FD004,17,267,8.8707,
FD004,17,268,9.1321,
FD004,17,269,9.3225,
FD004,17,270,6.6415,
FD004,17,271,6.6779,
FD004,17,272,7.5604,
FD004,17,273,6.4337,
FD004,17,274,8.7741,
FD004,17,275,8.4229,
FD004,17,276,13.279,
FD004,17,277,9.9404,
FD004,17,278,11.599,
FD004,17,279,11.9262,
FD004,17,280,13.6291,
FD004,17,281,9.3205,
FD004,17,282,9.9083,
FD004,17,283,9.7012,
FD004,17,284,9.8096,
FD004,17,285,9.261,
FD004,17,286,9.5814,
FD004,17,287,9.5039,
FD004,17,288,8.4624,
FD004,17,289,12.2868,
FD004,17,290,11.868,
FD004,17,291,9.7163,
FD004,17,292,11.1479,
FD004,17,293,10.3687,
FD004,17,294,10.4226,
FD004,17,295,10.7457,
FD004,17,296,10.3983,
FD004,17,297,9.7697,
FD004,17,298,9.1823,
FD004,17,299,8.545,
FD004,17,300,6.2534,
FD004,17,301,7.1893,
FD004,17,302,6.3513,
FD004,17,303,7.3505,
FD004,17,304,11.3176,
FD004,17,305,11.597,
FD004,17,306,10.2951,
FD004,17,307,7.3165,
FD004,17,308,7.8008,
FD004,17,309,8.2077,
FD004,17,310,8.8504,
FD004,17,311,9.5043,
FD004,17,312,10.8425,
FD004,17,313,9.5169,
FD004,17,314,10.2363,
FD004,17,315,9.0345,
FD004,17,316,9.5139,
FD004,17,317,7.8573,
FD004,17,318,9.748,
FD004,17,319,7.6105,
FD004,17,320,6.9989,
FD004,17,321,6.841,
FD004,17,322,6.5722,
FD004,17,323,8.417,
FD004,17,324,6.8323,
FD004,17,325,7.5057,
FD004,17,326,6.0804,
FD004,17,327,6.1383,
FD004,17,328,9.6666,
FD004,17,329,11.8558,
FD004,17,330,12.4828,
FD004,17,331,12.7281,
FD004,17,332,12.4488,
FD004,17,333,14.2902,
FD004,17,334,11.0446,
FD004,18,1,0.0,
FD004,18,2,0.0,
FD004,18,3,0.0,
FD004,18,4,0.0,
FD004,18,5,0.0,
FD004,18,6,0.0,
FD004,18,7,0.0,
FD004,18,8,0.0,
FD004,18,9,0.0,
FD004,18,10,0.0,
FD004,18,11,0.0,
FD004,18,12,0.0,
FD004,18,13,0.0,
FD004,18,14,0.0,
FD004,18,15,0.0,
FD004,18,16,0.0,
FD004,18,17,0.0,
FD004,18,18,0.0,
FD004,18,19,0.0,
FD004,18,20,0.0,
FD004,18,21,0.0,
FD004,18,22,0.0,
FD004,18,23,0.0,
FD004,18,24,0.0,
FD004,18,25,0.0,
FD004,18,26,0.0,
FD004,18,27,0.0,
FD004,18,28,0.0,
FD004,18,29,0.0,
FD004,18,30,0.0,
FD004,18,31,0.0,
FD004,18,32,0.0,
FD004,18,33,0.0,
FD004,18,34,0.0,
FD004,18,35,0.0,
FD004,18,36,0.0,
FD004,18,37,0.0,
FD004,18,38,0.0,
FD004,18,39,0.0,
FD004,18,40,0.0,
FD004,18,41,0.0,
FD004,18,42,0.0,
FD004,18,43,0.0,
FD004,18,44,0.0,
FD004,18,45,0.0,
FD004,18,46,0.0,
FD004,18,47,0.0,
FD004,18,48,0.0,
FD004,18,49,0.0,
FD004,18,50,5.8258,
FD004,18,51,5.9212,
FD004,18,52,4.5332,
FD004,18,53,5.7399,
FD004,18,54,7.2581,
FD004,18,55,7.687,
FD004,18,56,6.8768,
FD004,18,57,8.6106,
FD004,18,58,11.0934,
FD004,18,59,13.2305,
FD004,18,60,12.0501,
FD004,18,61,11.4824,
FD004,18,62,11.4075,
FD004,18,63,11.3433,
FD004,18,64,8.8891,
FD004,18,65,8.1951,
FD004,18,66,8.1352,
FD004,18,67,8.091,
FD004,18,68,6.8806,
FD004,18,69,7.9717,
FD004,18,70,6.3667,
FD004,18,71,8.3676,
FD004,18,72,10.1479,
FD004,18,73,11.3978,
FD004,18,74,7.0492,
FD004,18,75,7.1599,
FD004,18,76,7.2095,
FD004,18,77,7.3865,
FD004,18,78,7.1753,
FD004,18,79,9.7084,
FD004,18,80,11.89,
FD004,18,81,9.5739,
FD004,18,82,10.5204,
FD004,18,83,11.0389,
FD004,18,84,9.6009,
FD004,18,85,9.8146,
FD004,18,86,8.6841,
FD004,18,87,7.9307,
FD004,18,88,8.5107,
FD004,18,89,6.8936,
FD004,18,90,7.0302,
FD004,18,91,5.9367,
FD004,18,92,6.103,
FD004,18,93,9.1271,
FD004,18,94,9.4093,
FD004,18,95,10.8336,
FD004,18,96,11.1265,
FD004,18,97,10.0989,
FD004,18,98,10.0271,
FD004,18,99,10.04,
FD004,18,100,14.7659,
FD004,18,101,13.0921,
FD004,18,102,15.9322,
FD004,18,103,11.6715,
FD004,18,104,11.4781,
FD004,18,105,8.8256,
FD004,18,106,8.5596,
FD004,18,107,8.4863,
FD004,18,108,10.5666,
FD004,18,109,8.8819,
FD004,18,110,8.8796,
FD004,18,111,8.5848,
FD004,18,112,8.0745,
FD004,18,113,8.3744,
FD004,18,114,7.9985,
FD004,18,115,10.4909,
FD004,18,116,7.3189,
FD004,18,117,7.7758,
FD004,18,118,7.8101,
FD004,18,119,9.0044,
FD004,18,120,7.5192,
FD004,18,121,7.9532,
FD004,18,122,8.4516,
FD004,18,123,7.8858,
FD004,18,124,7.5774,
FD004,18,125,7.9206,
FD004,18,126,8.5707,
FD004,18,127,8.2267,
FD004,18,128,8.2261,
FD004,18,129,8.7673,
FD004,18,130,8.5115,
FD004,18,131,9.902,
FD004,18,132,10.525,
FD004,18,133,9.3551,
FD004,18,134,12.7487,
FD004,18,135,10.2565,
FD004,18,136,8.8398,
FD004,18,137,11.4198,
FD004,18,138,8.0961,
FD004,18,139,6.8788,
FD004,18,140,6.8873,
FD004,18,141,6.4469,
FD004,18,142,6.6584,
FD004,18,143,6.3984,
FD004,18,144,7.2502,
FD004,18,145,6.9074,
FD004,18,146,8.5812,
FD004,18,147,8.1993,
FD004,18,148,6.8036,
FD004,18,149,7.1413,
FD004,18,150,7.4048,
FD004,18,151,6.7066,
FD004,18,152,6.8658,
FD004,18,153,6.1776,
FD004,18,154,6.8791,
FD004,18,155,7.01,
FD004,18,156,6.508,
FD004,18,157,5.392,
FD004,18,158,8.1367,
FD004,18,159,6.8519,
FD004,18,160,7.088,
FD004,18,161,7.2373,
FD004,18,162,6.2842,
FD004,18,163,9.0642,
FD004,18,164,7.8704,
FD004,18,165,8.5953,
FD004,18,166,10.545,
FD004,18,167,6.5271,
FD004,18,168,4.925,
FD004,18,169,5.0817,
FD004,18,170,5.6969,
FD004,18,171,6.1941,
FD004,18,172,8.84,
FD004,18,173,7.83,
FD004,18,174,7.9273,
FD004,18,175,7.7812,
FD004,18,176,8.311,
FD004,18,177,8.2321,
FD004,18,178,8.5863,
FD004,18,179,10.1697,
FD004,18,180,11.2728,
FD004,18,181,13.002,
FD004,18,182,10.1421,
FD004,18,183,17.0402,
FD004,18,184,21.2403,
FD004,18,185,19.2354,
FD004,18,186,18.3068,
FD004,18,187,20.8934,
FD004,18,188,19.8035,
FD004,18,189,22.079,
FD004,18,190,11.2175,
FD004,18,191,11.1641,
FD004,18,192,12.738,
FD004,18,193,11.1654,
FD004,18,194,8.9476,
FD004,18,195,8.9965,
FD004,18,196,7.8479,
FD004,18,197,9.0668,
FD004,18,198,10.3204,
FD004,18,199,10.7617,
FD004,18,200,12.5198,
FD004,18,201,12.6853,
FD004,18,202,8.2014,
FD004,18,203,10.2864,
FD004,18,204,11.4051,
FD004,18,205,12.2233,
FD004,18,206,11.8939,
FD004,18,207,12.8383,
FD004,18,208,11.7265,
FD004,18,209,14.0031,
FD004,18,210,12.8072,
FD004,18,211,13.208,
FD004,18,212,12.3285,
FD004,18,213,7.6314,
FD004,18,214,11.5806,
FD004,18,215,9.9227,
FD004,18,216,8.7824,
FD004,18,217,7.4777,
FD004,18,218,7.885,
FD004,18,219,7.6504,
FD004,18,220,8.026,
FD004,18,221,8.9715,
FD004,18,222,9.1026,
FD004,18,223,8.3087,
FD004,18,224,9.1135,
FD004,18,225,9.6142,
FD004,18,226,10.4754,
FD004,18,227,7.7269,
FD004,18,228,7.9914,
FD004,18,229,7.4873,
FD004,18,230,8.9306,
FD004,18,231,10.4482,
FD004,18,232,9.7482,
FD004,18,233,11.2158,
FD004,18,234,11.2571,
FD004,18,235,12.5688,
FD004,18,236,8.0671,
FD004,18,237,8.43,
FD004,18,238,8.884,
FD004,18,239,9.4256,
FD004,18,240,9.0736,
FD004,18,241,9.2804,
FD004,18,242,9.554,
FD004,18,243,10.2903,
FD004,18,244,9.6963,
FD004,18,245,10.3789,
FD004,18,246,8.8286,
FD004,18,247,7.7934,
FD004,19,1,0.0,
FD004,19,2,0.0,
FD004,19,3,0.0,
FD004,19,4,0.0,
FD004,19,5,0.0,
FD004,19,6,0.0,
FD004,19,7,0.0,
FD004,19,8,0.0,
FD004,19,9,0.0,
FD004,19,10,0.0,
FD004,19,11,0.0,
FD004,19,12,0.0,
FD004,19,13,0.0,
FD004,19,14,0.0,
FD004,19,15,0.0,
FD004,19,16,0.0,
FD004,19,17,0.0,
FD004,19,18,0.0,
FD004,19,19,0.0,
FD004,19,20,0.0,
FD004,19,21,0.0,
FD004,19,22,0.0,
FD004,19,23,0.0,
FD004,19,24,0.0,
FD004,20,1,0.0,
FD004,20,2,0.0,
FD004,20,3,0.0,
FD004,20,4,0.0,
FD004,20,5,0.0,
FD004,20,6,0.0,
FD004,20,7,0.0,
FD004,20,8,0.0,
FD004,20,9,0.0,
FD004,20,10,0.0,
FD004,20,11,0.0,
FD004,20,12,0.0,
FD004,20,13,0.0,
FD004,20,14,0.0,
FD004,20,15,0.0,
FD004,20,16,0.0,
FD004,20,17,0.0,
FD004,20,18,0.0,
FD004,20,19,0.0,
FD004,20,20,0.0,
FD004,20,21,0.0,
FD004,20,22,0.0,
FD004,20,23,0.0,
FD004,20,24,0.0,
FD004,20,25,0.0,
FD004,20,26,0.0,
FD004,20,27,0.0,
FD004,20,28,0.0,
FD004,20,29,0.0,
FD004,20,30,0.0,
FD004,20,31,0.0,
FD004,20,32,0.0,
FD004,20,33,0.0,
FD004,20,34,0.0,
FD004,20,35,0.0,
FD004,20,36,0.0,
FD004,20,37,0.0,
FD004,20,38,0.0,
FD004,20,39,0.0,
FD004,20,40,0.0,
FD004,20,41,0.0,
FD004,20,42,0.0,
FD004,20,43,0.0,
FD004,20,44,0.0,
FD004,20,45,0.0,
FD004,20,46,0.0,
FD004,20,47,0.0,
FD004,20,48,0.0,
FD004,20,49,0.0,
FD004,20,50,6.5033,
FD004,20,51,6.4972,
FD004,20,52,7.0826,
FD004,20,53,4.6325,
FD004,20,54,4.3361,
FD004,20,55,3.8955,
FD004,20,56,3.94,
FD004,20,57,3.8047,
FD004,20,58,4.3427,
FD004,20,59,5.1728,
FD004,20,60,5.0412,
FD004,20,61,4.4941,
FD004,20,62,4.1941,
FD004,20,63,5.379,
FD004,20,64,7.2573,
FD004,20,65,7.8753,
FD004,20,66,8.9011,
FD004,20,67,5.0178,
FD004,20,68,7.1327,
FD004,20,69,9.8961,
FD004,20,70,8.0221,
FD004,20,71,7.6806,
FD004,20,72,9.905,
FD004,20,73,13.6286,
FD004,20,74,8.4546,
FD004,20,75,5.06,
FD004,20,76,5.8185,
FD004,20,77,6.4,
FD004,20,78,5.8164,
FD004,20,79,9.4414,
FD004,20,80,6.4392,
FD004,20,81,4.4203,
FD004,20,82,7.0991,
FD004,20,83,6.8811,
FD004,20,84,6.1995,
FD004,20,85,8.5323,
FD004,20,86,7.8554,
FD004,20,87,11.375,
FD004,20,88,9.6384,
FD004,20,89,8.9262,
FD004,20,90,6.8316,
FD004,20,91,7.7421,
FD004,20,92,7.3418,
FD004,20,93,9.3469,
FD004,20,94,5.8137,
FD004,20,95,5.8476,
FD004,20,96,5.793,
FD004,20,97,6.0372,
FD004,20,98,5.1353,
FD004,20,99,5.692,
FD004,20,100,7.8477,
FD004,20,101,10.331,
FD004,20,102,10.1551,
FD004,20,103,10.3037,
FD004,20,104,10.6479,
FD004,20,105,9.7856,
FD004,20,106,10.1297,
FD004,20,107,10.7129,
FD004,20,108,12.6503,
FD004,20,109,14.4538,
FD004,20,110,12.7856,
FD004,20,111,11.2658,
FD004,20,112,9.3301,
FD004,20,113,9.4299,
FD004,20,114,10.7069,
FD004,20,115,8.7137,
FD004,21,1,0.0,
FD004,21,2,0.0,
FD004,21,3,0.0,
FD004,21,4,0.0,
FD004,21,5,0.0,
FD004,21,6,0.0,
FD004,21,7,0.0,
FD004,21,8,0.0,
FD004,21,9,0.0,
FD004,21,10,0.0,
FD004,21,11,0.0,
FD004,21,12,0.0,
FD004,21,13,0.0,
FD004,21,14,0.0,
FD004,21,15,0.0,
FD004,21,16,0.0,
FD004,21,17,0.0,
FD004,21,18,0.0,
FD004,21,19,0.0,
FD004,21,20,0.0,
FD004,21,21,0.0,
FD004,21,22,0.0,
FD004,21,23,0.0,
FD004,21,24,0.0,
FD004,21,25,0.0,
FD004,21,26,0.0,
FD004,21,27,0.0,
FD004,21,28,0.0,
FD004,21,29,0.0,
FD004,21,30,0.0,
FD004,21,31,0.0,
FD004,21,32,0.0,
FD004,21,33,0.0,
FD004,21,34,0.0,
FD004,21,35,0.0,
FD004,21,36,0.0,
FD004,21,37,0.0,
FD004,21,38,0.0,
FD004,21,39,0.0,
FD004,21,40,0.0,
FD004,21,41,0.0,
FD004,21,42,0.0,
FD004,21,43,0.0,
FD004,21,44,0.0,
FD004,21,45,0.0,
FD004,21,46,0.0,
FD004,21,47,0.0,
FD004,21,48,0.0,
FD004,21,49,0.0,
FD004,21,50,5.3172,
FD004,21,51,6.8348,
FD004,21,52,10.0877,
FD004,21,53,8.6359,
FD004,21,54,8.3149,
FD004,21,55,8.39,
FD004,21,56,5.5574,
FD004,21,57,6.7213,
FD004,21,58,6.6592,
FD004,21,59,7.6795,
FD004,21,60,6.3145,
FD004,21,61,6.4258,
FD004,21,62,7.6525,
FD004,21,63,10.0487,
FD004,21,64,11.3309,
FD004,21,65,10.8118,
FD004,21,66,11.6812,
FD004,21,67,10.4631,
FD004,21,68,10.7596,
FD004,21,69,10.5051,
FD004,21,70,9.0509,
FD004,21,71,10.9667,
FD004,21,72,9.2842,
FD004,21,73,8.2374,
FD004,21,74,8.2486,
FD004,21,75,5.2156,
FD004,21,76,4.9891,
FD004,21,77,4.3912,
FD004,21,78,5.8396,
FD004,21,79,6.2156,
FD004,21,80,6.8944,
FD004,21,81,7.5264,
FD004,21,82,7.5931,
FD004,21,83,8.7701,
FD004,21,84,6.6939,
FD004,21,85,6.1503,
FD004,21,86,5.8803,
FD004,21,87,8.0792,
FD004,21,88,8.6699,
FD004,21,89,7.9425,
FD004,21,90,8.6792,
FD004,21,91,6.5624,
FD004,21,92,5.9188,
FD004,21,93,6.821,
FD004,21,94,5.2188,
FD004,21,95,6.0149,
FD004,21,96,5.7845,
FD004,21,97,6.3333,
FD004,21,98,5.7151,
FD004,21,99,6.9016,
FD004,21,100,8.757,
FD004,21,101,8.5123,
FD004,21,102,5.166,
FD004,21,103,8.2148,
FD004,21,104,10.243,
FD004,21,105,8.4814,
FD004,21,106,12.5991,
FD004,21,107,11.8797,
FD004,21,108,11.9042,
FD004,21,109,8.7917,
FD004,21,110,9.0169,
FD004,21,111,7.5097,
FD004,21,112,5.5965,
FD004,21,113,6.5152,
FD004,21,114,4.9936,
FD004,21,115,5.8776,
FD004,21,116,5.7403,
FD004,21,117,7.4858,
FD004,21,118,9.6673,
FD004,21,119,10.8391,
FD004,21,120,10.728,
FD004,21,121,8.4369,
FD004,21,122,7.696,
FD004,21,123,8.8336,
FD004,21,124,8.1793,
FD004,21,125,8.5243,
FD004,21,126,9.4935,
FD004,21,127,9.5569,
FD004,21,128,9.6018,
FD004,21,129,9.1121,
FD004,21,130,9.8819,
FD004,21,131,9.2666,
FD004,21,132,8.7953,
FD004,21,133,8.9787,
FD004,21,134,8.6431,
FD004,21,135,8.57,
FD004,21,136,7.9946,
FD004,21,137,8.0068,
FD004,21,138,8.4468,
FD004,21,139,8.5024,
FD004,21,140,6.1118,
FD004,21,141,6.3326,
FD004,21,142,7.4485,
FD004,21,143,8.4613,
FD004,21,144,8.999,
FD004,21,145,7.3167,
FD004,21,146,9.616,
FD004,21,147,10.0713,
FD004,21,148,8.5353,
FD004,21,149,5.8784,
FD004,21,150,6.614,
FD004,21,151,6.9601,
FD004,21,152,9.9204,
FD004,21,153,6.9122,
FD004,21,154,8.2276,
FD004,21,155,7.5913,
FD004,21,156,6.6234,
FD004,21,157,7.2934,
FD004,21,158,6.5833,
FD004,21,159,6.8721,
FD004,21,160,5.9462,
FD004,21,161,6.0219,
FD004,21,162,6.2601,
FD004,21,163,7.4395,
FD004,21,164,6.7911,
FD004,21,165,10.577,
FD004,21,166,11.5245,
FD004,21,167,12.578,
FD004,21,168,10.099,
FD004,21,169,12.8081,
FD004,21,170,11.4264,
FD004,21,171,12.2754,
FD004,21,172,11.1086,
FD004,21,173,13.7042,
FD004,21,174,13.1778,
FD004,21,175,9.1627,
FD004,21,176,8.6224,
FD004,21,177,7.7217,
FD004,21,178,6.0631,
FD004,21,179,7.1798,
FD004,21,180,8.2618,
FD004,21,181,6.3481,
FD004,21,182,8.9716,
FD004,21,183,9.2907,
FD004,21,184,14.9259,
FD004,21,185,12.1603,
FD004,21,186,10.6652,
FD004,21,187,11.2375,
FD004,21,188,13.2743,
FD004,21,189,12.1866,
FD004,21,190,13.8754,
FD004,21,191,15.6564,
FD004,21,192,14.6533,
FD004,21,193,16.385,
FD004,21,194,12.4041,
FD004,21,195,11.6026,
FD004,21,196,12.5127,
FD004,21,197,16.4137,
FD004,21,198,10.1922,
FD004,21,199,7.3112,
FD004,21,200,9.4063,
FD004,21,201,9.7325,
FD004,21,202,8.5213,
FD004,22,1,0.0,
FD004,22,2,0.0,
FD004,22,3,0.0,
FD004,22,4,0.0,
FD004,22,5,0.0,
FD004,22,6,0.0,
FD004,22,7,0.0,
FD004,22,8,0.0,
FD004,22,9,0.0,
FD004,22,10,0.0,
FD004,22,11,0.0,
FD004,22,12,0.0,
FD004,22,13,0.0,
FD004,22,14,0.0,
FD004,22,15,0.0,
FD004,22,16,0.0,
FD004,22,17,0.0,
FD004,22,18,0.0,
FD004,22,19,0.0,
FD004,22,20,0.0,
FD004,22,21,0.0,
FD004,22,22,0.0,
FD004,22,23,0.0,
FD004,22,24,0.0,
FD004,22,25,0.0,
FD004,22,26,0.0,
FD004,22,27,0.0,
FD004,22,28,0.0,
FD004,22,29,0.0,
FD004,22,30,0.0,
FD004,22,31,0.0,
FD004,22,32,0.0,
FD004,22,33,0.0,
FD004,22,34,0.0,
FD004,22,35,0.0,
FD004,22,36,0.0,
FD004,22,37,0.0,
FD004,22,38,0.0,
FD004,22,39,0.0,
FD004,22,40,0.0,
FD004,22,41,0.0,
FD004,22,42,0.0,
FD004,22,43,0.0,
FD004,22,44,0.0,
FD004,22,45,0.0,
FD004,22,46,0.0,
FD004,22,47,0.0,
FD004,22,48,0.0,
FD004,22,49,0.0,
FD004,22,50,7.6779,
FD004,22,51,7.315,
FD004,22,52,7.6815,
FD004,22,53,7.0459,
FD004,22,54,7.6406,
FD004,22,55,8.1837,
FD004,22,56,6.7799,
FD004,22,57,7.0293,
FD004,22,58,6.7025,
FD004,22,59,6.7071,
FD004,22,60,7.8602,
FD004,22,61,8.2106,
FD004,22,62,11.0626,
FD004,22,63,9.5765,
FD004,22,64,9.8466,
FD004,22,65,8.9507,
FD004,22,66,12.7673,
FD004,22,67,14.6163,
FD004,22,68,13.1171,
FD004,22,69,13.3408,
FD004,22,70,13.4444,
FD004,22,71,9.8214,
FD004,22,72,8.9805,
FD004,22,73,8.4899,
FD004,22,74,8.2195,
FD004,22,75,7.2471,
FD004,22,76,7.5187,
FD004,22,77,7.2091,
FD004,22,78,7.2019,
FD004,22,79,5.9502,
FD004,22,80,7.9165,
FD004,22,81,6.4413,
FD004,22,82,8.4557,
FD004,22,83,9.2256,
FD004,22,84,9.4874,
FD004,22,85,9.0403,
FD004,22,86,7.4455,
FD004,22,87,7.112,
FD004,22,88,7.3246,
FD004,22,89,6.6073,
FD004,22,90,7.2232,
FD004,22,91,7.5154,
FD004,22,92,5.988,
FD004,22,93,6.7551,
FD004,22,94,5.761,
FD004,22,95,6.3641,
FD004,22,96,6.8949,
FD004,22,97,5.853,
FD004,22,98,6.3318,
FD004,22,99,7.2588,
FD004,22,100,7.6674,
FD004,22,101,7.377,
FD004,22,102,8.9867,
FD004,22,103,8.5653,
FD004,22,104,10.1134,
FD004,22,105,14.9096,
FD004,22,106,7.6079,
FD004,22,107,5.7338,
FD004,22,108,7.0778,
FD004,22,109,7.7233,
FD004,22,110,8.3949,
FD004,22,111,9.2766,
FD004,22,112,8.0531,
FD004,22,113,8.1498,
FD004,22,114,8.4397,
FD004,22,115,7.4513,
FD004,22,116,8.1607,
FD004,22,117,8.3686,
FD004,22,118,12.3693,
FD004,22,119,13.9543,
FD004,22,120,14.3262,
FD004,22,121,20.1189,
FD004,22,122,14.9911,
FD004,22,123,18.8216,
FD004,22,124,12.601,
FD004,22,125,9.6183,
FD004,22,126,8.2016,
FD004,22,127,8.9085,
FD004,22,128,9.0136,
FD004,22,129,9.795,
FD004,22,130,9.6187,
FD004,22,131,10.4101,
FD004,22,132,9.9469,
FD004,22,133,12.2419,
FD004,22,134,12.9515,
FD004,22,135,13.645,
FD004,22,136,15.9177,
FD004,22,137,19.2569,
FD004,22,138,16.1083,
FD004,22,139,16.8977,
FD004,22,140,15.2381,
FD004,22,141,12.0758,
FD004,22,142,14.0485,
FD004,22,143,12.9941,
FD004,22,144,11.085,
FD004,22,145,10.3448,
FD004,22,146,9.3625,
FD004,22,147,8.4221,
FD004,22,148,6.8592,
FD004,22,149,5.6386,
FD004,22,150,5.8742,
FD004,22,151,7.43,
FD004,22,152,5.7586,
FD004,22,153,5.8543,
FD004,22,154,11.993,
FD004,22,155,12.7559,
FD004,22,156,14.4654,
FD004,22,157,16.3196,
FD004,22,158,9.4462,
FD004,23,1,0.0,
FD004,23,2,0.0,
FD004,23,3,0.0,
FD004,23,4,0.0,
FD004,23,5,0.0,
FD004,23,6,0.0,
FD004,23,7,0.0,
FD004,23,8,0.0,
FD004,23,9,0.0,
FD004,23,10,0.0,
FD004,23,11,0.0,
FD004,23,12,0.0,
FD004,23,13,0.0,
FD004,23,14,0.0,
FD004,23,15,0.0,
FD004,23,16,0.0,
FD004,23,17,0.0,
FD004,23,18,0.0,
FD004,23,19,0.0,
FD004,23,20,0.0,
FD004,23,21,0.0,
FD004,23,22,0.0,
FD004,23,23,0.0,
FD004,23,24,0.0,
FD004,23,25,0.0,
FD004,23,26,0.0,
FD004,23,27,0.0,
FD004,23,28,0.0,
FD004,23,29,0.0,
FD004,23,30,0.0,
FD004,23,31,0.0,
FD004,23,32,0.0,
FD004,23,33,0.0,
FD004,23,34,0.0,
FD004,23,35,0.0,
FD004,23,36,0.0,
FD004,23,37,0.0,
FD004,23,38,0.0,
FD004,23,39,0.0,
FD004,23,40,0.0,
FD004,23,41,0.0,
FD004,23,42,0.0,
FD004,23,43,0.0,
FD004,23,44,0.0,
FD004,23,45,0.0,
FD004,23,46,0.0,
FD004,23,47,0.0,
FD004,23,48,0.0,
FD004,23,49,0.0,
FD004,23,50,10.0933,
FD004,23,51,6.6667,
FD004,23,52,7.1612,
FD004,23,53,7.4082,
FD004,23,54,7.2866,
FD004,23,55,6.6338,
FD004,23,56,5.8492,
FD004,23,57,5.8314,
FD004,23,58,6.3887,
FD004,23,59,6.7882,
FD004,23,60,9.7405,
FD004,23,61,8.3347,
FD004,23,62,11.0608,
FD004,23,63,7.4116,
FD004,23,64,7.4643,
FD004,23,65,8.714,
FD004,23,66,11.934,
FD004,23,67,7.9672,
FD004,23,68,9.9101,
FD004,23,69,8.8802,
FD004,23,70,7.4857,
FD004,23,71,8.5608,
FD004,23,72,7.593,
FD004,23,73,7.9355,
FD004,23,74,10.2882,
FD004,23,75,12.8042,
FD004,23,76,9.2814,
FD004,23,77,9.4179,
FD004,23,78,9.4174,
FD004,23,79,10.1384,
FD004,23,80,6.9053,
FD004,23,81,7.0527,
FD004,23,82,7.0628,
FD004,23,83,7.6707,
FD004,23,84,7.6333,
FD004,23,85,6.9945,
FD004,23,86,7.6515,
FD004,23,87,8.5143,
FD004,23,88,8.001,
FD004,23,89,8.9982,
FD004,23,90,9.8035,
FD004,23,91,10.1033,
FD004,23,92,8.8507,
FD004,23,93,8.1548,
FD004,23,94,8.1609,
FD004,23,95,6.2174,
FD004,23,96,6.8754,
FD004,23,97,6.5879,
FD004,23,98,6.1282,
FD004,23,99,9.144,
FD004,23,100,9.7416,
FD004,23,101,8.6195,
FD004,23,102,9.2047,
FD004,23,103,9.891,
FD004,23,104,12.9559,
FD004,23,105,13.5155,
FD004,23,106,16.2031,
FD004,23,107,10.8046,
FD004,23,108,17.2285,
FD004,23,109,13.9319,
FD004,23,110,7.672,
FD004,23,111,6.9708,
FD004,23,112,9.0102,
FD004,23,113,8.8087,
FD004,23,114,10.37,
FD004,23,115,10.2847,
FD004,23,116,9.3005,
FD004,23,117,8.4942,
FD004,23,118,9.1733,
FD004,23,119,6.2032,
FD004,23,120,6.8132,
FD004,23,121,6.8823,
FD004,23,122,8.6466,
FD004,23,123,10.7459,
FD004,23,124,10.855,
FD004,23,125,8.4579,
FD004,23,126,8.2675,
FD004,23,127,9.0406,
FD004,23,128,10.7017,
FD004,23,129,10.3271,
FD004,23,130,9.7281,
FD004,23,131,8.685,
FD004,23,132,8.2265,
FD004,23,133,5.4893,
FD004,23,134,6.2863,
FD004,23,135,5.8135,
FD004,23,136,6.0068,
FD004,23,137,8.034,
FD004,23,138,8.6847,
FD004,23,139,8.8028,
FD004,23,140,7.4783,
FD004,23,141,7.1143,
FD004,23,142,7.1126,
FD004,23,143,7.8301,
FD004,23,144,7.1346,
FD004,23,145,4.7066,
FD004,23,146,6.0196,
FD004,23,147,6.5756,
FD004,23,148,6.7807,
FD004,23,149,7.0379,
FD004,23,150,6.6928,
FD004,23,151,7.547,
FD004,23,152,8.1012,
FD004,23,153,9.6861,
FD004,23,154,10.7231,
FD004,23,155,9.125,
FD004,23,156,8.1245,
FD004,23,157,9.3403,
FD004,23,158,7.9614,
FD004,23,159,11.4006,
FD004,23,160,14.1185,
FD004,23,161,12.3838,
FD004,23,162,12.4466,
FD004,24,1,0.0,
FD004,24,2,0.0,
FD004,24,3,0.0,
FD004,24,4,0.0,
FD004,24,5,0.0,
FD004,24,6,0.0,
FD004,24,7,0.0,
FD004,24,8,0.0,
FD004,24,9,0.0,
FD004,24,10,0.0,
FD004,24,11,0.0,
FD004,24,12,0.0,
FD004,24,13,0.0,
FD004,24,14,0.0,
FD004,24,15,0.0,
FD004,24,16,0.0,
FD004,24,17,0.0,
FD004,24,18,0.0,
FD004,24,19,0.0,
FD004,24,20,0.0,
FD004,24,21,0.0,
FD004,24,22,0.0,
FD004,24,23,0.0,
FD004,24,24,0.0,
FD004,24,25,0.0,
FD004,24,26,0.0,
FD004,24,27,0.0,
FD004,24,28,0.0,
FD004,24,29,0.0,
FD004,24,30,0.0,
FD004,24,31,0.0,
FD004,24,32,0.0,
FD004,24,33,0.0,
FD004,24,34,0.0,
FD004,24,35,0.0,
FD004,24,36,0.0,
FD004,24,37,0.0,
FD004,24,38,0.0,
FD004,24,39,0.0,
FD004,24,40,0.0,
FD004,24,41,0.0,
FD004,24,42,0.0,
FD004,24,43,0.0,
FD004,24,44,0.0,
FD004,24,45,0.0,
FD004,24,46,0.0,
FD004,24,47,0.0,
FD004,24,48,0.0,
FD004,24,49,0.0,
FD004,24,50,9.4706,
FD004,24,51,8.6029,
FD004,24,52,7.1286,
FD004,24,53,7.7217,
FD004,24,54,7.5598,
FD004,24,55,8.472,
FD004,24,56,8.3187,
FD004,24,57,9.2912,
FD004,24,58,11.4373,
FD004,24,59,8.6594,
FD004,24,60,8.3421,
FD004,24,61,8.5711,
FD004,24,62,7.695,
FD004,24,63,8.7508,
FD004,24,64,9.9054,
FD004,24,65,10.028,
FD004,24,66,9.5673,
FD004,24,67,8.1793,
FD004,24,68,8.554,
FD004,24,69,9.5988,
FD004,24,70,8.5307,
FD004,24,71,13.4787,
FD004,24,72,12.9866,
FD004,24,73,11.8712,
FD004,24,74,8.6069,
FD004,24,75,8.4175,
FD004,24,76,7.0878,
FD004,24,77,6.2589,
FD004,24,78,6.6703,
FD004,24,79,5.8057,
FD004,24,80,5.2031,
FD004,24,81,6.0491,
FD004,24,82,6.4912,
FD004,24,83,5.8297,
FD004,24,84,4.9991,
FD004,24,85,6.6233,
FD004,24,86,7.824,
FD004,24,87,7.2003,
FD004,24,88,9.3084,
FD004,24,89,9.9006,
FD004,24,90,9.6082,
FD004,24,91,8.7548,
FD004,24,92,9.7754,
FD004,24,93,11.0598,
FD004,24,94,7.7356,
FD004,24,95,10.4025,
FD004,24,96,6.787,
FD004,24,97,6.6542,
FD004,24,98,6.3051,
FD004,24,99,8.2013,
FD004,24,100,6.3753,
FD004,24,101,6.5348,
FD004,24,102,6.1221,
FD004,24,103,7.1193,
FD004,24,104,7.1399,
FD004,24,105,7.5447,
FD004,24,106,7.118,
FD004,24,107,7.1297,
FD004,24,108,6.646,
FD004,24,109,6.1189,
FD004,24,110,6.0294,
FD004,24,111,6.0953,
FD004,24,112,6.8429,
FD004,24,113,5.8591,
FD004,24,114,5.897,
FD004,24,115,6.0956,
FD004,24,116,6.6342,
FD004,24,117,6.9568,
FD004,24,118,8.6156,
FD004,24,119,10.133,
FD004,24,120,13.3493,
FD004,24,121,13.9384,
FD004,24,122,13.5809,
FD004,24,123,13.3366,
FD004,24,124,10.2867,
FD004,24,125,10.4586,
FD004,24,126,10.5868,
FD004,24,127,11.3628,
FD004,24,128,8.0519,
FD004,24,129,9.4118,
FD004,24,130,10.3678,
FD004,24,131,12.2918,
FD004,24,132,10.3553,
FD004,24,133,14.1706,
FD004,24,134,13.5606,
FD004,24,135,13.7334,
FD004,24,136,10.823,
FD004,24,137,8.4165,
FD004,24,138,8.7558,
FD004,24,139,9.3367,
FD004,24,140,6.7548,
FD004,24,141,9.0465,
FD004,24,142,6.7349,
FD004,24,143,7.1853,
FD004,24,144,7.884,
FD004,24,145,6.0042,
FD004,24,146,7.237,
FD004,24,147,5.7262,
FD004,24,148,5.2063,
FD004,24,149,6.1643,
FD004,24,150,4.95,
FD004,24,151,6.5013,
FD004,24,152,6.4731,
FD004,24,153,6.5555,
FD004,24,154,7.9409,
FD004,24,155,5.2078,
FD004,24,156,6.5766,
FD004,24,157,6.9059,
FD004,24,158,6.6889,
FD004,24,159,7.8998,
FD004,24,160,6.3842,
FD004,24,161,6.7791,
FD004,24,162,6.2623,
FD004,24,163,8.4241,
FD004,24,164,8.9296,
FD004,24,165,7.6161,
FD004,24,166,9.9493,
FD004,24,167,10.6429,
FD004,24,168,17.1999,
FD004,24,169,17.2662,
FD004,24,170,12.0967,
FD004,24,171,12.7376,
FD004,24,172,14.1355,
FD004,24,173,13.4821,
FD004,24,174,11.6161,
FD004,25,1,0.0,
FD004,25,2,0.0,
FD004,25,3,0.0,
FD004,25,4,0.0,
FD004,25,5,0.0,
FD004,25,6,0.0,
FD004,25,7,0.0,
FD004,25,8,0.0,
FD004,25,9,0.0,
FD004,25,10,0.0,
FD004,25,11,0.0,
FD004,25,12,0.0,
FD004,25,13,0.0,
FD004,25,14,0.0,
FD004,25,15,0.0,
FD004,25,16,0.0,
FD004,25,17,0.0,
FD004,25,18,0.0,
FD004,25,19,0.0,
FD004,25,20,0.0,
FD004,25,21,0.0,
FD004,25,22,0.0,
FD004,25,23,0.0,
FD004,25,24,0.0,
FD004,25,25,0.0,
FD004,25,26,0.0,
FD004,25,27,0.0,
FD004,25,28,0.0,
FD004,25,29,0.0,
FD004,25,30,0.0,
FD004,25,31,0.0,
FD004,25,32,0.0,
FD004,25,33,0.0,
FD004,25,34,0.0,
FD004,25,35,0.0,
FD004,25,36,0.0,
FD004,25,37,0.0,
FD004,25,38,0.0,
FD004,25,39,0.0,
FD004,25,40,0.0,
FD004,25,41,0.0,
FD004,25,42,0.0,
FD004,25,43,0.0,
FD004,25,44,0.0,
FD004,25,45,0.0,
FD004,25,46,0.0,
FD004,25,47,0.0,
FD004,25,48,0.0,
FD004,25,49,0.0,
FD004,25,50,7.7114,
FD004,25,51,9.5388,
FD004,25,52,7.1332,
FD004,25,53,8.3483,
FD004,25,54,7.0826,
FD004,25,55,7.3553,
FD004,25,56,11.5965,
FD004,25,57,9.1139,
FD004,25,58,9.0279,
FD004,25,59,12.2519,
FD004,25,60,10.7962,
FD004,25,61,19.8052,
FD004,25,62,16.857,
FD004,25,63,13.0564,
FD004,25,64,10.4908,
FD004,25,65,10.7126,
FD004,25,66,5.8616,
FD004,25,67,8.7908,
FD004,25,68,8.7856,
FD004,25,69,8.5171,
FD004,25,70,6.7837,
FD004,25,71,6.8771,
FD004,25,72,7.2436,
FD004,25,73,7.629,
FD004,25,74,6.3786,
FD004,25,75,4.9138,
FD004,25,76,6.327,
FD004,25,77,8.5284,
FD004,25,78,7.0654,
FD004,25,79,5.6431,
FD004,25,80,5.914,
FD004,25,81,6.8072,
FD004,25,82,6.117,
FD004,25,83,7.9995,
FD004,25,84,8.4503,
FD004,25,85,8.9571,
FD004,25,86,8.8875,
FD004,25,87,6.3349,
FD004,25,88,10.7696,
FD004,25,89,14.6266,
FD004,25,90,22.9997,
FD004,25,91,8.123,
FD004,25,92,9.4452,
FD004,25,93,9.223,
FD004,25,94,8.0785,
FD004,25,95,10.3142,
FD004,25,96,8.6121,
FD004,25,97,7.8235,
FD004,25,98,6.2125,
FD004,25,99,6.8744,
FD004,25,100,7.1343,
FD004,25,101,7.579,
FD004,25,102,8.3847,
FD004,25,103,8.3568,
FD004,25,104,11.4388,
FD004,25,105,12.5106,
FD004,25,106,8.5734,
FD004,25,107,13.5224,
FD004,25,108,12.8454,
FD004,25,109,11.3918,
FD004,25,110,8.1174,
FD004,25,111,6.8132,
FD004,25,112,6.3031,
FD004,25,113,6.4922,
FD004,25,114,6.2058,
FD004,25,115,6.0303,
FD004,25,116,7.1744,
FD004,25,117,12.7273,
FD004,25,118,7.6501,
FD004,25,119,6.4434,
FD004,25,120,5.8557,
FD004,25,121,6.0547,
FD004,25,122,6.7877,
FD004,25,123,7.8188,
FD004,25,124,6.3661,
FD004,25,125,6.1171,
FD004,25,126,6.548,
FD004,25,127,5.9804,
FD004,25,128,6.1533,
FD004,25,129,7.5929,
FD004,25,130,7.0326,
FD004,25,131,7.8396,
FD004,25,132,8.7808,
FD004,25,133,12.0292,
FD004,25,134,10.8784,
FD004,25,135,8.7116,
FD004,25,136,6.4114,
FD004,25,137,6.7662,
FD004,25,138,7.5824,
FD004,25,139,7.2825,
FD004,25,140,7.6205,
FD004,25,141,13.0303,
FD004,25,142,12.1881,
FD004,25,143,12.0787,
FD004,25,144,10.4826,
FD004,25,145,11.3881,
FD004,25,146,10.7712,
FD004,25,147,9.1241,
FD004,25,148,10.8247,
FD004,25,149,11.1444,
FD004,25,150,12.1735,
FD004,25,151,11.7496,
FD004,25,152,9.9665,
FD004,25,153,9.0895,
FD004,25,154,7.9991,
FD004,25,155,9.3589,
FD004,25,156,8.559,
FD004,25,157,8.4219,
FD004,25,158,7.0039,
FD004,25,159,8.7951,
FD004,25,160,11.3121,
FD004,25,161,10.838,
FD004,25,162,11.5676,
FD004,25,163,10.2592,
FD004,25,164,10.9268,
FD004,25,165,12.6698,
FD004,25,166,12.8149,
FD004,25,167,11.9574,
FD004,25,168,12.8317,
FD004,25,169,12.1493,
FD004,25,170,11.6792,
FD004,25,171,11.114,
FD004,25,172,10.9407,
FD004,25,173,11.5305,
FD004,25,174,10.2623,
FD004,25,175,11.5209,
FD004,25,176,10.6643,
FD004,25,177,20.1112,
FD004,25,178,9.8539,
FD004,25,179,9.4985,
FD004,25,180,9.4781,
FD004,25,181,7.5279,
FD004,25,182,6.6653,
FD004,25,183,6.0408,
FD004,25,184,5.8312,
FD004,25,185,7.1777,
FD004,25,186,10.9978,
FD004,25,187,5.9373,
FD004,25,188,5.3459,
FD004,25,189,9.9434,
FD004,25,190,8.1482,
FD004,25,191,10.8997,
FD004,25,192,11.0736,
FD004,25,193,11.2624,
FD004,25,194,9.2532,
FD004,25,195,9.9511,
FD004,25,196,10.1309,
FD004,25,197,7.6691,
FD004,25,198,8.2316,
FD004,25,199,7.7477,
FD004,25,200,6.2743,
FD004,25,201,9.3388,
FD004,25,202,8.0149,
FD004,25,203,7.3966,
FD004,25,204,9.0358,
FD004,25,205,9.3387,
FD004,25,206,8.3097,
FD004,25,207,9.5306,
FD004,25,208,11.0974,
FD004,25,209,12.0286,
FD004,25,210,10.8429,
FD004,25,211,9.6339,
FD004,25,212,9.2029,
FD004,25,213,13.847,
FD004,25,214,11.5872,
FD004,25,215,9.8385,
FD004,25,216,10.3843,
FD004,25,217,12.9628,
FD004,25,218,8.0962,
FD004,25,219,7.2779,
FD004,25,220,6.7873,
FD004,25,221,5.8287,
FD004,25,222,7.4477,
FD004,25,223,6.7294,
FD004,25,224,6.7965,
FD004,25,225,10.5664,
FD004,25,226,9.821,
FD004,25,227,9.7028,
FD004,25,228,8.09,
FD004,25,229,13.4713,
FD004,25,230,11.0419,
FD004,25,231,13.1325,
FD004,25,232,12.8569,
FD004,25,233,13.4523,
FD004,25,234,16.3811,
FD004,25,235,19.2776,
FD004,25,236,18.9083,
FD004,25,237,12.4367,
FD004,25,238,11.1746,
FD004,25,239,10.7272,
FD004,25,240,9.5399,
FD004,25,241,9.2103,
FD004,25,242,9.7288,
FD004,25,243,9.5286,
FD004,25,244,9.8691,
FD004,25,245,9.8786,
FD004,25,246,10.0115,
FD004,25,247,9.0749,
FD004,25,248,9.6602,
FD004,25,249,6.604,
FD004,25,250,7.4048,
FD004,25,251,4.4776,
FD004,25,252,4.7911,
FD004,25,253,9.246,
FD004,25,254,9.553,
FD004,25,255,9.7792,
FD004,25,256,9.8244,
FD004,25,257,9.5722,
FD004,25,258,9.6647,
FD004,25,259,10.286,
FD004,25,260,10.8964,
FD004,25,261,12.5581,
FD004,25,262,14.138,
FD004,25,263,11.7561,
FD004,25,264,11.4564,
FD004,25,265,9.8071,
FD004,25,266,9.8306,
FD004,25,267,9.7216,
FD004,25,268,11.1537,
FD004,25,269,12.7724,
FD004,25,270,13.3309,
FD004,25,271,14.4829,
FD004,25,272,11.4685,
FD004,25,273,13.4901,
FD004,25,274,13.5768,
FD004,25,275,15.0705,
FD004,25,276,13.8917,
FD004,25,277,15.5298,
FD004,25,278,14.4058,
FD004,25,279,14.1099,
FD004,25,280,11.7037,
FD004,25,281,11.2741,
FD004,25,282,10.124,
FD004,25,283,11.6132,
FD004,25,284,11.8449,
FD004,25,285,10.9327,
FD004,25,286,12.364,
FD004,25,287,13.583,
FD004,25,288,10.3495,
FD004,25,289,10.2662,
FD004,25,290,10.1735,
FD004,25,291,9.1072,
FD004,25,292,8.8123,
FD004,25,293,10.8552,
FD004,25,294,11.0901,
FD004,25,295,8.8182,
FD004,25,296,9.1109,
FD004,25,297,7.9293,
FD004,25,298,6.1358,
FD004,25,299,9.9235,
FD004,25,300,12.3925,
FD004,25,301,10.9794,
FD004,25,302,19.226,
FD004,25,303,16.8612,
FD004,25,304,16.553,
FD004,25,305,10.5509,
FD004,25,306,8.8302,
FD004,25,307,9.067,
FD004,25,308,10.4549,
FD004,25,309,8.7806,
FD004,25,310,9.8082,
FD004,25,311,9.4136,
FD004,25,312,7.9775,
FD004,25,313,8.9486,
FD004,25,314,8.7051,
FD004,25,315,7.4031,
FD004,25,316,6.8159,
FD004,25,317,10.3181,
FD004,25,318,8.0966,
FD004,25,319,11.9155,
FD004,25,320,13.7546,
FD004,25,321,14.9561,
FD004,25,322,23.0147,
FD004,25,323,15.4707,
FD004,25,324,15.8639,
FD004,25,325,12.3947,
FD004,25,326,7.9297,
FD004,25,327,8.2416,
FD004,25,328,8.0114,
FD004,25,329,7.0141,
FD004,25,330,6.6431,
FD004,25,331,6.529,
FD004,25,332,8.4846,
FD004,25,333,8.2764,
FD004,25,334,7.2985,
FD004,25,335,6.3572,
FD004,25,336,7.742,
FD004,25,337,8.7014,
FD004,25,338,10.3963,
FD004,25,339,9.1059,
FD004,25,340,10.0043,
FD004,25,341,10.7177,
FD004,25,342,11.1169,
FD004,25,343,11.2039,
FD004,25,344,10.3613,
FD004,25,345,10.4426,
FD004,25,346,11.2217,
FD004,25,347,10.658,
FD004,25,348,10.1557,
FD004,25,349,10.3212,
FD004,25,350,10.8986,
FD004,25,351,6.6815,
FD004,25,352,6.7032,
FD004,25,353,7.4231,
FD004,25,354,7.043,
FD004,25,355,5.7134,
FD004,25,356,5.9929,
FD004,25,357,6.3816,
FD004,25,358,9.6339,
FD004,25,359,9.625,
FD004,25,360,8.3667,
FD004,25,361,10.1255,
FD004,25,362,13.9118,
FD004,25,363,8.6791,
FD004,25,364,9.3805,
FD004,25,365,10.8665,
FD004,25,366,10.4367,
FD004,25,367,7.9607,
FD004,25,368,13.1476,
FD004,25,369,11.7707,
FD004,25,370,10.0094,
FD004,25,371,10.9685,
FD004,25,372,11.1671,
FD004,25,373,12.196,
FD004,25,374,14.3701,
FD004,25,375,14.2975,
FD004,25,376,11.6839,
FD004,25,377,11.9374,
FD004,25,378,12.1324,
FD004,25,379,12.2521,
FD004,25,380,10.4946,
FD004,25,381,9.5879,
FD004,25,382,9.3831,
FD004,25,383,8.4231,
FD004,25,384,8.3762,
FD004,25,385,8.3759,
FD004,25,386,7.3458,
FD004,25,387,9.0867,
FD004,25,388,9.1463,
FD004,25,389,9.6093,
FD004,25,390,9.9283,
FD004,25,391,9.9297,
FD004,25,392,7.8755,
FD004,25,393,8.7618,
FD004,25,394,9.9619,
FD004,25,395,9.848,
FD004,25,396,9.4402,
FD004,25,397,10.3081,
FD004,25,398,12.982,
FD004,25,399,10.7985,
FD004,25,400,10.7126,
FD004,25,401,12.2055,
FD004,25,402,13.5538,
FD004,25,403,10.9935,
FD004,25,404,8.919,
FD004,25,405,9.9304,
FD004,25,406,9.7041,
FD004,25,407,9.8289,
FD004,25,408,8.2073,
FD004,25,409,9.5353,
FD004,25,410,7.6458,
FD004,25,411,7.19,
FD004,25,412,6.5494,
FD004,25,413,6.9857,
FD004,25,414,11.1954,
FD004,25,415,10.2664,
FD004,25,416,9.5479,
FD004,25,417,10.0624,
FD004,25,418,8.1555,
FD004,25,419,7.2624,
FD004,25,420,8.8574,
FD004,25,421,13.4582,
FD004,25,422,12.0931,
FD004,25,423,11.4561,
FD004,25,424,11.5006,
FD004,25,425,11.1825,
FD004,25,426,11.9719,
FD004,25,427,11.9197,
FD004,25,428,10.8422,
FD004,25,429,9.1499,
FD004,25,430,9.5911,
FD004,25,431,9.5355,
FD004,25,432,8.183,
FD004,25,433,8.3054,
FD004,25,434,9.6818,
FD004,25,435,10.6553,
FD004,25,436,13.4901,
FD004,25,437,12.582,
FD004,25,438,12.287,
FD004,25,439,12.7691,
FD004,25,440,12.602,
FD004,25,441,12.0404,
FD004,25,442,13.139,
FD004,25,443,13.9483,
FD004,25,444,12.1559,
FD004,25,445,11.0491,
FD004,25,446,10.7502,
FD004,25,447,10.3411,
FD004,25,448,9.9019,
FD004,25,449,9.5802,
FD004,25,450,12.0021,
FD004,25,451,10.9226,
FD004,25,452,9.7655,
FD004,25,453,8.2478,
FD004,25,454,6.4647,
FD004,25,455,5.7285,
FD004,25,456,6.9987,
FD004,25,457,7.4367,
FD004,25,458,8.8957,
FD004,25,459,10.628,
FD004,25,460,10.5262,
FD004,25,461,10.9904,
FD004,25,462,10.7034,
FD004,25,463,10.0345,
FD004,25,464,12.0858,
FD004,25,465,14.3322,
FD004,25,466,14.0084,
FD004,25,467,12.8753,
FD004,25,468,12.1233,
FD004,25,469,8.7512,
FD004,25,470,8.8887,
FD004,25,471,8.6596,
FD004,25,472,8.0078,
FD004,25,473,8.9945,
FD004,25,474,7.8939,
FD004,25,475,9.7433,
FD004,25,476,8.6886,
FD004,25,477,8.291,
FD004,25,478,10.0914,
FD004,25,479,12.2173,
FD004,25,480,8.3838,
FD004,25,481,8.0645,
FD004,25,482,8.4035,
FD004,25,483,7.014,
FD004,25,484,7.0132,
FD004,25,485,7.4424,
FD004,25,486,5.3552,
FD004,26,1,0.0,
FD004,26,2,0.0,
FD004,26,3,0.0,
FD004,26,4,0.0,
FD004,26,5,0.0,
FD004,26,6,0.0,
FD004,26,7,0.0,
FD004,26,8,0.0,
FD004,26,9,0.0,
FD004,26,10,0.0,
FD004,26,11,0.0,
FD004,26,12,0.0,
FD004,26,13,0.0,
FD004,26,14,0.0,
FD004,26,15,0.0,
FD004,26,16,0.0,
FD004,26,17,0.0,
FD004,26,18,0.0,
FD004,26,19,0.0,
FD004,26,20,0.0,
FD004,26,21,0.0,
FD004,26,22,0.0,
FD004,26,23,0.0,
FD004,26,24,0.0,
FD004,26,25,0.0,
FD004,26,26,0.0,
FD004,26,27,0.0,
FD004,26,28,0.0,
FD004,26,29,0.0,
FD004,26,30,0.0,
FD004,26,31,0.0,
FD004,26,32,0.0,
FD004,26,33,0.0,
FD004,26,34,0.0,
FD004,26,35,0.0,
FD004,26,36,0.0,
FD004,26,37,0.0,
FD004,26,38,0.0,
FD004,26,39,0.0,
FD004,26,40,0.0,
FD004,26,41,0.0,
FD004,26,42,0.0,
FD004,26,43,0.0,
FD004,26,44,0.0,
FD004,26,45,0.0,
FD004,26,46,0.0,
FD004,26,47,0.0,
FD004,26,48,0.0,
FD004,26,49,0.0,
FD004,26,50,4.6188,
FD004,26,51,4.9016,
FD004,26,52,6.7158,
FD004,26,53,4.9712,
FD004,26,54,7.1801,
FD004,26,55,8.5616,
FD004,26,56,10.5731,
FD004,26,57,11.5567,
FD004,26,58,11.6177,
FD004,26,59,14.1188,
FD004,26,60,15.3069,
FD004,26,61,13.9085,
FD004,26,62,10.4226,
FD004,26,63,10.9212,
FD004,26,64,11.6437,
FD004,26,65,6.7489,
FD004,26,66,6.4187,
FD004,26,67,9.7968,
FD004,26,68,9.5974,
FD004,26,69,8.4896,
FD004,26,70,14.4741,
FD004,26,71,14.3244,
FD004,26,72,11.1166,
FD004,26,73,10.6946,
FD004,26,74,13.063,
FD004,26,75,14.4807,
FD004,26,76,15.5035,
FD004,26,77,16.0915,
FD004,26,78,18.4567,
FD004,26,79,16.8195,
FD004,26,80,16.0489,
FD004,26,81,17.2469,
FD004,26,82,17.5249,
FD004,26,83,15.7669,
FD004,26,84,14.5845,
FD004,26,85,14.0786,
FD004,26,86,11.1414,
FD004,26,87,9.6252,
FD004,26,88,8.4999,
FD004,26,89,8.293,
FD004,26,90,7.4118,
FD004,27,1,0.0,
FD004,27,2,0.0,
FD004,27,3,0.0,
FD004,27,4,0.0,
FD004,27,5,0.0,
FD004,27,6,0.0,
FD004,27,7,0.0,
FD004,27,8,0.0,
FD004,27,9,0.0,
FD004,27,10,0.0,
FD004,27,11,0.0,
FD004,27,12,0.0,
FD004,27,13,0.0,
FD004,27,14,0.0,
FD004,27,15,0.0,
FD004,27,16,0.0,
FD004,27,17,0.0,
FD004,27,18,0.0,
FD004,27,19,0.0,
FD004,27,20,0.0,
FD004,27,21,0.0,
FD004,27,22,0.0,
FD004,27,23,0.0,
FD004,27,24,0.0,
FD004,27,25,0.0,
FD004,27,26,0.0,
FD004,27,27,0.0,
FD004,27,28,0.0,
FD004,27,29,0.0,
FD004,27,30,0.0,
FD004,27,31,0.0,
FD004,27,32,0.0,
FD004,27,33,0.0,
FD004,27,34,0.0,
FD004,27,35,0.0,
FD004,27,36,0.0,
FD004,27,37,0.0,
FD004,27,38,0.0,
FD004,27,39,0.0,
FD004,27,40,0.0,
FD004,27,41,0.0,
FD004,27,42,0.0,
FD004,27,43,0.0,
FD004,27,44,0.0,
FD004,27,45,0.0,
FD004,27,46,0.0,
FD004,27,47,0.0,
FD004,27,48,0.0,
FD004,27,49,0.0,
FD004,27,50,8.2442,
FD004,27,51,9.6369,
FD004,27,52,8.4388,
FD004,27,53,5.0918,
FD004,27,54,5.8519,
FD004,27,55,7.412,
FD004,27,56,6.313,
FD004,27,57,5.952,
FD004,27,58,5.8464,
FD004,27,59,6.5855,
FD004,27,60,6.962,
FD004,27,61,6.1726,
FD004,27,62,6.9362,
FD004,27,63,7.5067,
FD004,27,64,7.4221,
FD004,27,65,8.6239,
FD004,27,66,11.0213,
FD004,27,67,11.2531,
FD004,27,68,9.8727,
FD004,27,69,9.8698,
FD004,27,70,8.0295,
FD004,27,71,8.5166,
FD004,27,72,7.0323,
FD004,27,73,6.8683,
FD004,27,74,6.1038,
FD004,27,75,4.8228,
FD004,27,76,6.1838,
FD004,27,77,7.0792,
FD004,27,78,8.9774,
FD004,27,79,9.2277,
FD004,27,80,11.5279,
FD004,27,81,8.6174,
FD004,27,82,8.5551,
FD004,27,83,7.7568,
FD004,27,84,8.0392,
FD004,27,85,8.1201,
FD004,27,86,6.5609,
FD004,27,87,5.8887,
FD004,27,88,6.3506,
FD004,27,89,5.6121,
FD004,27,90,5.1675,
FD004,27,91,5.8972,
FD004,27,92,10.4929,
FD004,27,93,7.0185,
FD004,27,94,7.1927,
FD004,27,95,8.5261,
FD004,27,96,7.786,
FD004,27,97,7.0746,
FD004,27,98,6.6869,
FD004,27,99,7.4986,
FD004,27,100,6.1638,
FD004,27,101,7.1299,
FD004,27,102,7.3787,
FD004,27,103,7.5581,
FD004,27,104,7.4772,
FD004,27,105,7.3773,
FD004,27,106,7.2513,
FD004,27,107,9.4696,
FD004,27,108,8.8644,
FD004,27,109,9.1459,
FD004,27,110,6.9493,
FD004,27,111,8.7312,
FD004,27,112,6.2419,
FD004,27,113,6.7985,
FD004,27,114,7.6443,
FD004,27,115,7.4438,
FD004,27,116,4.9923,
FD004,27,117,5.5418,
FD004,27,118,5.8512,
FD004,27,119,6.0031,
FD004,27,120,6.5541,
FD004,27,121,9.4328,
FD004,27,122,10.2315,
FD004,27,123,19.5143,
FD004,27,124,16.4286,
FD004,27,125,16.4461,
FD004,27,126,18.3114,
FD004,27,127,15.604,
FD004,27,128,9.8102,
FD004,27,129,10.968,
FD004,27,130,12.6126,
FD004,27,131,13.2524,
FD004,27,132,8.878,
FD004,27,133,8.8405,
FD004,27,134,8.2081,
FD004,27,135,5.8909,
FD004,27,136,5.7061,
FD004,27,137,8.2294,
FD004,27,138,6.8196,
FD004,27,139,8.7758,
FD004,27,140,7.0111,
FD004,27,141,8.0174,
FD004,27,142,10.8802,
FD004,27,143,14.8896,
FD004,27,144,13.2706,
FD004,28,1,0.0,
FD004,28,2,0.0,
FD004,28,3,0.0,
FD004,28,4,0.0,
FD004,28,5,0.0,
FD004,28,6,0.0,
FD004,28,7,0.0,
FD004,28,8,0.0,
FD004,28,9,0.0,
FD004,28,10,0.0,
FD004,28,11,0.0,
FD004,28,12,0.0,
FD004,28,13,0.0,
FD004,28,14,0.0,
FD004,28,15,0.0,
FD004,28,16,0.0,
FD004,28,17,0.0,
FD004,28,18,0.0,
FD004,28,19,0.0,
FD004,28,20,0.0,
FD004,29,1,0.0,
FD004,29,2,0.0,
FD004,29,3,0.0,
FD004,29,4,0.0,
FD004,29,5,0.0,
FD004,29,6,0.0,
FD004,29,7,0.0,
FD004,29,8,0.0,
FD004,29,9,0.0,
FD004,29,10,0.0,
FD004,29,11,0.0,
FD004,29,12,0.0,
FD004,29,13,0.0,
FD004,29,14,0.0,
FD004,29,15,0.0,
FD004,29,16,0.0,
FD004,29,17,0.0,
FD004,29,18,0.0,
FD004,29,19,0.0,
FD004,29,20,0.0,
FD004,29,21,0.0,
FD004,29,22,0.0,
FD004,29,23,0.0,
FD004,29,24,0.0,
FD004,29,25,0.0,
FD004,29,26,0.0,
FD004,29,27,0.0,
FD004,29,28,0.0,
FD004,29,29,0.0,
FD004,29,30,0.0,
FD004,29,31,0.0,
FD004,29,32,0.0,
FD004,29,33,0.0,
FD004,29,34,0.0,
FD004,29,35,0.0,
FD004,29,36,0.0,
FD004,29,37,0.0,
FD004,29,38,0.0,
FD004,29,39,0.0,
FD004,29,40,0.0,
FD004,29,41,0.0,
FD004,29,42,0.0,
FD004,29,43,0.0,
FD004,29,44,0.0,
FD004,29,45,0.0,
FD004,29,46,0.0,
FD004,29,47,0.0,
FD004,29,48,0.0,
FD004,29,49,0.0,
FD004,29,50,6.4715,
FD004,29,51,6.5126,
FD004,29,52,6.9998,
FD004,29,53,7.9222,
FD004,29,54,7.7489,
FD004,29,55,8.471,
FD004,29,56,8.7275,
FD004,29,57,9.1828,
FD004,29,58,9.296,
FD004,29,59,6.557,
FD004,29,60,11.0751,
FD004,29,61,7.047,
FD004,29,62,7.3617,
FD004,29,63,7.5388,
FD004,29,64,9.159,
FD004,29,65,8.4127,
FD004,29,66,9.1668,
FD004,29,67,8.7684,
FD004,29,68,10.5954,
FD004,29,69,10.7376,
FD004,29,70,13.7088,
FD004,29,71,12.2261,
FD004,29,72,11.8323,
FD004,29,73,11.8898,
FD004,29,74,12.9288,
FD004,29,75,13.6695,
FD004,29,76,12.4029,
FD004,29,77,14.4842,
FD004,29,78,11.7423,
FD004,29,79,12.995,
FD004,29,80,17.9289,
FD004,29,81,13.2789,
FD004,29,82,15.7824,
FD004,29,83,16.7165,
FD004,29,84,8.9215,
FD004,29,85,9.83,
FD004,29,86,8.1534,
FD004,29,87,9.0018,
FD004,29,88,8.8384,
FD004,29,89,9.7297,
FD004,29,90,13.2984,
FD004,29,91,14.2618,
FD004,29,92,14.0171,
FD004,29,93,13.3591,
FD004,29,94,14.2112,
FD004,29,95,12.5992,
FD004,29,96,17.1055,
FD004,29,97,16.5424,
FD004,29,98,14.9059,
FD004,29,99,16.171,
FD004,29,100,14.304,
FD004,29,101,14.4458,
FD004,29,102,14.8104,
FD004,29,103,12.2574,
FD004,29,104,10.8561,
FD004,29,105,13.5463,
FD004,29,106,11.7283,
FD004,29,107,12.1274,
FD004,29,108,9.9268,
FD004,29,109,9.6269,
FD004,29,110,9.7377,
FD004,29,111,10.9539,
FD004,29,112,7.7489,
FD004,29,113,7.8812,
FD004,29,114,5.6122,
FD004,29,115,7.5887,
FD004,29,116,9.0622,
FD004,29,117,8.0534,
FD004,29,118,7.1289,
FD004,29,119,9.1246,
FD004,29,120,8.3467,
FD004,29,121,8.9768,
FD004,29,122,8.6768,
FD004,29,123,8.2148,
FD004,29,124,9.3236,
FD004,29,125,12.1919,
FD004,29,126,9.348,
FD004,29,127,12.3836,
FD004,29,128,16.1203,
FD004,29,129,19.4735,
FD004,29,130,17.0219,
FD004,29,131,15.3688,
FD004,29,132,15.0908,
FD004,29,133,7.3522,
FD004,29,134,8.2645,
FD004,29,135,6.9658,
FD004,29,136,8.6969,
FD004,29,137,8.5448,
FD004,29,138,7.0903,
FD004,29,139,7.2885,
FD004,29,140,6.9788,
FD004,29,141,7.8676,
FD004,29,142,7.7513,
FD004,29,143,8.8349,
FD004,29,144,9.1803,
FD004,29,145,10.6498,
FD004,29,146,13.8055,
FD004,29,147,12.3993,
FD004,29,148,11.6866,
FD004,29,149,15.8876,
FD004,29,150,16.5109,
FD004,29,151,12.8103,
FD004,29,152,10.3952,
FD004,29,153,10.8614,
FD004,29,154,10.705,
FD004,29,155,10.4982,
FD004,29,156,14.7958,
FD004,29,157,9.146,
FD004,29,158,9.2708,
FD004,29,159,6.7833,
FD004,29,160,5.9201,
FD004,29,161,7.4941,
FD004,29,162,8.2898,
FD004,29,163,6.2508,
FD004,29,164,5.9315,
FD004,29,165,8.0364,
FD004,29,166,8.9871,
FD004,29,167,8.7132,
FD004,29,168,8.4722,
FD004,29,169,8.9056,
FD004,29,170,9.288,
FD004,29,171,8.0466,
FD004,29,172,8.6315,
FD004,29,173,8.067,
FD004,29,174,8.6392,
FD004,29,175,8.2343,
FD004,29,176,9.0621,
FD004,29,177,13.5914,
FD004,29,178,12.8758,
FD004,29,179,14.7805,
FD004,29,180,12.1274,
FD004,29,181,12.0437,
FD004,29,182,9.9973,
FD004,29,183,7.642,
FD004,29,184,8.5784,
FD004,29,185,9.3667,
FD004,29,186,12.4904,
FD004,29,187,9.8246,
FD004,29,188,8.8721,
FD004,29,189,11.1772,
FD004,29,190,10.6351,
FD004,29,191,9.1306,
FD004,29,192,10.9917,
FD004,29,193,11.7169,
FD004,29,194,10.276,
FD004,29,195,13.8487,
FD004,29,196,8.3772,
FD004,29,197,10.1001,
FD004,29,198,9.5621,
FD004,29,199,9.2224,
FD004,29,200,8.6637,
FD004,29,201,6.4777,
FD004,29,202,8.0351,
FD004,29,203,8.7714,
FD004,29,204,10.2496,
FD004,29,205,12.0948,
FD004,29,206,10.2688,
FD004,29,207,11.6044,
FD004,29,208,13.5966,
FD004,29,209,9.1716,
FD004,29,210,13.4924,
FD004,29,211,15.4969,
FD004,29,212,10.0945,
FD004,29,213,13.4381,
FD004,29,214,12.7247,
FD004,29,215,12.647,
FD004,29,216,8.8286,
FD004,30,1,0.0,
FD004,30,2,0.0,
FD004,30,3,0.0,
FD004,30,4,0.0,
FD004,30,5,0.0,
FD004,30,6,0.0,
FD004,30,7,0.0,
FD004,30,8,0.0,
FD004,30,9,0.0,
FD004,30,10,0.0,
FD004,30,11,0.0,
FD004,30,12,0.0,
FD004,30,13,0.0,
FD004,30,14,0.0,
FD004,30,15,0.0,
FD004,30,16,0.0,
FD004,30,17,0.0,
FD004,30,18,0.0,
FD004,30,19,0.0,
FD004,30,20,0.0,
FD004,30,21,0.0,
FD004,30,22,0.0,
FD004,30,23,0.0,
FD004,30,24,0.0,
FD004,30,25,0.0,
FD004,30,26,0.0,
FD004,30,27,0.0,
FD004,30,28,0.0,
FD004,30,29,0.0,
FD004,30,30,0.0,
FD004,30,31,0.0,
FD004,30,32,0.0,
FD004,30,33,0.0,
FD004,30,34,0.0,
FD004,30,35,0.0,
FD004,30,36,0.0,
FD004,30,37,0.0,
FD004,30,38,0.0,
FD004,30,39,0.0,
FD004,30,40,0.0,
FD004,30,41,0.0,
FD004,30,42,0.0,
FD004,30,43,0.0,
FD004,30,44,0.0,
FD004,30,45,0.0,
FD004,30,46,0.0,
FD004,30,47,0.0,
FD004,30,48,0.0,
FD004,30,49,0.0,
FD004,30,50,11.6658,
FD004,30,51,10.2921,
FD004,30,52,18.0093,
FD004,30,53,18.5416,
FD004,30,54,19.3563,
FD004,30,55,9.5918,
FD004,30,56,11.4682,
FD004,30,57,8.1053,
FD004,30,58,8.0069,
FD004,30,59,8.5745,
FD004,30,60,7.4036,
FD004,30,61,7.5112,
FD004,30,62,7.4307,
FD004,30,63,6.9448,
FD004,30,64,7.5302,
FD004,30,65,8.4087,
FD004,30,66,8.3543,
FD004,30,67,14.9151,
FD004,30,68,12.0598,
FD004,30,69,16.5848,
FD004,30,70,15.0264,
FD004,30,71,22.084,
FD004,30,72,14.5788,
FD004,30,73,15.163,
FD004,30,74,19.8362,
FD004,30,75,16.4145,
FD004,30,76,19.1721,
FD004,30,77,13.5897,
FD004,30,78,12.976,
FD004,30,79,10.6259,
FD004,30,80,11.1035,
FD004,30,81,9.7552,
FD004,30,82,11.9317,
FD004,30,83,9.5658,
FD004,30,84,9.5875,
FD004,30,85,10.0459,
FD004,30,86,10.207,
FD004,30,87,9.4073,
FD004,30,88,9.0899,
FD004,30,89,9.2628,
FD004,30,90,8.7181,
FD004,30,91,8.4184,
FD004,30,92,9.0016,
FD004,30,93,8.282,
FD004,30,94,9.6289,
FD004,30,95,8.505,
FD004,30,96,10.9823,
FD004,30,97,10.486,
FD004,30,98,11.8961,
FD004,30,99,12.0151,
FD004,30,100,13.2904,
FD004,30,101,16.3563,
FD004,30,102,17.6098,
FD004,30,103,18.7209,
FD004,30,104,18.6625,
FD004,30,105,19.4294,
FD004,30,106,19.7095,
FD004,30,107,16.8226,
FD004,30,108,15.0021,
FD004,30,109,15.3813,
FD004,30,110,14.8801,
FD004,30,111,15.506,
FD004,30,112,11.403,
FD004,30,113,10.6704,
FD004,30,114,10.7444,
FD004,30,115,9.4591,
FD004,30,116,8.9589,
FD004,30,117,9.4088,
FD004,30,118,10.0222,
FD004,30,119,11.7532,
FD004,30,120,12.1802,
FD004,30,121,11.0106,
FD004,30,122,11.1493,
FD004,30,123,13.7854,
FD004,30,124,11.1241,
FD004,30,125,9.7459,
FD004,30,126,9.0018,
FD004,30,127,9.636,
FD004,30,128,8.7494,
FD004,30,129,8.2031,
FD004,30,130,7.1436,
FD004,30,131,6.1438,
FD004,30,132,11.669,
FD004,30,133,9.487,
FD004,30,134,8.9701,
FD004,30,135,7.7912,
FD004,30,136,14.0254,
FD004,30,137,11.2507,
FD004,30,138,12.6961,
FD004,30,139,10.8176,
FD004,30,140,8.365,
FD004,30,141,9.4642,
FD004,30,142,8.0666,
FD004,30,143,8.164,
FD004,30,144,9.5728,
FD004,30,145,8.8148,
FD004,30,146,8.9717,
FD004,30,147,11.1416,
FD004,30,148,10.6098,
FD004,30,149,9.4666,
FD004,30,150,8.1898,
FD004,30,151,9.6239,
FD004,30,152,11.3179,
FD004,30,153,8.8575,
FD004,30,154,8.7233,
FD004,30,155,9.2164,
FD004,30,156,7.0731,
FD004,30,157,6.8382,
FD004,30,158,7.086,
FD004,30,159,9.4573,
FD004,30,160,5.943,
FD004,30,161,7.103,
FD004,30,162,9.2855,
FD004,30,163,10.9645,
FD004,30,164,9.4031,
FD004,30,165,9.3755,
FD004,30,166,9.3707,
FD004,30,167,8.8426,
FD004,30,168,9.5129,
FD004,30,169,9.5406,
FD004,30,170,7.4825,
FD004,30,171,6.9827,
FD004,30,172,7.377,
FD004,30,173,8.7389,
FD004,30,174,9.1543,
FD004,30,175,9.9859,
FD004,30,176,11.9255,
FD004,30,177,13.3137,
FD004,30,178,11.8014,
FD004,30,179,12.2053,
FD004,30,180,11.2773,
FD004,30,181,8.8198,
FD004,30,182,7.71,
FD004,30,183,7.8332,
FD004,30,184,8.1623,
FD004,30,185,8.4379,
FD004,30,186,7.5516,
FD004,30,187,7.6508,
FD004,30,188,9.2797,
FD004,30,189,13.5458,
FD004,30,190,10.9956,
FD004,30,191,10.9488,
FD004,30,192,11.1975,
FD004,30,193,12.04,
FD004,30,194,11.0967,
FD004,30,195,9.4391,
FD004,30,196,5.6475,
FD004,30,197,11.367,
FD004,30,198,12.3312,
FD004,30,199,13.2175,
FD004,30,200,12.0907,
FD004,30,201,12.2429,
FD004,30,202,11.5562,
FD004,30,203,9.5133,
FD004,30,204,6.9405,
FD004,30,205,7.2121,
FD004,30,206,7.6475,
FD004,30,207,7.1559,
FD004,30,208,7.7626,
FD004,30,209,6.0645,
FD004,30,210,8.6863,
FD004,30,211,6.7535,
FD004,30,212,9.5247,
FD004,30,213,8.0284,
FD004,30,214,8.3388,
FD004,30,215,8.5892,
FD004,30,216,9.3555,
FD004,30,217,9.4561,
FD004,30,218,9.5263,
FD004,30,219,9.6773,
FD004,30,220,10.0654,
FD004,30,221,7.787,
FD004,30,222,9.6137,
FD004,30,223,8.9976,
FD004,30,224,9.2319,
FD004,30,225,9.2176,
FD004,30,226,9.4915,
FD004,30,227,9.9348,
FD004,30,228,11.4094,
FD004,30,229,13.4091,
FD004,31,1,0.0,
FD004,31,2,0.0,
FD004,31,3,0.0,
FD004,31,4,0.0,
FD004,31,5,0.0,
FD004,31,6,0.0,
FD004,31,7,0.0,
FD004,31,8,0.0,
FD004,31,9,0.0,
FD004,31,10,0.0,
FD004,31,11,0.0,
FD004,31,12,0.0,
FD004,31,13,0.0,
FD004,31,14,0.0,
FD004,31,15,0.0,
FD004,31,16,0.0,
FD004,31,17,0.0,
FD004,31,18,0.0,
FD004,31,19,0.0,
FD004,31,20,0.0,
FD004,31,21,0.0,
FD004,31,22,0.0,
FD004,31,23,0.0,
FD004,31,24,0.0,
FD004,31,25,0.0,
FD004,31,26,0.0,
FD004,31,27,0.0,
FD004,31,28,0.0,
FD004,31,29,0.0,
FD004,31,30,0.0,
FD004,31,31,0.0,
FD004,31,32,0.0,
FD004,31,33,0.0,
FD004,31,34,0.0,
FD004,31,35,0.0,
FD004,31,36,0.0,
FD004,31,37,0.0,
FD004,31,38,0.0,
FD004,31,39,0.0,
FD004,31,40,0.0,
FD004,31,41,0.0,
FD004,31,42,0.0,
FD004,31,43,0.0,
FD004,31,44,0.0,
FD004,31,45,0.0,
FD004,31,46,0.0,
FD004,31,47,0.0,
FD004,31,48,0.0,
FD004,31,49,0.0,
FD004,31,50,7.1823,
FD004,31,51,5.4624,
FD004,31,52,5.1812,
FD004,31,53,7.6926,
FD004,31,54,8.0076,
FD004,31,55,9.1507,
FD004,31,56,7.0807,
FD004,31,57,8.2182,
FD004,31,58,9.1375,
FD004,31,59,8.5417,
FD004,31,60,8.4159,
FD004,31,61,9.9826,
FD004,31,62,10.6692,
FD004,31,63,10.0024,
FD004,31,64,9.8311,
FD004,31,65,8.84,
FD004,31,66,8.7909,
FD004,31,67,10.2349,
FD004,31,68,12.6574,
FD004,31,69,10.4004,
FD004,31,70,10.594,
FD004,31,71,12.6354,
FD004,31,72,12.8789,
FD004,31,73,12.9271,
FD004,31,74,12.7659,
FD004,31,75,13.5001,
FD004,31,76,13.5887,
FD004,31,77,12.4912,
FD004,31,78,11.4972,
FD004,31,79,12.0047,
FD004,31,80,10.029,
FD004,31,81,7.5922,
FD004,31,82,8.286,
FD004,31,83,7.264,
FD004,31,84,6.8296,
FD004,31,85,6.9882,
FD004,31,86,9.3486,
FD004,31,87,9.6298,
FD004,31,88,9.6431,
FD004,31,89,12.4597,
FD004,31,90,18.6512,
FD004,31,91,10.5526,
FD004,31,92,9.6261,
FD004,31,93,9.8194,
FD004,31,94,10.3627,
FD004,31,95,11.6879,
FD004,31,96,10.187,
FD004,31,97,10.2304,
FD004,31,98,9.0127,
FD004,31,99,10.0616,
FD004,31,100,10.0593,
FD004,31,101,11.2115,
FD004,31,102,13.5445,
FD004,31,103,10.7945,
FD004,31,104,10.4908,
FD004,31,105,12.0109,
FD004,31,106,11.766,
FD004,31,107,10.4771,
FD004,31,108,11.4288,
FD004,31,109,11.6193,
FD004,31,110,12.5963,
FD004,31,111,15.612,
FD004,31,112,12.9646,
FD004,31,113,13.009,
FD004,31,114,11.9707,
FD004,31,115,12.9077,
FD004,31,116,9.2834,
FD004,31,117,8.7513,
FD004,31,118,11.2061,
FD004,31,119,10.6831,
FD004,31,120,9.38,
FD004,31,121,9.9792,
FD004,31,122,8.7354,
FD004,31,123,13.2822,
FD004,31,124,10.2519,
FD004,31,125,10.1327,
FD004,31,126,8.2094,
FD004,31,127,9.4893,
FD004,31,128,11.2701,
FD004,31,129,8.9707,
FD004,31,130,7.7758,
FD004,31,131,8.5826,
FD004,31,132,9.7738,
FD004,31,133,10.9513,
FD004,31,134,12.8606,
FD004,32,1,0.0,
FD004,32,2,0.0,
FD004,32,3,0.0,
FD004,32,4,0.0,
FD004,32,5,0.0,
FD004,32,6,0.0,
FD004,32,7,0.0,
FD004,32,8,0.0,
FD004,32,9,0.0,
FD004,32,10,0.0,
FD004,32,11,0.0,
FD004,32,12,0.0,
FD004,32,13,0.0,
FD004,32,14,0.0,
FD004,32,15,0.0,
FD004,32,16,0.0,
FD004,32,17,0.0,
FD004,32,18,0.0,
FD004,32,19,0.0,
FD004,32,20,0.0,
FD004,32,21,0.0,
FD004,32,22,0.0,
FD004,32,23,0.0,
FD004,32,24,0.0,
FD004,32,25,0.0,
FD004,32,26,0.0,
FD004,32,27,0.0,
FD004,32,28,0.0,
FD004,32,29,0.0,
FD004,32,30,0.0,
FD004,32,31,0.0,
FD004,32,32,0.0,
FD004,32,33,0.0,
FD004,32,34,0.0,
FD004,32,35,0.0,
FD004,32,36,0.0,
FD004,32,37,0.0,
FD004,32,38,0.0,
FD004,32,39,0.0,
FD004,32,40,0.0,
FD004,32,41,0.0,
FD004,32,42,0.0,
FD004,32,43,0.0,
FD004,32,44,0.0,
FD004,32,45,0.0,
FD004,32,46,0.0,
FD004,32,47,0.0,
FD004,32,48,0.0,
FD004,32,49,0.0,
FD004,32,50,9.5426,
FD004,32,51,16.4545,
FD004,32,52,14.6149,
FD004,32,53,15.8914,
FD004,32,54,18.078,
FD004,32,55,16.9124,
FD004,32,56,12.7171,
FD004,32,57,11.7343,
FD004,32,58,11.2878,
FD004,32,59,10.5903,
FD004,32,60,10.2979,
FD004,32,61,10.455,
FD004,32,62,12.0117,
FD004,32,63,6.9677,
FD004,32,64,6.6615,
FD004,32,65,6.7365,
FD004,32,66,5.8863,
FD004,32,67,8.7937,
FD004,32,68,6.4164,
FD004,32,69,7.4863,
FD004,32,70,9.7579,
FD004,32,71,8.4026,
FD004,32,72,7.9119,
FD004,32,73,8.4987,
FD004,32,74,13.9804,
FD004,32,75,7.6031,
FD004,32,76,10.5044,
FD004,32,77,6.4357,
FD004,32,78,9.6953,
FD004,32,79,7.8461,
FD004,32,80,7.3993,
FD004,32,81,7.3443,
FD004,32,82,6.3895,
FD004,32,83,6.749,
FD004,32,84,9.0289,
FD004,32,85,10.2702,
FD004,32,86,15.3524,
FD004,32,87,13.3094,
FD004,32,88,7.6628,
FD004,32,89,10.9202,
FD004,32,90,10.4416,
FD004,32,91,11.4722,
FD004,32,92,12.3913,
FD004,32,93,15.0746,
FD004,32,94,11.8193,
FD004,32,95,12.2123,
FD004,32,96,12.2144,
FD004,32,97,12.1954,
FD004,32,98,7.1672,
FD004,32,99,6.1763,
FD004,32,100,6.0831,
FD004,32,101,5.2009,
FD004,32,102,5.359,
FD004,32,103,5.1105,
FD004,32,104,7.3649,
FD004,32,105,4.9326,
FD004,32,106,4.4486,
FD004,32,107,4.4046,
FD004,32,108,6.6313,
FD004,32,109,5.8374,
FD004,32,110,5.969,
FD004,32,111,5.7931,
FD004,32,112,7.273,
FD004,32,113,5.8837,
FD004,32,114,5.785,
FD004,32,115,5.1791,
FD004,32,116,6.8792,
FD004,32,117,5.6347,
FD004,32,118,5.4188,
FD004,32,119,6.1736,
FD004,32,120,7.0126,
FD004,32,121,7.0565,
FD004,32,122,7.3723,
FD004,32,123,7.5818,
FD004,32,124,10.4868,
FD004,32,125,8.1924,
FD004,32,126,7.2313,
FD004,32,127,6.3154,
FD004,32,128,8.7991,
FD004,32,129,11.6743,
FD004,32,130,8.2502,
FD004,32,131,6.6015,
FD004,32,132,8.3266,
FD004,32,133,5.736,
FD004,32,134,6.6673,
FD004,32,135,5.8748,
FD004,32,136,11.3311,
FD004,32,137,11.6346,
FD004,32,138,11.3898,
FD004,32,139,13.183,
FD004,32,140,14.6034,
FD004,32,141,19.4434,
FD004,32,142,16.7347,
FD004,32,143,17.4181,
FD004,32,144,19.9587,
FD004,32,145,24.3689,
FD004,32,146,15.0336,
FD004,32,147,14.3658,
FD004,32,148,14.1951,
FD004,32,149,13.337,
FD004,32,150,14.1308,
FD004,32,151,12.4598,
FD004,32,152,12.2396,
FD004,32,153,11.3839,
FD004,32,154,13.14,
FD004,32,155,11.2662,
FD004,32,156,10.9062,
FD004,32,157,11.9363,
FD004,32,158,11.5363,
FD004,32,159,10.4419,
FD004,32,160,11.8763,
FD004,32,161,9.9679,
FD004,32,162,9.7357,
FD004,32,163,10.2024,
FD004,32,164,11.6712,
FD004,32,165,12.0501,
FD004,32,166,10.3565,
FD004,32,167,11.2833,
FD004,32,168,11.5764,
FD004,32,169,12.2177,
FD004,32,170,9.5319,
FD004,32,171,6.8585,
FD004,32,172,7.6529,
FD004,32,173,7.257,
FD004,32,174,6.7483,
FD004,32,175,6.7854,
FD004,32,176,7.5877,
FD004,32,177,7.526,
FD004,32,178,6.9984,
FD004,32,179,8.0381,
FD004,32,180,7.9654,
FD004,32,181,9.2679,
FD004,32,182,7.6867,
FD004,32,183,7.193,
FD004,32,184,7.7409,
FD004,32,185,8.1347,
FD004,32,186,10.2795,
FD004,32,187,12.3929,
FD004,32,188,9.4506,
FD004,32,189,8.9115,
FD004,32,190,9.3036,
FD004,32,191,9.5572,
FD004,32,192,13.9487,
FD004,32,193,16.3458,
FD004,32,194,16.8309,
FD004,32,195,16.9606,
FD004,32,196,20.0837,
FD004,32,197,17.4901,
FD004,32,198,11.8156,
FD004,32,199,13.482,
FD004,32,200,13.1725,
FD004,32,201,15.5372,
FD004,32,202,11.6727,
FD004,32,203,9.2971,
FD004,32,204,9.3256,
FD004,32,205,13.2224,
FD004,32,206,9.3208,
FD004,32,207,9.2139,
FD004,32,208,9.2517,
FD004,32,209,11.0039,
FD004,32,210,4.9898,
FD004,32,211,5.3825,
FD004,32,212,4.7107,
FD004,32,213,4.7242,
FD004,32,214,5.7559,
FD004,32,215,7.2676,
FD004,32,216,6.7126,
FD004,32,217,13.9104,
FD004,32,218,13.1676,
FD004,32,219,9.3159,
FD004,32,220,10.0538,
FD004,32,221,10.6523,
FD004,32,222,12.6158,
FD004,32,223,13.9357,
FD004,32,224,13.048,
FD004,32,225,14.2062,
FD004,32,226,13.9953,
FD004,32,227,11.8884,
FD004,32,228,14.6441,
FD004,32,229,11.6569,
FD004,32,230,11.5533,
FD004,32,231,9.455,
FD004,32,232,9.9029,
FD004,32,233,11.4181,
FD004,32,234,13.4515,
FD004,32,235,10.4109,
FD004,32,236,10.6553,
FD004,32,237,10.7358,
FD004,32,238,11.3119,
FD004,32,239,14.0727,
FD004,32,240,13.5344,
FD004,32,241,13.9276,
FD004,32,242,13.8598,
FD004,32,243,14.5697,
FD004,32,244,15.1859,
FD004,32,245,13.8874,
FD004,32,246,11.8191,
FD004,32,247,14.4222,
FD004,32,248,16.3165,
FD004,32,249,11.8177,
FD004,32,250,9.9716,
FD004,32,251,12.6316,
FD004,32,252,12.0892,
FD004,32,253,12.542,
FD004,32,254,11.1981,
FD004,32,255,12.0401,
FD004,32,256,10.8865,
FD004,32,257,10.6715,
FD004,32,258,10.7656,
FD004,32,259,10.4693,
FD004,32,260,10.5938,
FD004,33,1,0.0,
FD004,33,2,0.0,
FD004,33,3,0.0,
FD004,33,4,0.0,
FD004,33,5,0.0,
FD004,33,6,0.0,
FD004,33,7,0.0,
FD004,33,8,0.0,
FD004,33,9,0.0,
FD004,33,10,0.0,
FD004,33,11,0.0,
FD004,33,12,0.0,
FD004,33,13,0.0,
FD004,33,14,0.0,
FD004,33,15,0.0,
FD004,33,16,0.0,
FD004,33,17,0.0,
FD004,33,18,0.0,
FD004,33,19,0.0,
FD004,33,20,0.0,
FD004,33,21,0.0,
FD004,33,22,0.0,
FD004,33,23,0.0,
FD004,33,24,0.0,
FD004,33,25,0.0,
FD004,33,26,0.0,
FD004,33,27,0.0,
FD004,33,28,0.0,
FD004,33,29,0.0,
FD004,33,30,0.0,
FD004,33,31,0.0,
FD004,33,32,0.0,
FD004,33,33,0.0,
FD004,33,34,0.0,
FD004,33,35,0.0,
FD004,33,36,0.0,
FD004,33,37,0.0,
FD004,33,38,0.0,
FD004,33,39,0.0,
FD004,33,40,0.0,
FD004,33,41,0.0,
FD004,33,42,0.0,
FD004,33,43,0.0,
FD004,33,44,0.0,
FD004,33,45,0.0,
FD004,33,46,0.0,
FD004,33,47,0.0,
FD004,33,48,0.0,
FD004,33,49,0.0,
FD004,33,50,11.5042,
FD004,33,51,16.9738,
FD004,33,52,15.8436,
FD004,33,53,16.4983,
FD004,33,54,14.4721,
FD004,33,55,15.028,
FD004,33,56,13.2696,
FD004,33,57,14.0959,
FD004,33,58,14.9571,
FD004,33,59,15.1992,
FD004,33,60,16.3212,
FD004,33,61,15.4273,
FD004,33,62,14.6077,
FD004,33,63,19.5524,
FD004,33,64,15.4181,
FD004,33,65,16.5961,
FD004,33,66,17.8785,
FD004,33,67,13.9237,
FD004,33,68,12.0042,
FD004,33,69,12.1153,
FD004,33,70,9.8603,
FD004,33,71,10.235,
FD004,33,72,8.3464,
FD004,33,73,10.2749,
FD004,33,74,10.5728,
FD004,33,75,11.6261,
FD004,33,76,12.5039,
FD004,33,77,14.6866,
FD004,33,78,13.2585,
FD004,33,79,12.9748,
FD004,33,80,12.239,
FD004,33,81,11.5332,
FD004,33,82,13.1871,
FD004,33,83,14.4167,
FD004,33,84,16.8923,
FD004,33,85,14.1279,
FD004,33,86,13.6852,
FD004,33,87,13.9433,
FD004,33,88,9.4561,
FD004,33,89,9.2917,
FD004,33,90,10.9057,
FD004,33,91,12.822,
FD004,33,92,13.0377,
FD004,33,93,14.2549,
FD004,33,94,13.8575,
FD004,33,95,14.7409,
FD004,33,96,14.598,
FD004,33,97,14.1143,
FD004,33,98,11.0747,
FD004,33,99,11.1018,
FD004,33,100,12.2074,
FD004,33,101,11.699,
FD004,33,102,10.2019,
FD004,33,103,9.4192,
FD004,33,104,7.2539,
FD004,33,105,4.5028,
FD004,33,106,5.2193,
FD004,33,107,7.2377,
FD004,34,1,0.0,
FD004,34,2,0.0,
FD004,34,3,0.0,
FD004,34,4,0.0,
FD004,34,5,0.0,
FD004,34,6,0.0,
FD004,34,7,0.0,
FD004,34,8,0.0,
FD004,34,9,0.0,
FD004,34,10,0.0,
FD004,34,11,0.0,
FD004,34,12,0.0,
FD004,34,13,0.0,
FD004,34,14,0.0,
FD004,34,15,0.0,
FD004,34,16,0.0,
FD004,34,17,0.0,
FD004,34,18,0.0,
FD004,34,19,0.0,
FD004,34,20,0.0,
FD004,34,21,0.0,
FD004,34,22,0.0,
FD004,34,23,0.0,
FD004,34,24,0.0,
FD004,34,25,0.0,
FD004,34,26,0.0,
FD004,34,27,0.0,
FD004,34,28,0.0,
FD004,34,29,0.0,
FD004,34,30,0.0,
FD004,34,31,0.0,
FD004,34,32,0.0,
FD004,34,33,0.0,
FD004,34,34,0.0,
FD004,34,35,0.0,
FD004,34,36,0.0,
FD004,34,37,0.0,
FD004,34,38,0.0,
FD004,34,39,0.0,
FD004,34,40,0.0,
FD004,34,41,0.0,
FD004,34,42,0.0,
FD004,34,43,0.0,
FD004,34,44,0.0,
FD004,34,45,0.0,
FD004,34,46,0.0,
FD004,34,47,0.0,
FD004,34,48,0.0,
FD004,34,49,0.0,
FD004,34,50,9.0964,
FD004,34,51,7.3423,
FD004,34,52,6.4226,
FD004,34,53,5.9629,
FD004,34,54,10.217,
FD004,34,55,7.404,
FD004,34,56,7.7047,
FD004,34,57,7.645,
FD004,34,58,7.7411,
FD004,34,59,6.9813,
FD004,34,60,9.2307,
FD004,34,61,8.6148,
FD004,34,62,10.6506,
FD004,34,63,11.2861,
FD004,34,64,11.6653,
FD004,34,65,10.5712,
FD004,34,66,8.2628,
FD004,34,67,12.02,
FD004,34,68,11.6004,
FD004,34,69,9.1851,
FD004,34,70,11.0365,
FD004,34,71,13.0598,
FD004,34,72,14.9343,
FD004,34,73,11.718,
FD004,34,74,13.3037,
FD004,34,75,10.6069,
FD004,34,76,11.9447,
FD004,34,77,9.1447,
FD004,34,78,8.4401,
FD004,34,79,8.5117,
FD004,34,80,7.9236,
FD004,34,81,8.7236,
FD004,34,82,8.3264,
FD004,34,83,11.0184,
FD004,34,84,11.8301,
FD004,34,85,10.9352,
FD004,34,86,11.0485,
FD004,34,87,9.986,
FD004,34,88,8.243,
FD004,34,89,9.6179,
FD004,34,90,8.7821,
FD004,34,91,7.5077,
FD004,34,92,7.042,
FD004,34,93,10.1958,
FD004,34,94,10.7893,
FD004,34,95,8.3986,
FD004,34,96,9.0075,
FD004,34,97,8.2813,
FD004,34,98,8.7378,
FD004,34,99,8.8543,
FD004,34,100,5.7444,
FD004,34,101,6.881,
FD004,34,102,5.6992,
FD004,34,103,8.314,
FD004,34,104,6.5145,
FD004,34,105,6.2886,
FD004,34,106,7.1412,
FD004,34,107,5.6816,
FD004,34,108,7.1727,
FD004,34,109,5.5997,
FD004,34,110,6.282,
FD004,34,111,7.8896,
FD004,34,112,7.2797,
FD004,34,113,8.1425,
FD004,34,114,8.0288,
FD004,34,115,8.5797,
FD004,34,116,6.6345,
FD004,34,117,8.0716,
FD004,34,118,11.5484,
FD004,34,119,10.1605,
FD004,34,120,9.6835,
FD004,34,121,9.9417,
FD004,34,122,9.713,
FD004,34,123,7.2502,
FD004,34,124,8.4518,
FD004,34,125,6.2111,
FD004,34,126,6.6711,
FD004,34,127,7.7965,
FD004,34,128,10.3929,
FD004,34,129,8.4484,
FD004,34,130,9.6798,
FD004,34,131,7.5447,
FD004,34,132,7.9035,
FD004,34,133,7.0919,
FD004,34,134,6.7484,
FD004,34,135,5.6317,
FD004,34,136,5.0935,
FD004,34,137,4.6396,
FD004,34,138,4.6488,
FD004,34,139,4.8052,
FD004,34,140,5.7302,
FD004,34,141,4.6276,
FD004,34,142,6.2531,
FD004,34,143,6.0328,
FD004,34,144,6.3447,
FD004,34,145,6.0601,
FD004,34,146,5.7775,
FD004,34,147,8.0232,
FD004,34,148,9.6322,
FD004,34,149,12.1288,
FD004,34,150,9.2662,
FD004,34,151,6.8054,
FD004,34,152,10.7583,
FD004,34,153,12.584,
FD004,34,154,7.8853,
FD004,34,155,7.8091,
FD004,34,156,8.1547,
FD004,34,157,9.3394,
FD004,34,158,9.1338,
FD004,34,159,8.4698,
FD004,34,160,8.7298,
FD004,34,161,8.0583,
FD004,34,162,9.6101,
FD004,34,163,10.0058,
FD004,34,164,10.5556,
FD004,34,165,10.5121,
FD004,34,166,11.3014,
FD004,34,167,11.9315,
FD004,34,168,12.2991,
FD004,34,169,12.9559,
FD004,34,170,13.2791,
FD004,34,171,11.5205,
FD004,34,172,11.5554,
FD004,34,173,11.4935,
FD004,34,174,12.1423,
FD004,34,175,11.5699,
FD004,34,176,9.6316,
FD004,34,177,7.3764,
FD004,34,178,6.5504,
FD004,34,179,7.2097,
FD004,34,180,6.9755,
FD004,34,181,8.6502,
FD004,34,182,9.5748,
FD004,34,183,8.7663,
FD004,34,184,9.9267,
FD004,34,185,8.082,
FD004,34,186,6.5323,
FD004,34,187,10.357,
FD004,34,188,13.0135,
FD004,34,189,9.3092,
FD004,34,190,9.4765,
FD004,34,191,7.6683,
FD004,34,192,10.1765,
FD004,34,193,7.5871,
FD004,34,194,7.5872,
FD004,34,195,7.6886,
FD004,34,196,9.4681,
FD004,34,197,7.3106,
FD004,34,198,9.1653,
FD004,34,199,7.0397,
FD004,34,200,7.419,
FD004,34,201,7.5584,
FD004,34,202,7.5151,
FD004,34,203,8.5634,
FD004,34,204,8.1471,
FD004,34,205,9.4074,
FD004,34,206,7.8984,
FD004,34,207,8.0526,
FD004,34,208,10.4637,
FD004,34,209,16.7458,
FD004,34,210,9.0119,
FD004,34,211,11.3518,
FD004,34,212,13.0532,
FD004,34,213,10.0436,
FD004,34,214,8.9794,
FD004,34,215,7.3113,
FD004,34,216,9.1088,
FD004,34,217,6.7882,
FD004,34,218,7.8444,
FD004,34,219,7.7984,
FD004,34,220,9.0391,
FD004,34,221,9.4124,
FD004,34,222,12.1292,
FD004,34,223,14.5174,
FD004,34,224,14.7149,
FD004,34,225,14.5967,
FD004,34,226,14.7868,
FD004,34,227,19.8536,
FD004,34,228,18.1189,
FD004,34,229,14.324,
FD004,34,230,12.5179,
FD004,34,231,14.6901,
FD004,34,232,14.924,
FD004,34,233,12.4481,
FD004,34,234,11.5528,
FD004,34,235,10.8662,
FD004,34,236,9.2475,
FD004,34,237,7.1585,
FD004,34,238,7.5026,
FD004,34,239,6.301,
FD004,34,240,5.7717,
FD004,34,241,9.2608,
FD004,34,242,8.3248,
FD004,34,243,9.6946,
FD004,34,244,12.9134,
FD004,34,245,11.4851,
FD004,34,246,11.1951,
FD004,34,247,14.0201,
FD004,34,248,12.0471,
FD004,34,249,18.1699,
FD004,34,250,13.4046,
FD004,34,251,12.6383,
FD004,34,252,12.4059,
FD004,34,253,12.2186,
FD004,34,254,13.2901,
FD004,34,255,10.4696,
FD004,34,256,9.8755,
FD004,34,257,11.5847,
FD004,34,258,11.5361,
FD004,34,259,11.3539,
FD004,34,260,10.2618,
FD004,34,261,7.9546,
FD004,34,262,7.8801,
FD004,34,263,8.3399,
FD004,34,264,11.3344,
FD004,34,265,8.935,
FD004,34,266,8.4952,
FD004,34,267,8.2844,
FD004,34,268,9.2425,
FD004,34,269,6.9902,
FD004,34,270,6.7099,
FD004,34,271,5.9071,
FD004,34,272,7.4395,
FD004,34,273,7.9332,
FD004,34,274,7.9727,
FD004,34,275,9.2413,
FD004,34,276,7.5422,
FD004,34,277,8.7684,
FD004,34,278,7.1938,
FD004,34,279,5.8342,
FD004,34,280,5.8271,
FD004,34,281,5.3041,
FD004,34,282,6.5968,
FD004,34,283,8.2496,
FD004,34,284,7.7639,
FD004,34,285,7.7598,
FD004,34,286,7.6107,
FD004,34,287,7.7478,
FD004,34,288,9.635,
FD004,34,289,12.3031,
FD004,34,290,8.8682,
FD004,34,291,9.699,
FD004,34,292,12.0499,
FD004,34,293,10.4164,
FD004,34,294,10.4945,
FD004,34,295,8.8539,
FD004,34,296,9.0765,
FD004,34,297,9.4154,
FD004,34,298,9.3348,
FD004,34,299,11.1709,
FD004,34,300,7.9229,
FD004,34,301,7.2512,
FD004,34,302,9.845,
FD004,34,303,9.0395,
FD004,34,304,9.4698,
FD004,34,305,9.3605,
FD004,34,306,9.6691,
FD004,34,307,7.5021,
FD004,34,308,7.7587,
FD004,34,309,9.3361,
FD004,34,310,9.1225,
FD004,34,311,9.1406,
FD004,34,312,9.625,
FD004,34,313,9.0254,
FD004,34,314,7.9276,
FD004,34,315,7.5009,
FD004,34,316,8.7346,
FD004,34,317,8.0759,
FD004,34,318,7.0709,
FD004,34,319,6.8759,
FD004,34,320,6.9878,
FD004,34,321,10.4195,
FD004,34,322,8.3888,
FD004,34,323,8.0105,
FD004,34,324,11.2171,
FD004,34,325,7.4615,
FD004,34,326,8.4932,
FD004,34,327,6.7925,
FD004,34,328,8.3277,
FD004,34,329,8.8223,
FD004,34,330,7.6545,
FD004,34,331,5.6986,
FD004,34,332,5.821,
FD004,34,333,6.6833,
FD004,34,334,6.4672,
FD004,34,335,6.7639,
FD004,34,336,11.5053,
FD004,34,337,6.349,
FD004,34,338,5.7698,
FD004,34,339,5.9836,
FD004,34,340,6.1677,
FD004,34,341,7.3774,
FD004,34,342,8.6649,
FD004,34,343,7.5084,
FD004,34,344,8.3311,
FD004,34,345,8.3067,
FD004,34,346,10.5221,
FD004,34,347,8.9391,
FD004,34,348,12.3106,
FD004,34,349,11.9148,
FD004,34,350,11.8295,
FD004,34,351,11.3757,
FD004,34,352,11.7388,
FD004,34,353,11.5679,
FD004,34,354,12.8159,
FD004,34,355,12.9499,
FD004,34,356,14.8614,
FD004,34,357,12.1404,
FD004,34,358,10.4643,
FD004,34,359,11.4926,
FD004,34,360,9.9833,
FD004,34,361,7.8784,
FD004,35,1,0.0,
FD004,35,2,0.0,
FD004,35,3,0.0,
FD004,35,4,0.0,
FD004,35,5,0.0,
FD004,35,6,0.0,
FD004,35,7,0.0,
FD004,35,8,0.0,
FD004,35,9,0.0,
FD004,35,10,0.0,
FD004,35,11,0.0,
FD004,35,12,0.0,
FD004,35,13,0.0,
FD004,35,14,0.0,
FD004,35,15,0.0,
FD004,35,16,0.0,
FD004,35,17,0.0,
FD004,35,18,0.0,
FD004,35,19,0.0,
FD004,35,20,0.0,
FD004,35,21,0.0,
FD004,35,22,0.0,
FD004,35,23,0.0,
FD004,35,24,0.0,
FD004,35,25,0.0,
FD004,35,26,0.0,
FD004,35,27,0.0,
FD004,35,28,0.0,
FD004,35,29,0.0,
FD004,35,30,0.0,
FD004,35,31,0.0,
FD004,35,32,0.0,
FD004,35,33,0.0,
FD004,35,34,0.0,
FD004,35,35,0.0,
FD004,35,36,0.0,
FD004,35,37,0.0,
FD004,35,38,0.0,
FD004,35,39,0.0,
FD004,35,40,0.0,
FD004,35,41,0.0,
FD004,35,42,0.0,
FD004,35,43,0.0,
FD004,35,44,0.0,
FD004,35,45,0.0,
FD004,35,46,0.0,
FD004,35,47,0.0,
FD004,35,48,0.0,
FD004,35,49,0.0,
FD004,35,50,12.889,
FD004,35,51,16.9806,
FD004,35,52,19.5445,
FD004,35,53,17.9449,
FD004,35,54,17.9012,
FD004,35,55,17.3986,
FD004,35,56,18.509,
FD004,35,57,15.3487,
FD004,35,58,18.5875,
FD004,35,59,13.4336,
FD004,35,60,15.2546,
FD004,35,61,14.2113,
FD004,35,62,16.1633,
FD004,35,63,10.6096,
FD004,35,64,10.0897,
FD004,35,65,12.7436,
FD004,35,66,11.5138,
FD004,35,67,7.3579,
FD004,35,68,9.4898,
FD004,35,69,12.1432,
FD004,35,70,7.7471,
FD004,35,71,10.605,
FD004,35,72,9.7093,
FD004,35,73,6.6682,
FD004,35,74,7.6952,
FD004,35,75,8.2784,
FD004,35,76,9.3157,
FD004,35,77,9.5836,
FD004,35,78,10.3362,
FD004,35,79,10.943,
FD004,35,80,8.0083,
FD004,35,81,10.0382,
FD004,35,82,10.7538,
FD004,35,83,10.4615,
FD004,35,84,8.9304,
FD004,35,85,10.2472,
FD004,35,86,9.9023,
FD004,35,87,9.4266,
FD004,35,88,9.437,
FD004,35,89,9.2395,
FD004,35,90,10.6713,
FD004,35,91,8.9541,
FD004,35,92,8.138,
FD004,35,93,8.7704,
FD004,35,94,8.9633,
FD004,35,95,7.8073,
FD004,35,96,10.2599,
FD004,35,97,8.5065,
FD004,35,98,9.1163,
FD004,35,99,9.4315,
FD004,35,100,9.0041,
FD004,35,101,9.3966,
FD004,35,102,8.9323,
FD004,35,103,10.4076,
FD004,35,104,11.8968,
FD004,35,105,11.1493,
FD004,35,106,12.1617,
FD004,35,107,13.7597,
FD004,35,108,15.1107,
FD004,35,109,13.9698,
FD004,35,110,12.9167,
FD004,35,111,12.029,
FD004,35,112,9.0721,
FD004,35,113,11.9048,
FD004,35,114,11.601,
FD004,35,115,10.1149,
FD004,35,116,9.3657,
FD004,35,117,7.673,
FD004,35,118,7.5191,
FD004,35,119,7.443,
FD004,35,120,6.8669,
FD004,35,121,7.1099,
FD004,35,122,11.361,
FD004,35,123,8.8827,
FD004,35,124,9.5312,
FD004,35,125,10.0391,
FD004,35,126,12.3669,
FD004,35,127,10.3671,
FD004,35,128,10.4256,
FD004,35,129,11.3111,
FD004,35,130,11.6072,
FD004,35,131,11.2517,
FD004,35,132,10.1562,
FD004,35,133,8.1302,
FD004,35,134,7.6492,
FD004,35,135,9.0009,
FD004,35,136,8.1982,
FD004,35,137,8.2037,
FD004,35,138,6.803,
FD004,35,139,5.7924,
FD004,35,140,7.2919,
FD004,35,141,7.7424,
FD004,35,142,10.0221,
FD004,35,143,9.3903,
FD004,35,144,10.3301,
FD004,35,145,8.6177,
FD004,35,146,7.3938,
FD004,35,147,9.1685,
FD004,35,148,9.9854,
FD004,35,149,13.2846,
FD004,35,150,12.4466,
FD004,35,151,12.8568,
FD004,35,152,13.72,
FD004,35,153,22.3691,
FD004,35,154,20.6995,
FD004,35,155,21.0115,
FD004,35,156,20.4732,
FD004,35,157,18.6104,
FD004,35,158,20.0154,
FD004,35,159,18.3581,
FD004,35,160,23.5398,
FD004,35,161,20.1692,
FD004,35,162,17.0759,
FD004,35,163,12.6949,
FD004,35,164,16.391,
FD004,35,165,14.8547,
FD004,35,166,11.501,
FD004,35,167,7.3438,
FD004,35,168,12.3557,
FD004,35,169,9.8816,
FD004,35,170,9.7042,
FD004,35,171,9.7237,
FD004,35,172,9.2725,
FD004,35,173,9.3398,
FD004,35,174,9.9234,
FD004,35,175,9.9921,
FD004,35,176,8.6242,
FD004,35,177,9.3651,
FD004,35,178,8.6552,
FD004,35,179,9.7817,
FD004,35,180,8.6099,
FD004,35,181,8.9741,
FD004,35,182,8.9622,
FD004,35,183,8.5961,
FD004,35,184,8.2879,
FD004,35,185,7.2367,
FD004,35,186,9.0306,
FD004,35,187,8.2408,
FD004,35,188,8.1154,
FD004,35,189,7.0054,
FD004,35,190,6.7129,
FD004,35,191,7.2561,
FD004,35,192,6.9273,
FD004,35,193,9.0965,
FD004,35,194,10.4825,
FD004,35,195,8.463,
FD004,35,196,9.0279,
FD004,35,197,7.8224,
FD004,35,198,8.2631,
FD004,35,199,7.6087,
FD004,35,200,15.9509,
FD004,35,201,13.3664,
FD004,35,202,12.3881,
FD004,35,203,14.6763,
FD004,35,204,13.7914,
FD004,35,205,15.9951,
FD004,35,206,7.6473,
FD004,35,207,9.6088,
FD004,35,208,7.5073,
FD004,35,209,7.6595,
FD004,35,210,7.2756,
FD004,35,211,7.6318,
FD004,35,212,11.8514,
FD004,35,213,11.6881,
FD004,35,214,13.0866,
FD004,35,215,12.7392,
FD004,35,216,12.9469,
FD004,35,217,10.7885,
FD004,35,218,9.7941,
FD004,35,219,12.3687,
FD004,35,220,8.9572,
FD004,35,221,8.0659,
FD004,35,222,7.6159,
FD004,35,223,7.782,
FD004,35,224,7.9463,
FD004,35,225,9.697,
FD004,35,226,9.8623,
FD004,35,227,9.5999,
FD004,35,228,8.096,
FD004,35,229,8.2431,
FD004,35,230,8.967,
FD004,35,231,8.2883,
FD004,35,232,10.5626,
FD004,35,233,9.9344,
FD004,35,234,11.0842,
FD004,35,235,8.9661,
FD004,35,236,11.5007,
FD004,35,237,8.8007,
FD004,35,238,8.1328,
FD004,35,239,10.6637,
FD004,35,240,8.2658,
FD004,35,241,7.6908,
FD004,35,242,8.2578,
FD004,35,243,7.9354,
FD004,35,244,9.2056,
FD004,35,245,9.3897,
FD004,35,246,10.3893,
FD004,35,247,11.1943,
FD004,35,248,10.9023,
FD004,35,249,11.4011,
FD004,35,250,10.339,
FD004,35,251,8.2346,
FD004,35,252,13.0835,
FD004,35,253,9.1669,
FD004,35,254,5.9902,
FD004,35,255,6.3409,
FD004,35,256,8.3037,
FD004,35,257,10.324,
FD004,35,258,11.7313,
FD004,35,259,10.8432,
FD004,35,260,9.5667,
FD004,35,261,9.521,
FD004,35,262,9.3163,
FD004,35,263,7.4122,
FD004,35,264,6.693,
FD004,35,265,7.873,
FD004,35,266,9.0785,
FD004,35,267,8.8097,
FD004,35,268,8.3719,
FD004,35,269,9.6853,
FD004,35,270,8.8358,
FD004,35,271,8.8315,
FD004,35,272,10.8445,
FD004,35,273,9.0021,
FD004,35,274,8.3812,
FD004,35,275,11.0485,
FD004,35,276,13.5608,
FD004,35,277,9.436,
FD004,35,278,11.5148,
FD004,36,1,0.0,
FD004,36,2,0.0,
FD004,36,3,0.0,
FD004,36,4,0.0,
FD004,36,5,0.0,
FD004,36,6,0.0,
FD004,36,7,0.0,
FD004,36,8,0.0,
FD004,36,9,0.0,
FD004,36,10,0.0,
FD004,36,11,0.0,
FD004,36,12,0.0,
FD004,36,13,0.0,
FD004,36,14,0.0,
FD004,36,15,0.0,
FD004,36,16,0.0,
FD004,36,17,0.0,
FD004,36,18,0.0,
FD004,36,19,0.0,
FD004,36,20,0.0,
FD004,36,21,0.0,
FD004,36,22,0.0,
FD004,36,23,0.0,
FD004,36,24,0.0,
FD004,36,25,0.0,
FD004,36,26,0.0,
FD004,36,27,0.0,
FD004,36,28,0.0,
FD004,36,29,0.0,
FD004,36,30,0.0,
FD004,36,31,0.0,
FD004,36,32,0.0,
FD004,36,33,0.0,
FD004,36,34,0.0,
FD004,36,35,0.0,
FD004,36,36,0.0,
FD004,36,37,0.0,
FD004,36,38,0.0,
FD004,36,39,0.0,
FD004,36,40,0.0,
FD004,36,41,0.0,
FD004,36,42,0.0,
FD004,36,43,0.0,
FD004,36,44,0.0,
FD004,36,45,0.0,
FD004,36,46,0.0,
FD004,36,47,0.0,
FD004,36,48,0.0,
FD004,36,49,0.0,
FD004,36,50,8.0991,
FD004,36,51,6.2552,
FD004,36,52,6.5975,
FD004,36,53,7.0647,
FD004,36,54,6.906,
FD004,36,55,9.4405,
FD004,36,56,8.5031,
FD004,36,57,8.586,
FD004,36,58,8.6123,
FD004,36,59,9.1883,
FD004,36,60,9.7044,
FD004,36,61,8.1832,
FD004,36,62,9.347,
FD004,36,63,8.6778,
FD004,36,64,9.369,
FD004,36,65,9.4809,
FD004,36,66,8.7895,
FD004,36,67,8.1312,
FD004,36,68,8.1149,
FD004,36,69,7.1902,
FD004,36,70,8.2868,
FD004,36,71,6.9408,
FD004,36,72,8.1516,
FD004,36,73,8.1087,
FD004,36,74,10.7443,
FD004,36,75,7.5879,
FD004,36,76,7.1731,
FD004,36,77,7.7145,
FD004,36,78,8.0474,
FD004,36,79,7.3517,
FD004,36,80,8.2364,
FD004,36,81,8.3449,
FD004,36,82,8.2445,
FD004,36,83,9.3267,
FD004,36,84,9.099,
FD004,36,85,10.6812,
FD004,36,86,10.588,
FD004,36,87,10.8871,
FD004,36,88,10.2306,
FD004,36,89,10.9052,
FD004,36,90,10.4676,
FD004,36,91,9.3095,
FD004,36,92,11.7457,
FD004,36,93,9.9185,
FD004,36,94,8.263,
FD004,36,95,9.8812,
FD004,36,96,9.1805,
FD004,36,97,10.5692,
FD004,36,98,10.0716,
FD004,36,99,8.5293,
FD004,36,100,8.791,
FD004,36,101,8.0767,
FD004,36,102,11.7112,
FD004,36,103,12.0822,
FD004,36,104,8.7498,
FD004,36,105,10.9395,
FD004,36,106,8.4331,
FD004,36,107,9.1911,
FD004,36,108,9.0513,
FD004,36,109,10.0033,
FD004,36,110,9.757,
FD004,36,111,8.3227,
FD004,36,112,8.5036,
FD004,36,113,11.5492,
FD004,36,114,10.2153,
FD004,36,115,8.0984,
FD004,36,116,7.5815,
FD004,36,117,8.3878,
FD004,36,118,7.2987,
FD004,36,119,7.9948,
FD004,36,120,8.4855,
FD004,36,121,10.8099,
FD004,36,122,10.1919,
FD004,36,123,9.6907,
FD004,36,124,8.7843,
FD004,36,125,9.838,
FD004,36,126,12.6071,
FD004,36,127,11.3122,
FD004,36,128,9.1974,
FD004,36,129,16.6541,
FD004,36,130,11.6523,
FD004,36,131,14.1208,
FD004,36,132,8.56,
FD004,36,133,8.9925,
FD004,36,134,10.0379,
FD004,36,135,9.4028,
FD004,36,136,9.376,
FD004,36,137,8.899,
FD004,36,138,8.8778,
FD004,36,139,9.5291,
FD004,36,140,10.5596,
FD004,36,141,10.175,
FD004,36,142,10.0581,
FD004,36,143,10.2657,
FD004,36,144,13.1273,
FD004,36,145,8.469,
FD004,36,146,9.6208,
FD004,36,147,11.2384,
FD004,36,148,10.9736,
FD004,36,149,10.5396,
FD004,36,150,10.4525,
FD004,36,151,9.8307,
FD004,36,152,8.8477,
FD004,36,153,9.0859,
FD004,36,154,10.1873,
FD004,36,155,9.6072,
FD004,36,156,8.4975,
FD004,36,157,8.7525,
FD004,36,158,6.7013,
FD004,36,159,6.5072,
FD004,37,1,0.0,
FD004,37,2,0.0,
FD004,37,3,0.0,
FD004,37,4,0.0,
FD004,37,5,0.0,
FD004,37,6,0.0,
FD004,37,7,0.0,
FD004,37,8,0.0,
FD004,37,9,0.0,
FD004,37,10,0.0,
FD004,37,11,0.0,
FD004,37,12,0.0,
FD004,37,13,0.0,
FD004,37,14,0.0,
FD004,37,15,0.0,
FD004,37,16,0.0,
FD004,37,17,0.0,
FD004,37,18,0.0,
FD004,37,19,0.0,
FD004,37,20,0.0,
FD004,37,21,0.0,
FD004,37,22,0.0,
FD004,37,23,0.0,
FD004,37,24,0.0,
FD004,37,25,0.0,
FD004,37,26,0.0,
FD004,37,27,0.0,
FD004,37,28,0.0,
FD004,37,29,0.0,
FD004,37,30,0.0,
FD004,37,31,0.0,
FD004,37,32,0.0,
FD004,37,33,0.0,
FD004,37,34,0.0,
FD004,37,35,0.0,
FD004,37,36,0.0,
FD004,37,37,0.0,
FD004,37,38,0.0,
FD004,37,39,0.0,
FD004,37,40,0.0,
FD004,37,41,0.0,
FD004,37,42,0.0,
FD004,37,43,0.0,
FD004,37,44,0.0,
FD004,37,45,0.0,
FD004,37,46,0.0,
FD004,37,47,0.0,
FD004,37,48,0.0,
FD004,37,49,0.0,
FD004,37,50,6.5131,
FD004,37,51,7.7815,
FD004,37,52,6.5598,
FD004,37,53,8.0027,
FD004,37,54,9.0008,
FD004,37,55,7.9077,
FD004,37,56,8.0335,
FD004,37,57,6.953,
FD004,37,58,5.8945,
FD004,37,59,6.3938,
FD004,37,60,7.1546,
FD004,37,61,5.6759,
FD004,37,62,6.788,
FD004,37,63,6.1682,
FD004,37,64,6.0701,
FD004,37,65,6.4281,
FD004,37,66,8.4031,
FD004,37,67,7.7134,
FD004,37,68,6.9996,
FD004,37,69,8.0317,
FD004,37,70,6.3845,
FD004,37,71,5.5265,
FD004,37,72,11.4462,
FD004,37,73,11.8246,
FD004,37,74,9.3538,
FD004,37,75,7.4498,
FD004,37,76,7.5656,
FD004,37,77,11.6622,
FD004,37,78,6.6398,
FD004,37,79,8.5228,
FD004,37,80,7.9293,
FD004,37,81,9.7335,
FD004,37,82,10.3701,
FD004,37,83,9.1162,
FD004,37,84,9.8021,
FD004,37,85,10.4418,
FD004,37,86,8.9931,
FD004,37,87,9.3275,
FD004,37,88,7.9947,
FD004,37,89,8.2093,
FD004,37,90,12.0903,
FD004,37,91,9.7758,
FD004,37,92,17.1066,
FD004,37,93,13.8597,
FD004,37,94,10.394,
FD004,37,95,12.4994,
FD004,37,96,14.0669,
FD004,37,97,15.0085,
FD004,37,98,14.9701,
FD004,37,99,17.5125,
FD004,37,100,16.4741,
FD004,37,101,15.6523,
FD004,37,102,11.3263,
FD004,37,103,16.9272,
FD004,37,104,13.8238,
FD004,37,105,11.1482,
FD004,37,106,17.7041,
FD004,37,107,20.2582,
FD004,37,108,15.8227,
FD004,37,109,18.1264,
FD004,37,110,14.5851,
FD004,37,111,8.0671,
FD004,37,112,5.8709,
FD004,37,113,6.2873,
FD004,37,114,5.2779,
FD004,37,115,5.6668,
FD004,37,116,5.3812,
FD004,37,117,5.9003,
FD004,37,118,6.4074,
FD004,37,119,6.0802,
FD004,37,120,5.8155,
FD004,37,121,8.8052,
FD004,37,122,9.9998,
FD004,37,123,8.4588,
FD004,37,124,9.1411,
FD004,37,125,9.7386,
FD004,37,126,8.3258,
FD004,37,127,8.2004,
FD004,37,128,8.4917,
FD004,37,129,9.5372,
FD004,37,130,9.881,
FD004,37,131,7.203,
FD004,37,132,6.5261,
FD004,37,133,7.9622,
FD004,37,134,7.3215,
FD004,37,135,9.4294,
FD004,37,136,10.7648,
FD004,37,137,9.4375,
FD004,37,138,12.838,
FD004,37,139,14.7828,
FD004,37,140,12.2372,
FD004,37,141,13.458,
FD004,37,142,17.3707,
FD004,37,143,15.8219,
FD004,37,144,15.1447,
FD004,37,145,17.2088,
FD004,37,146,17.3691,
FD004,37,147,18.4372,
FD004,37,148,18.0937,
FD004,37,149,14.9345,
FD004,37,150,12.4186,
FD004,37,151,12.0186,
FD004,37,152,14.6873,
FD004,37,153,8.8225,
FD004,37,154,6.3132,
FD004,37,155,6.8269,
FD004,37,156,6.9102,
FD004,37,157,6.8024,
FD004,37,158,7.2506,
FD004,37,159,8.2664,
FD004,37,160,6.9112,
FD004,37,161,9.2028,
FD004,37,162,10.4134,
FD004,37,163,8.4946,
FD004,37,164,8.4076,
FD004,37,165,9.0176,
FD004,37,166,8.7958,
FD004,37,167,8.0945,
FD004,37,168,8.1754,
FD004,37,169,8.9644,
FD004,37,170,8.9542,
FD004,37,171,10.1674,
FD004,37,172,11.9984,
FD004,37,173,11.0174,
FD004,37,174,9.8877,
FD004,37,175,9.5414,
FD004,37,176,9.0383,
FD004,37,177,7.6569,
FD004,37,178,7.1056,
FD004,37,179,5.5975,
FD004,37,180,4.0883,
FD004,37,181,6.9903,
FD004,37,182,7.3737,
FD004,37,183,8.4229,
FD004,37,184,10.1703,
FD004,37,185,7.6205,
FD004,37,186,6.0126,
FD004,37,187,6.1188,
FD004,37,188,8.5184,
FD004,37,189,8.6367,
FD004,37,190,8.1255,
FD004,37,191,6.3649,
FD004,37,192,9.1887,
FD004,37,193,11.0568,
FD004,37,194,9.3106,
FD004,37,195,9.3068,
FD004,37,196,9.9774,
FD004,37,197,10.2594,
FD004,37,198,8.4526,
FD004,37,199,10.2457,
FD004,37,200,8.9915,
FD004,37,201,11.1672,
FD004,37,202,9.268,
FD004,37,203,8.5891,
FD004,37,204,7.4253,
FD004,37,205,7.0697,
FD004,37,206,6.6691,
FD004,37,207,5.9115,
FD004,37,208,8.2316,
FD004,37,209,8.6826,
FD004,37,210,7.9845,
FD004,37,211,10.0722,
FD004,37,212,6.9842,
FD004,37,213,5.3632,
FD004,37,214,5.1235,
FD004,37,215,5.6426,
FD004,37,216,6.7349,
FD004,37,217,6.1571,
FD004,37,218,7.2948,
FD004,37,219,6.6887,
FD004,37,220,5.9515,
FD004,37,221,6.2394,
FD004,37,222,6.599,
FD004,37,223,7.3261,
FD004,37,224,10.1217,
FD004,37,225,13.8905,
FD004,37,226,12.469,
FD004,37,227,22.7646,
FD004,37,228,23.5589,
FD004,37,229,21.3323,
FD004,37,230,27.7065,
FD004,37,231,27.8987,
FD004,37,232,16.0928,
FD004,37,233,15.8237,
FD004,37,234,11.3676,
FD004,37,235,14.4399,
FD004,37,236,14.2165,
FD004,37,237,12.0913,
FD004,37,238,8.4498,
FD004,37,239,8.3145,
FD004,37,240,9.8784,
FD004,37,241,7.6444,
FD004,37,242,7.8436,
FD004,37,243,7.0996,
FD004,37,244,6.8694,
FD004,37,245,7.1334,
FD004,37,246,8.6975,
FD004,37,247,10.5346,
FD004,37,248,9.5785,
FD004,37,249,6.6426,
FD004,37,250,6.9844,
FD004,37,251,8.0021,
FD004,37,252,7.2096,
FD004,37,253,6.7095,
FD004,37,254,6.4987,
FD004,37,255,6.1943,
FD004,37,256,6.6343,
FD004,37,257,7.0263,
FD004,37,258,8.8254,
FD004,37,259,7.9961,
FD004,37,260,9.9998,
FD004,37,261,12.1297,
FD004,37,262,7.0553,
FD004,37,263,8.4992,
FD004,37,264,9.4623,
FD004,37,265,7.7639,
FD004,37,266,9.1576,
FD004,37,267,9.9113,
FD004,37,268,8.0608,
FD004,37,269,6.6356,
FD004,37,270,7.6256,
FD004,37,271,7.3419,
FD004,37,272,7.6751,
FD004,37,273,8.8384,
FD004,37,274,8.844,
FD004,37,275,9.5399,
FD004,37,276,9.4496,
FD004,37,277,11.8507,
FD004,37,278,10.1567,
FD004,37,279,9.0144,
FD004,37,280,8.1871,
FD004,37,281,9.6151,
FD004,37,282,7.1981,
FD004,37,283,8.2727,
FD004,37,284,11.0989,
FD004,37,285,11.3131,
FD004,37,286,6.7025,
FD004,37,287,8.0307,
FD004,37,288,6.9882,
FD004,37,289,9.6608,
FD004,37,290,8.9395,
FD004,37,291,6.6501,
FD004,37,292,8.2424,
FD004,37,293,6.4944,
FD004,37,294,7.3756,
FD004,37,295,6.1324,
FD004,37,296,6.3172,
FD004,37,297,6.549,
FD004,37,298,8.3772,
FD004,37,299,9.3593,
FD004,37,300,8.3391,
FD004,37,301,10.5738,
FD004,37,302,14.0546,
FD004,37,303,12.5196,
FD004,37,304,12.5101,
FD004,37,305,12.5238,
FD004,37,306,11.704,
FD004,37,307,13.2214,
FD004,37,308,13.5091,
FD004,37,309,14.074,
FD004,37,310,14.0764,
FD004,37,311,16.2909,
FD004,37,312,12.9422,
FD004,37,313,11.4777,
FD004,37,314,8.7994,
FD004,37,315,5.9461,
FD004,37,316,4.2284,
FD004,37,317,6.5303,
FD004,37,318,5.8976,
FD004,37,319,5.9201,
FD004,37,320,5.9449,
FD004,37,321,5.5627,
FD004,37,322,6.0717,
FD004,37,323,7.5951,
FD004,37,324,5.6933,
FD004,37,325,6.3232,
FD004,37,326,5.5583,
FD004,37,327,5.35,
FD004,37,328,5.5484,
FD004,37,329,8.397,
FD004,37,330,9.5792,
FD004,37,331,10.7994,
FD004,37,332,9.6821,
FD004,37,333,11.1278,
FD004,37,334,11.3291,
FD004,37,335,11.8191,
FD004,37,336,11.4728,
FD004,37,337,13.033,
FD004,37,338,10.2133,
FD004,37,339,8.404,
FD004,37,340,8.3714,
FD004,37,341,7.5913,
FD004,37,342,10.3311,
FD004,37,343,11.9585,
FD004,37,344,10.4889,
FD004,37,345,12.2657,
FD004,38,1,0.0,
FD004,38,2,0.0,
FD004,38,3,0.0,
FD004,38,4,0.0,
FD004,38,5,0.0,
FD004,38,6,0.0,
FD004,38,7,0.0,
FD004,38,8,0.0,
FD004,38,9,0.0,
FD004,38,10,0.0,
FD004,38,11,0.0,
FD004,38,12,0.0,
FD004,38,13,0.0,
FD004,38,14,0.0,
FD004,38,15,0.0,
FD004,38,16,0.0,
FD004,38,17,0.0,
FD004,38,18,0.0,
FD004,38,19,0.0,
FD004,38,20,0.0,
FD004,38,21,0.0,
FD004,38,22,0.0,
FD004,38,23,0.0,
FD004,38,24,0.0,
FD004,38,25,0.0,
FD004,38,26,0.0,
FD004,38,27,0.0,
FD004,38,28,0.0,
FD004,38,29,0.0,
FD004,38,30,0.0,
FD004,38,31,0.0,
FD004,38,32,0.0,
FD004,38,33,0.0,
FD004,38,34,0.0,
FD004,38,35,0.0,
FD004,38,36,0.0,
FD004,38,37,0.0,
FD004,38,38,0.0,
FD004,38,39,0.0,
FD004,38,40,0.0,
FD004,38,41,0.0,
FD004,38,42,0.0,
FD004,38,43,0.0,
FD004,38,44,0.0,
FD004,38,45,0.0,
FD004,38,46,0.0,
FD004,38,47,0.0,
FD004,38,48,0.0,
FD004,38,49,0.0,
FD004,38,50,3.6369,
FD004,38,51,3.5309,
FD004,38,52,4.5145,
FD004,38,53,4.4981,
FD004,38,54,6.6106,
FD004,38,55,5.7998,
FD004,38,56,6.2585,
FD004,38,57,6.6912,
FD004,38,58,7.1102,
FD004,38,59,5.5401,
FD004,38,60,3.9904,
FD004,38,61,7.5546,
FD004,38,62,10.784,
FD004,38,63,7.169,
FD004,38,64,5.6952,
FD004,38,65,8.3974,
FD004,38,66,5.3,
FD004,38,67,8.7534,
FD004,38,68,7.7516,
FD004,38,69,7.0966,
FD004,38,70,11.6231,
FD004,38,71,12.1189,
FD004,38,72,11.4348,
FD004,38,73,13.2035,
FD004,38,74,10.9379,
FD004,38,75,11.6874,
FD004,38,76,10.9758,
FD004,38,77,9.2565,
FD004,38,78,10.644,
FD004,38,79,10.8262,
FD004,38,80,10.0145,
FD004,38,81,11.6502,
FD004,38,82,11.4225,
FD004,38,83,15.9613,
FD004,38,84,9.976,
FD004,38,85,8.3962,
FD004,38,86,8.0444,
FD004,38,87,6.2377,
FD004,38,88,9.2454,
FD004,38,89,5.3692,
FD004,38,90,6.406,
FD004,38,91,5.6069,
FD004,38,92,5.3174,
FD004,38,93,5.5524,
FD004,38,94,7.2297,
FD004,38,95,5.5008,
FD004,38,96,8.863,
FD004,38,97,9.5444,
FD004,38,98,9.1219,
FD004,38,99,10.9556,
FD004,38,100,9.492,
FD004,38,101,7.1314,
FD004,38,102,8.5191,
FD004,38,103,7.9629,
FD004,38,104,7.8519,
FD004,38,105,6.4756,
FD004,38,106,11.4443,
FD004,38,107,10.81,
FD004,38,108,7.9551,
FD004,38,109,9.0027,
FD004,38,110,10.792,
FD004,38,111,10.6034,
FD004,38,112,9.4555,
FD004,38,113,9.0598,
FD004,38,114,8.8593,
FD004,38,115,8.4365,
FD004,38,116,8.459,
FD004,38,117,7.9153,
FD004,38,118,6.3333,
FD004,38,119,7.7853,
FD004,38,120,7.1256,
FD004,38,121,7.9233,
FD004,38,122,9.1751,
FD004,38,123,10.281,
FD004,38,124,10.6557,
FD004,38,125,10.5059,
FD004,39,1,0.0,
FD004,39,2,0.0,
FD004,39,3,0.0,
FD004,39,4,0.0,
FD004,39,5,0.0,
FD004,39,6,0.0,
FD004,39,7,0.0,
FD004,39,8,0.0,
FD004,39,9,0.0,
FD004,39,10,0.0,
FD004,39,11,0.0,
FD004,39,12,0.0,
FD004,39,13,0.0,
FD004,39,14,0.0,
FD004,39,15,0.0,
FD004,39,16,0.0,
FD004,39,17,0.0,
FD004,39,18,0.0,
FD004,39,19,0.0,
FD004,39,20,0.0,
FD004,39,21,0.0,
FD004,39,22,0.0,
FD004,39,23,0.0,
FD004,39,24,0.0,
FD004,39,25,0.0,
FD004,39,26,0.0,
FD004,39,27,0.0,
FD004,39,28,0.0,
FD004,39,29,0.0,
FD004,39,30,0.0,
FD004,39,31,0.0,
FD004,39,32,0.0,
FD004,39,33,0.0,
FD004,39,34,0.0,
FD004,39,35,0.0,
FD004,39,36,0.0,
FD004,39,37,0.0,
FD004,39,38,0.0,
FD004,39,39,0.0,
FD004,39,40,0.0,
FD004,39,41,0.0,
FD004,39,42,0.0,
FD004,39,43,0.0,
FD004,39,44,0.0,
FD004,39,45,0.0,
FD004,39,46,0.0,
FD004,39,47,0.0,
FD004,39,48,0.0,
FD004,39,49,0.0,
FD004,39,50,7.3603,
FD004,39,51,7.3696,
FD004,39,52,7.5669,
FD004,39,53,7.6755,
FD004,39,54,9.8543,
FD004,39,55,8.3146,
FD004,39,56,7.41,
FD004,39,57,7.6631,
FD004,39,58,7.3615,
FD004,39,59,5.7431,
FD004,39,60,6.7114,
FD004,39,61,6.3006,
FD004,39,62,7.6154,
FD004,39,63,5.9406,
FD004,39,64,5.9095,
FD004,39,65,6.0946,
FD004,39,66,6.2548,
FD004,39,67,7.5265,
FD004,39,68,7.2448,
FD004,39,69,6.834,
FD004,39,70,10.9459,
FD004,39,71,12.5685,
FD004,39,72,15.4788,
FD004,39,73,12.4048,
FD004,39,74,11.0497,
FD004,39,75,8.8909,
FD004,39,76,6.3612,
FD004,39,77,7.7378,
FD004,39,78,7.0746,
FD004,39,79,6.8532,
FD004,39,80,7.802,
FD004,39,81,8.0837,
FD004,39,82,8.6934,
FD004,39,83,10.0275,
FD004,39,84,9.0043,
FD004,39,85,11.6564,
FD004,39,86,11.5661,
FD004,39,87,11.0928,
FD004,39,88,11.1353,
FD004,39,89,11.5423,
FD004,39,90,9.988,
FD004,39,91,8.9254,
FD004,39,92,9.9938,
FD004,39,93,13.2102,
FD004,39,94,12.2563,
FD004,39,95,10.6844,
FD004,39,96,12.5505,
FD004,39,97,13.0814,
FD004,39,98,11.3084,
FD004,39,99,11.8716,
FD004,39,100,13.3902,
FD004,39,101,11.9152,
FD004,39,102,11.2562,
FD004,39,103,10.3466,
FD004,39,104,8.3337,
FD004,39,105,8.2776,
FD004,39,106,7.7687,
FD004,39,107,7.6176,
FD004,39,108,10.1148,
FD004,39,109,11.2289,
FD004,39,110,9.1921,
FD004,39,111,8.56,
FD004,39,112,9.0623,
FD004,39,113,7.9268,
FD004,39,114,8.0453,
FD004,39,115,9.3211,
FD004,39,116,9.9221,
FD004,39,117,9.0865,
FD004,39,118,8.0713,
FD004,39,119,9.5566,
FD004,39,120,9.1204,
FD004,39,121,9.508,
FD004,39,122,9.9493,
FD004,39,123,10.6709,
FD004,39,124,10.3127,
FD004,39,125,7.321,
FD004,39,126,7.0651,
FD004,39,127,6.7412,
FD004,39,128,6.9313,
FD004,39,129,9.231,
FD004,39,130,7.3103,
FD004,39,131,7.7053,
FD004,39,132,7.2161,
FD004,39,133,8.1618,
FD004,39,134,8.9521,
FD004,39,135,10.8651,
FD004,39,136,12.5757,
FD004,39,137,9.7622,
FD004,39,138,10.1669,
FD004,39,139,10.9354,
FD004,39,140,11.2945,
FD004,39,141,11.1727,
FD004,39,142,11.4817,
FD004,39,143,9.401,
FD004,39,144,9.2453,
FD004,39,145,8.3675,
FD004,39,146,7.7486,
FD004,39,147,13.4259,
FD004,39,148,13.0641,
FD004,39,149,13.0791,
FD004,39,150,12.4602,
FD004,39,151,10.1713,
FD004,39,152,11.6817,
FD004,39,153,14.5275,
FD004,39,154,10.5325,
FD004,39,155,12.3353,
FD004,39,156,8.5214,
FD004,39,157,8.3153,
FD004,39,158,14.6175,
FD004,39,159,12.6398,
FD004,39,160,16.3442,
FD004,39,161,13.1416,
FD004,39,162,13.9121,
FD004,39,163,15.1957,
FD004,39,164,15.5014,
FD004,39,165,15.0409,
FD004,39,166,14.4527,
FD004,39,167,13.3222,
FD004,39,168,12.5161,
FD004,39,169,15.7613,
FD004,39,170,14.5272,
FD004,39,171,13.034,
FD004,39,172,12.6209,
FD004,39,173,12.9244,
FD004,39,174,9.3071,
FD004,39,175,9.3436,
FD004,39,176,9.0516,
FD004,39,177,9.3365,
FD004,39,178,9.0659,
FD004,39,179,12.4489,
FD004,39,180,12.1695,
FD004,39,181,10.2954,
FD004,39,182,10.0661,
FD004,39,183,10.7073,
FD004,39,184,12.0119,
FD004,39,185,11.8695,
FD004,39,186,13.9962,
FD004,39,187,10.4996,
FD004,39,188,10.3392,
FD004,39,189,12.2934,
FD004,39,190,10.8301,
FD004,39,191,10.4803,
FD004,39,192,11.7854,
FD004,39,193,10.6973,
FD004,39,194,12.8783,
FD004,39,195,9.2481,
FD004,39,196,9.1331,
FD004,39,197,8.7977,
FD004,39,198,9.9163,
FD004,39,199,8.6129,
FD004,39,200,7.6477,
FD004,39,201,7.2634,
FD004,39,202,7.4876,
FD004,39,203,7.4272,
FD004,39,204,7.2659,
FD004,39,205,6.1776,
FD004,39,206,7.2454,
FD004,39,207,11.5156,
FD004,39,208,9.6609,
FD004,39,209,8.3664,
FD004,39,210,11.5801,
FD004,39,211,10.139,
FD004,39,212,11.1739,
FD004,39,213,10.8278,
FD004,39,214,10.8672,
FD004,40,1,0.0,
FD004,40,2,0.0,
FD004,40,3,0.0,
FD004,40,4,0.0,
FD004,40,5,0.0,
FD004,40,6,0.0,
FD004,40,7,0.0,
FD004,40,8,0.0,
FD004,40,9,0.0,
FD004,40,10,0.0,
FD004,40,11,0.0,
FD004,40,12,0.0,
FD004,40,13,0.0,
FD004,40,14,0.0,
FD004,40,15,0.0,
FD004,40,16,0.0,
FD004,40,17,0.0,
FD004,40,18,0.0,
FD004,40,19,0.0,
FD004,40,20,0.0,
FD004,40,21,0.0,
FD004,40,22,0.0,
FD004,40,23,0.0,
FD004,40,24,0.0,
FD004,40,25,0.0,
FD004,40,26,0.0,
FD004,40,27,0.0,
FD004,40,28,0.0,
FD004,40,29,0.0,
FD004,40,30,0.0,
FD004,40,31,0.0,
FD004,40,32,0.0,
FD004,40,33,0.0,
FD004,40,34,0.0,
FD004,40,35,0.0,
FD004,40,36,0.0,
FD004,40,37,0.0,
FD004,40,38,0.0,
FD004,40,39,0.0,
FD004,40,40,0.0,
FD004,40,41,0.0,
FD004,40,42,0.0,
FD004,40,43,0.0,
FD004,40,44,0.0,
FD004,40,45,0.0,
FD004,40,46,0.0,
FD004,40,47,0.0,
FD004,40,48,0.0,
FD004,40,49,0.0,
FD004,40,50,7.5406,
FD004,40,51,10.7907,
FD004,40,52,8.2031,
FD004,40,53,6.1416,
FD004,40,54,8.7281,
FD004,40,55,12.0068,
FD004,40,56,11.8091,
FD004,40,57,10.4896,
FD004,40,58,10.6893,
FD004,40,59,9.2525,
FD004,40,60,9.711,
FD004,40,61,10.8422,
FD004,40,62,9.8927,
FD004,40,63,11.1022,
FD004,40,64,10.9238,
FD004,40,65,11.9536,
FD004,40,66,10.3203,
FD004,40,67,9.1068,
FD004,40,68,7.5739,
FD004,40,69,7.9432,
FD004,40,70,8.4295,
FD004,40,71,8.5316,
FD004,40,72,8.3577,
FD004,40,73,9.1546,
FD004,40,74,8.1034,
FD004,40,75,7.7735,
FD004,40,76,8.5449,
FD004,40,77,8.5502,
FD004,40,78,7.508,
FD004,40,79,6.3069,
FD004,40,80,9.2447,
FD004,40,81,8.6648,
FD004,40,82,6.8724,
FD004,40,83,9.7874,
FD004,40,84,9.0089,
FD004,40,85,9.1197,
FD004,40,86,9.5094,
FD004,40,87,7.8504,
FD004,40,88,8.6774,
FD004,40,89,7.3218,
FD004,40,90,7.3344,
FD004,40,91,6.8546,
FD004,40,92,6.6938,
FD004,40,93,9.7216,
FD004,40,94,10.8574,
FD004,40,95,10.1551,
FD004,40,96,13.0322,
FD004,40,97,8.8827,
FD004,40,98,9.2143,
FD004,40,99,7.1538,
FD004,40,100,7.4459,
FD004,40,101,8.1384,
FD004,40,102,5.7523,
FD004,40,103,6.3379,
FD004,40,104,4.6297,
FD004,40,105,4.6406,
FD004,40,106,6.1435,
FD004,40,107,5.1643,
FD004,40,108,5.9794,
FD004,40,109,5.575,
FD004,40,110,6.7367,
FD004,40,111,6.5221,
FD004,40,112,6.3417,
FD004,40,113,7.1,
FD004,40,114,7.0973,
FD004,40,115,7.6193,
FD004,40,116,7.5722,
FD004,40,117,7.6578,
FD004,40,118,8.4413,
FD004,40,119,9.1582,
FD004,40,120,8.9806,
FD004,40,121,10.8296,
FD004,40,122,11.3706,
FD004,40,123,9.9551,
FD004,40,124,8.9614,
FD004,40,125,9.6397,
FD004,40,126,7.7315,
FD004,40,127,6.5873,
FD004,40,128,7.4029,
FD004,40,129,6.3562,
FD004,40,130,6.2454,
FD004,40,131,5.9501,
FD004,40,132,7.0061,
FD004,40,133,7.7118,
FD004,40,134,11.4558,
FD004,40,135,12.2902,
FD004,40,136,8.6968,
FD004,40,137,9.0321,
FD004,40,138,7.6998,
FD004,40,139,7.9856,
FD004,40,140,9.2421,
FD004,40,141,9.8739,
FD004,40,142,8.2795,
FD004,40,143,10.3202,
FD004,40,144,9.2371,
FD004,40,145,10.2999,
FD004,40,146,9.5216,
FD004,40,147,7.5978,
FD004,40,148,6.9704,
FD004,40,149,7.2538,
FD004,40,150,5.9134,
FD004,40,151,4.588,
FD004,40,152,7.2282,
FD004,40,153,6.9579,
FD004,40,154,7.2019,
FD004,40,155,7.8788,
FD004,40,156,6.7821,
FD004,40,157,8.164,
FD004,40,158,7.6783,
FD004,40,159,6.9779,
FD004,40,160,6.9991,
FD004,40,161,7.223,
FD004,40,162,8.4346,
FD004,40,163,11.1874,
FD004,40,164,13.7838,
FD004,40,165,17.0118,
FD004,40,166,15.1097,
FD004,40,167,13.8444,
FD004,40,168,10.8155,
FD004,40,169,11.2475,
FD004,40,170,10.6918,
FD004,40,171,11.6027,
FD004,40,172,7.9413,
FD004,40,173,7.3194,
FD004,40,174,6.0228,
FD004,40,175,6.5261,
FD004,40,176,8.2036,
FD004,40,177,8.8094,
FD004,40,178,8.5055,
FD004,40,179,7.772,
FD004,40,180,7.4798,
FD004,40,181,8.8955,
FD004,40,182,8.2599,
FD004,40,183,6.417,
FD004,40,184,7.0706,
FD004,40,185,6.7868,
FD004,40,186,6.4245,
FD004,40,187,7.3128,
FD004,40,188,10.831,
FD004,40,189,7.022,
FD004,40,190,6.591,
FD004,40,191,6.8056,
FD004,40,192,10.99,
FD004,40,193,13.2269,
FD004,40,194,13.6291,
FD004,40,195,12.0505,
FD004,40,196,9.9983,
FD004,40,197,16.2754,
FD004,40,198,14.4394,
FD004,40,199,11.4776,
FD004,40,200,10.5122,
FD004,40,201,11.1345,
FD004,40,202,9.8554,
FD004,40,203,9.285,
FD004,40,204,7.1084,
FD004,40,205,7.2603,
FD004,40,206,7.166,
FD004,40,207,7.6364,
FD004,40,208,5.0711,
FD004,40,209,4.6365,
FD004,40,210,5.9081,
FD004,40,211,3.3322,
FD004,40,212,4.0093,
FD004,40,213,5.6949,
FD004,40,214,5.7546,
FD004,40,215,4.5437,
FD004,40,216,4.3171,
FD004,40,217,5.1526,
FD004,40,218,5.3026,
FD004,40,219,4.7697,
FD004,40,220,6.1925,
FD004,40,221,9.4992,
FD004,40,222,12.5659,
FD004,40,223,11.848,
FD004,40,224,12.027,
FD004,40,225,9.853,
FD004,40,226,14.109,
FD004,40,227,13.0492,
FD004,40,228,12.1699,
FD004,40,229,14.9867,
FD004,40,230,16.0399,
FD004,40,231,11.8626,
FD004,40,232,6.7302,
FD004,40,233,7.8644,
FD004,40,234,6.5135,
FD004,40,235,6.9631,
FD004,40,236,7.3851,
FD004,40,237,8.259,
FD004,40,238,7.7639,
FD004,40,239,6.8657,
FD004,40,240,6.7955,
FD004,40,241,6.9676,
FD004,40,242,6.0641,
FD004,40,243,6.8898,
FD004,40,244,8.2105,
FD004,40,245,7.9236,
FD004,40,246,10.5257,
FD004,40,247,11.0474,
FD004,40,248,10.1423,
FD004,40,249,6.865,
FD004,40,250,6.1507,
FD004,40,251,7.2501,
FD004,40,252,8.8804,
FD004,40,253,9.2027,
FD004,40,254,9.1059,
FD004,40,255,8.4912,
FD004,40,256,8.1979,
FD004,40,257,8.2589,
FD004,40,258,5.7383,
FD004,40,259,4.8928,
FD004,40,260,5.7263,
FD004,40,261,5.9485,
FD004,40,262,5.5381,
FD004,40,263,4.9618,
FD004,40,264,6.5706,
FD004,40,265,7.3432,
FD004,40,266,6.453,
FD004,41,1,0.0,
FD004,41,2,0.0,
FD004,41,3,0.0,
FD004,41,4,0.0,
FD004,41,5,0.0,
FD004,41,6,0.0,
FD004,41,7,0.0,
FD004,41,8,0.0,
FD004,41,9,0.0,
FD004,41,10,0.0,
FD004,41,11,0.0,
FD004,41,12,0.0,
FD004,41,13,0.0,
FD004,41,14,0.0,
FD004,41,15,0.0,
FD004,41,16,0.0,
FD004,41,17,0.0,
FD004,41,18,0.0,
FD004,41,19,0.0,
FD004,41,20,0.0,
FD004,41,21,0.0,
FD004,41,22,0.0,
FD004,41,23,0.0,
FD004,41,24,0.0,
FD004,41,25,0.0,
FD004,41,26,0.0,
FD004,41,27,0.0,
FD004,41,28,0.0,
FD004,41,29,0.0,
FD004,41,30,0.0,
FD004,41,31,0.0,
FD004,41,32,0.0,
FD004,41,33,0.0,
FD004,41,34,0.0,
FD004,41,35,0.0,
FD004,41,36,0.0,
FD004,41,37,0.0,
FD004,41,38,0.0,
FD004,41,39,0.0,
FD004,41,40,0.0,
FD004,41,41,0.0,
FD004,41,42,0.0,
FD004,41,43,0.0,
FD004,41,44,0.0,
FD004,41,45,0.0,
FD004,41,46,0.0,
FD004,41,47,0.0,
FD004,41,48,0.0,
FD004,41,49,0.0,
FD004,41,50,12.2919,
FD004,41,51,9.3893,
FD004,41,52,12.1768,
FD004,41,53,15.1439,
FD004,41,54,13.3543,
FD004,41,55,12.7651,
FD004,41,56,13.7196,
FD004,41,57,13.3752,
FD004,41,58,13.5052,
FD004,41,59,13.3917,
FD004,41,60,13.4812,
FD004,41,61,13.1068,
FD004,41,62,14.8152,
FD004,41,63,15.0626,
FD004,41,64,14.3032,
FD004,41,65,13.7084,
FD004,41,66,9.3988,
FD004,41,67,10.3911,
FD004,41,68,11.5034,
FD004,41,69,8.9605,
FD004,41,70,6.9429,
FD004,41,71,6.3838,
FD004,41,72,6.2303,
FD004,41,73,4.9971,
FD004,41,74,5.1983,
FD004,41,75,5.0052,
FD004,41,76,4.0418,
FD004,41,77,6.3464,
FD004,41,78,4.2762,
FD004,41,79,4.628,
FD004,41,80,7.8524,
FD004,41,81,8.884,
FD004,41,82,11.9894,
FD004,41,83,11.0798,
FD004,41,84,11.744,
FD004,41,85,8.9218,
FD004,41,86,8.4352,
FD004,41,87,6.7617,
FD004,41,88,6.6983,
FD004,41,89,4.4467,
FD004,41,90,5.2954,
FD004,41,91,5.2377,
FD004,41,92,5.5356,
FD004,41,93,8.0508,
FD004,41,94,7.8373,
FD004,41,95,8.2527,
FD004,41,96,9.5301,
FD004,41,97,7.267,
FD004,41,98,6.3724,
FD004,41,99,7.354,
FD004,41,100,9.4738,
FD004,41,101,7.5078,
FD004,41,102,9.1636,
FD004,41,103,8.4423,
FD004,41,104,7.7159,
FD004,41,105,6.0094,
FD004,41,106,8.1369,
FD004,41,107,9.7528,
FD004,41,108,8.8198,
FD004,41,109,10.6287,
FD004,41,110,11.4862,
FD004,41,111,11.9077,
FD004,41,112,10.0199,
FD004,41,113,8.4441,
FD004,41,114,9.6908,
FD004,41,115,9.4407,
FD004,41,116,10.0254,
FD004,41,117,11.3396,
FD004,41,118,14.8853,
FD004,41,119,18.0102,
FD004,41,120,18.6642,
FD004,41,121,15.781,
FD004,41,122,14.9403,
FD004,41,123,14.6135,
FD004,41,124,15.4406,
FD004,41,125,16.4534,
FD004,41,126,13.8793,
FD004,41,127,15.0436,
FD004,41,128,11.8635,
FD004,41,129,11.3755,
FD004,41,130,9.4659,
FD004,41,131,7.7301,
FD004,41,132,7.4622,
FD004,41,133,8.0743,
FD004,41,134,7.6836,
FD004,41,135,6.9184,
FD004,41,136,6.4974,
FD004,41,137,7.7508,
FD004,41,138,6.2915,
FD004,41,139,8.1534,
FD004,41,140,8.2044,
FD004,41,141,6.9024,
FD004,41,142,11.2207,
FD004,41,143,10.6712,
FD004,41,144,9.2892,
FD004,41,145,11.3679,
FD004,41,146,8.4845,
FD004,41,147,6.7865,
FD004,41,148,7.0843,
FD004,41,149,7.0172,
FD004,41,150,5.8864,
FD004,41,151,7.9268,
FD004,41,152,6.8593,
FD004,41,153,7.4622,
FD004,41,154,7.4945,
FD004,41,155,6.1226,
FD004,41,156,7.2942,
FD004,41,157,7.2653,
FD004,41,158,6.9824,
FD004,41,159,6.7446,
FD004,41,160,6.6142,
FD004,41,161,8.524,
FD004,41,162,10.2947,
FD004,41,163,7.2959,
FD004,41,164,7.9158,
FD004,41,165,8.6969,
FD004,41,166,9.7842,
FD004,41,167,10.9787,
FD004,41,168,10.5104,
FD004,41,169,7.6078,
FD004,41,170,7.1481,
FD004,41,171,7.2556,
FD004,41,172,8.6978,
FD004,41,173,8.2167,
FD004,41,174,10.9282,
FD004,41,175,8.9673,
FD004,41,176,7.0428,
FD004,41,177,6.8502,
FD004,41,178,7.5845,
FD004,41,179,7.0874,
FD004,41,180,7.819,
FD004,41,181,12.4642,
FD004,41,182,8.488,
FD004,41,183,7.9441,
FD004,41,184,7.8443,
FD004,41,185,8.8622,
FD004,41,186,8.5816,
FD004,41,187,7.0172,
FD004,41,188,8.1357,
FD004,41,189,7.7879,
FD004,41,190,8.8132,
FD004,41,191,8.0052,
FD004,41,192,9.6869,
FD004,41,193,11.0495,
FD004,41,194,9.069,
FD004,41,195,9.3111,
FD004,41,196,13.4871,
FD004,41,197,12.8429,
FD004,41,198,14.1821,
FD004,41,199,10.0833,
FD004,41,200,9.7104,
FD004,41,201,9.2079,
FD004,41,202,7.9804,
FD004,41,203,6.9733,
FD004,41,204,6.9012,
FD004,41,205,6.077,
FD004,41,206,6.2027,
FD004,41,207,6.268,
FD004,41,208,6.5577,
FD004,41,209,7.9198,
FD004,41,210,8.6163,
FD004,41,211,7.849,
FD004,41,212,6.7374,
FD004,41,213,6.6176,
FD004,41,214,7.5616,
FD004,41,215,7.4543,
FD004,41,216,7.7461,
FD004,41,217,7.1145,
FD004,41,218,8.8676,
FD004,41,219,7.6075,
FD004,41,220,8.9993,
FD004,41,221,9.538,
FD004,41,222,10.0655,
FD004,41,223,8.3627,
FD004,41,224,7.7315,
FD004,41,225,8.1138,
FD004,41,226,7.3103,
FD004,41,227,8.7289,
FD004,41,228,8.557,
FD004,41,229,8.7417,
FD004,41,230,8.965,
FD004,41,231,9.2081,
FD004,41,232,9.4866,
FD004,41,233,9.6251,
FD004,41,234,10.9789,
FD004,41,235,14.8688,
FD004,41,236,15.2177,
FD004,41,237,15.4773,
FD004,41,238,14.3165,
FD004,41,239,10.2152,
FD004,41,240,7.7002,
FD004,41,241,6.7633,
FD004,41,242,7.3661,
FD004,41,243,10.8523,
FD004,41,244,11.1931,
FD004,41,245,8.1773,
FD004,41,246,6.531,
FD004,41,247,6.7773,
FD004,41,248,6.8157,
FD004,41,249,6.825,
FD004,41,250,11.3967,
FD004,41,251,9.2685,
FD004,41,252,8.4673,
FD004,41,253,8.1321,
FD004,41,254,8.4844,
FD004,41,255,12.8515,
FD004,41,256,15.479,
FD004,41,257,9.8123,
FD004,41,258,10.652,
FD004,41,259,12.3491,
FD004,41,260,7.1764,
FD004,41,261,6.4583,
FD004,41,262,6.7706,
FD004,41,263,7.9491,
FD004,41,264,9.1363,
FD004,41,265,11.4411,
FD004,41,266,8.8025,
FD004,41,267,9.4882,
FD004,41,268,9.8258,
FD004,41,269,9.1914,
FD004,41,270,10.473,
FD004,41,271,13.3403,
FD004,41,272,10.2203,
FD004,41,273,11.8432,
FD004,41,274,12.1408,
FD004,41,275,13.3237,
FD004,41,276,11.6819,
FD004,41,277,13.6288,
FD004,41,278,12.829,
FD004,41,279,13.142,
FD004,41,280,14.0904,
FD004,41,281,12.8396,
FD004,41,282,15.2834,
FD004,41,283,13.4925,
FD004,41,284,12.226,
FD004,41,285,10.4608,
FD004,41,286,13.2752,
FD004,41,287,14.5533,
FD004,41,288,13.3388,
FD004,41,289,12.4007,
FD004,41,290,13.2578,
FD004,41,291,14.6192,
FD004,41,292,12.0817,
FD004,41,293,12.5698,
FD004,41,294,10.1831,
FD004,41,295,10.0342,
FD004,41,296,10.6556,
FD004,41,297,11.9313,
FD004,41,298,11.1153,
FD004,41,299,9.1745,
FD004,41,300,12.7689,
FD004,41,301,11.1022,
FD004,41,302,10.1377,
FD004,41,303,8.6563,
FD004,41,304,8.7818,
FD004,41,305,8.3717,
FD004,41,306,10.8972,
FD004,41,307,9.5988,
FD004,41,308,8.0264,
FD004,41,309,14.9298,
FD004,41,310,12.172,
FD004,41,311,11.3766,
FD004,41,312,14.3462,
FD004,41,313,9.4267,
FD004,41,314,8.3022,
FD004,41,315,9.8435,
FD004,41,316,10.0666,
FD004,41,317,11.437,
FD004,41,318,9.5224,
FD004,41,319,9.3265,
FD004,41,320,10.0219,
FD004,41,321,12.5652,
FD004,41,322,14.5979,
FD004,41,323,15.19,
FD004,41,324,16.4699,
FD004,41,325,16.7387,
FD004,41,326,14.6311,
FD004,41,327,13.7402,
FD004,41,328,16.6727,
FD004,41,329,14.3871,
FD004,41,330,16.6069,
FD004,41,331,18.479,
FD004,41,332,17.0597,
FD004,41,333,15.3101,
FD004,41,334,12.819,
FD004,41,335,12.1132,
FD004,41,336,10.3188,
FD004,41,337,9.2338,
FD004,41,338,10.575,
FD004,41,339,10.9131,
FD004,41,340,6.7047,
FD004,41,341,7.2771,
FD004,41,342,8.0914,
FD004,41,343,8.309,
FD004,41,344,12.0917,
FD004,41,345,11.7439,
FD004,41,346,11.252,
FD004,41,347,9.3554,
FD004,41,348,9.5536,
FD004,41,349,9.7561,
FD004,41,350,11.6187,
FD004,41,351,6.8228,
FD004,41,352,6.8566,
FD004,41,353,5.8011,
FD004,41,354,6.8372,
FD004,41,355,8.1466,
FD004,41,356,7.7179,
FD004,41,357,7.4911,
FD004,41,358,9.1159,
FD004,41,359,8.3935,
FD004,41,360,7.0005,
FD004,41,361,6.5276,
FD004,41,362,8.0791,
FD004,41,363,6.7153,
FD004,41,364,6.0626,
FD004,41,365,6.3729,
FD004,41,366,7.3573,
FD004,41,367,9.7982,
FD004,41,368,6.2351,
FD004,41,369,6.6103,
FD004,41,370,5.8082,
FD004,41,371,6.2987,
FD004,41,372,4.9014,
FD004,41,373,5.2342,
FD004,41,374,5.2526,
FD004,41,375,6.4229,
FD004,41,376,6.2284,
FD004,41,377,7.2298,
FD004,41,378,8.8769,
FD004,41,379,7.8444,
FD004,41,380,6.1187,
FD004,41,381,6.2185,
FD004,41,382,6.3399,
FD004,41,383,6.429,
FD004,41,384,6.2128,
FD004,41,385,7.3722,
FD004,41,386,7.2252,
FD004,41,387,11.3539,
FD004,41,388,8.0106,
FD004,41,389,7.4953,
FD004,41,390,9.3027,
FD004,41,391,9.1857,
FD004,41,392,10.6961,
FD004,41,393,10.2134,
FD004,41,394,10.6277,
FD004,41,395,10.4903,
FD004,41,396,10.4598,
FD004,41,397,10.6137,
FD004,41,398,11.6163,
FD004,41,399,17.6133,
FD004,41,400,15.5255,
FD004,41,401,8.9313,
FD004,41,402,8.0658,
FD004,41,403,8.7945,
FD004,41,404,9.6251,
FD004,41,405,8.4682,
FD004,41,406,8.503,
FD004,41,407,8.5862,
FD004,41,408,12.4321,
FD004,41,409,10.3541,
FD004,41,410,12.9068,
FD004,41,411,10.6536,
FD004,41,412,10.6922,
FD004,41,413,10.1818,
FD004,41,414,9.3795,
FD004,42,1,0.0,
FD004,42,2,0.0,
FD004,42,3,0.0,
FD004,42,4,0.0,
FD004,42,5,0.0,
FD004,42,6,0.0,
FD004,42,7,0.0,
FD004,42,8,0.0,
FD004,42,9,0.0,
FD004,42,10,0.0,
FD004,42,11,0.0,
FD004,42,12,0.0,
FD004,42,13,0.0,
FD004,42,14,0.0,
FD004,42,15,0.0,
FD004,42,16,0.0,
FD004,42,17,0.0,
FD004,42,18,0.0,
FD004,42,19,0.0,
FD004,42,20,0.0,
FD004,42,21,0.0,
FD004,42,22,0.0,
FD004,42,23,0.0,
FD004,42,24,0.0,
FD004,42,25,0.0,
FD004,42,26,0.0,
FD004,42,27,0.0,
FD004,42,28,0.0,
FD004,42,29,0.0,
FD004,42,30,0.0,
FD004,42,31,0.0,
FD004,42,32,0.0,
FD004,42,33,0.0,
FD004,42,34,0.0,
FD004,42,35,0.0,
FD004,42,36,0.0,
FD004,42,37,0.0,
FD004,42,38,0.0,
FD004,42,39,0.0,
FD004,42,40,0.0,
FD004,42,41,0.0,
FD004,42,42,0.0,
FD004,42,43,0.0,
FD004,42,44,0.0,
FD004,42,45,0.0,
FD004,42,46,0.0,
FD004,42,47,0.0,
FD004,42,48,0.0,
FD004,42,49,0.0,
FD004,42,50,5.8987,
FD004,42,51,8.1799,
FD004,42,52,8.4317,
FD004,42,53,9.2636,
FD004,42,54,8.4002,
FD004,42,55,8.4894,
FD004,42,56,8.0139,
FD004,42,57,7.1762,
FD004,42,58,6.828,
FD004,42,59,7.7324,
FD004,42,60,6.829,
FD004,42,61,9.7512,
FD004,42,62,8.0014,
FD004,42,63,11.2041,
FD004,42,64,11.7302,
FD004,42,65,8.7413,
FD004,42,66,10.035,
FD004,42,67,11.2975,
FD004,42,68,11.5813,
FD004,42,69,9.5421,
FD004,42,70,9.6852,
FD004,42,71,10.7661,
FD004,42,72,10.1575,
FD004,42,73,11.0984,
FD004,42,74,10.6876,
FD004,42,75,9.6925,
FD004,42,76,9.9632,
FD004,42,77,9.3458,
FD004,42,78,13.9643,
FD004,42,79,11.2236,
FD004,42,80,10.3966,
FD004,42,81,9.1051,
FD004,42,82,7.6943,
FD004,42,83,6.3771,
FD004,42,84,5.7853,
FD004,42,85,6.2285,
FD004,42,86,7.7422,
FD004,42,87,6.5833,
FD004,42,88,7.5768,
FD004,42,89,6.2569,
FD004,42,90,5.7089,
FD004,42,91,6.4601,
FD004,42,92,6.1768,
FD004,42,93,6.7617,
FD004,42,94,11.4532,
FD004,42,95,8.8232,
FD004,42,96,11.2219,
FD004,42,97,11.8795,
FD004,42,98,11.9017,
FD004,42,99,12.7196,
FD004,42,100,17.6462,
FD004,42,101,17.6427,
FD004,42,102,17.5321,
FD004,42,103,16.6344,
FD004,42,104,17.1543,
FD004,42,105,17.3277,
FD004,42,106,20.6064,
FD004,42,107,24.2896,
FD004,42,108,18.1367,
FD004,42,109,21.1492,
FD004,42,110,20.3667,
FD004,42,111,20.331,
FD004,42,112,18.8304,
FD004,42,113,15.5152,
FD004,42,114,16.0649,
FD004,42,115,18.0986,
FD004,42,116,14.9578,
FD004,42,117,13.5683,
FD004,42,118,13.2743,
FD004,42,119,12.8371,
FD004,42,120,11.6405,
FD004,42,121,8.0099,
FD004,42,122,7.5016,
FD004,42,123,6.5211,
FD004,42,124,7.4948,
FD004,42,125,6.8914,
FD004,42,126,7.8344,
FD004,42,127,7.6035,
FD004,42,128,7.7642,
FD004,42,129,8.7278,
FD004,42,130,7.6691,
FD004,42,131,9.3101,
FD004,42,132,16.4911,
FD004,42,133,10.4636,
FD004,42,134,9.2229,
FD004,42,135,10.4552,
FD004,42,136,11.8767,
FD004,42,137,11.8844,
FD004,42,138,8.3659,
FD004,42,139,6.9275,
FD004,42,140,7.1483,
FD004,42,141,8.9871,
FD004,42,142,9.2379,
FD004,42,143,6.6093,
FD004,42,144,6.504,
FD004,42,145,8.3069,
FD004,42,146,8.9342,
FD004,42,147,9.3688,
FD004,42,148,7.3703,
FD004,42,149,6.7069,
FD004,42,150,7.8816,
FD004,42,151,8.3087,
FD004,42,152,8.5326,
FD004,42,153,8.0535,
FD004,42,154,8.1859,
FD004,42,155,11.7567,
FD004,42,156,16.429,
FD004,42,157,15.8806,
FD004,42,158,12.3498,
FD004,42,159,12.1659,
FD004,42,160,13.2036,
FD004,42,161,10.6896,
FD004,42,162,9.6109,
FD004,42,163,10.8899,
FD004,42,164,10.6043,
FD004,42,165,6.7173,
FD004,42,166,8.6692,
FD004,42,167,7.979,
FD004,42,168,9.6332,
FD004,42,169,8.4486,
FD004,42,170,9.4728,
FD004,42,171,10.078,
FD004,42,172,10.7189,
FD004,42,173,10.2494,
FD004,42,174,9.3208,
FD004,42,175,11.1106,
FD004,42,176,9.2046,
FD004,42,177,10.3116,
FD004,42,178,7.9165,
FD004,42,179,6.1401,
FD004,42,180,7.791,
FD004,42,181,7.1477,
FD004,42,182,7.0222,
FD004,42,183,6.7853,
FD004,42,184,6.9531,
FD004,42,185,8.6216,
FD004,42,186,10.7157,
FD004,42,187,7.8849,
FD004,42,188,7.631,
FD004,42,189,8.2696,
FD004,42,190,10.3641,
FD004,42,191,9.0948,
FD004,42,192,14.8126,
FD004,42,193,8.5848,
FD004,42,194,11.2922,
FD004,42,195,13.7909,
FD004,42,196,13.3368,
FD004,42,197,13.9797,
FD004,42,198,17.4505,
FD004,42,199,14.8008,
FD004,42,200,12.4771,
FD004,43,1,0.0,
FD004,43,2,0.0,
FD004,43,3,0.0,
FD004,43,4,0.0,
FD004,43,5,0.0,
FD004,43,6,0.0,
FD004,43,7,0.0,
FD004,43,8,0.0,
FD004,43,9,0.0,
FD004,43,10,0.0,
FD004,43,11,0.0,
FD004,43,12,0.0,
FD004,43,13,0.0,
FD004,43,14,0.0,
FD004,43,15,0.0,
FD004,43,16,0.0,
FD004,43,17,0.0,
FD004,43,18,0.0,
FD004,43,19,0.0,
FD004,43,20,0.0,
FD004,43,21,0.0,
FD004,43,22,0.0,
FD004,43,23,0.0,
FD004,43,24,0.0,
FD004,43,25,0.0,
FD004,43,26,0.0,
FD004,43,27,0.0,
FD004,43,28,0.0,
FD004,43,29,0.0,
FD004,43,30,0.0,
FD004,43,31,0.0,
FD004,43,32,0.0,
FD004,43,33,0.0,
FD004,43,34,0.0,
FD004,43,35,0.0,
FD004,43,36,0.0,
FD004,43,37,0.0,
FD004,43,38,0.0,
FD004,43,39,0.0,
FD004,43,40,0.0,
FD004,43,41,0.0,
FD004,43,42,0.0,
FD004,43,43,0.0,
FD004,43,44,0.0,
FD004,43,45,0.0,
FD004,43,46,0.0,
FD004,43,47,0.0,
FD004,43,48,0.0,
FD004,43,49,0.0,
FD004,43,50,7.6208,
FD004,43,51,8.0607,
FD004,43,52,7.2133,
FD004,43,53,6.4116,
FD004,43,54,6.6724,
FD004,43,55,10.5882,
FD004,43,56,9.7996,
FD004,43,57,10.3645,
FD004,43,58,10.826,
FD004,43,59,12.4104,
FD004,43,60,12.105,
FD004,43,61,11.944,
FD004,43,62,11.5136,
FD004,43,63,9.1255,
FD004,43,64,8.4214,
FD004,43,65,9.8057,
FD004,43,66,8.9146,
FD004,43,67,8.5681,
FD004,43,68,7.9517,
FD004,43,69,7.4648,
FD004,43,70,9.3896,
FD004,43,71,8.6705,
FD004,43,72,6.5197,
FD004,43,73,9.3728,
FD004,43,74,8.3889,
FD004,43,75,11.9722,
FD004,43,76,15.4425,
FD004,43,77,13.277,
FD004,43,78,11.7331,
FD004,43,79,14.0177,
FD004,43,80,14.8989,
FD004,43,81,15.3566,
FD004,43,82,15.7111,
FD004,43,83,18.0842,
FD004,43,84,17.6486,
FD004,43,85,14.5879,
FD004,43,86,17.6044,
FD004,43,87,19.9645,
FD004,43,88,19.9785,
FD004,43,89,20.6301,
FD004,43,90,21.6872,
FD004,43,91,20.0993,
FD004,43,92,19.3068,
FD004,43,93,18.8252,
FD004,43,94,17.5182,
FD004,43,95,16.398,
FD004,43,96,18.8443,
FD004,43,97,19.1199,
FD004,43,98,16.0134,
FD004,43,99,14.1764,
FD004,43,100,14.8356,
FD004,43,101,16.5197,
FD004,43,102,16.0574,
FD004,43,103,15.8761,
FD004,43,104,16.0108,
FD004,43,105,16.8805,
FD004,43,106,17.5685,
FD004,43,107,15.9565,
FD004,43,108,17.0426,
FD004,43,109,16.5007,
FD004,43,110,15.0583,
FD004,43,111,16.6054,
FD004,43,112,16.6369,
FD004,43,113,14.1389,
FD004,43,114,14.1757,
FD004,43,115,11.8892,
FD004,43,116,12.0086,
FD004,43,117,13.3912,
FD004,43,118,10.4315,
FD004,43,119,12.8853,
FD004,43,120,10.5725,
FD004,44,1,0.0,
FD004,44,2,0.0,
FD004,44,3,0.0,
FD004,44,4,0.0,
FD004,44,5,0.0,
FD004,44,6,0.0,
FD004,44,7,0.0,
FD004,44,8,0.0,
FD004,44,9,0.0,
FD004,44,10,0.0,
FD004,44,11,0.0,
FD004,44,12,0.0,
FD004,44,13,0.0,
FD004,44,14,0.0,
FD004,44,15,0.0,
FD004,44,16,0.0,
FD004,44,17,0.0,
FD004,44,18,0.0,
FD004,44,19,0.0,
FD004,44,20,0.0,
FD004,44,21,0.0,
FD004,44,22,0.0,
FD004,44,23,0.0,
FD004,44,24,0.0,
FD004,44,25,0.0,
FD004,44,26,0.0,
FD004,44,27,0.0,
FD004,44,28,0.0,
FD004,44,29,0.0,
FD004,44,30,0.0,
FD004,44,31,0.0,
FD004,44,32,0.0,
FD004,44,33,0.0,
FD004,44,34,0.0,
FD004,44,35,0.0,
FD004,44,36,0.0,
FD004,44,37,0.0,
FD004,44,38,0.0,
FD004,44,39,0.0,
FD004,44,40,0.0,
FD004,44,41,0.0,
FD004,44,42,0.0,
FD004,44,43,0.0,
FD004,44,44,0.0,
FD004,44,45,0.0,
FD004,44,46,0.0,
FD004,44,47,0.0,
FD004,44,48,0.0,
FD004,44,49,0.0,
FD004,44,50,4.9121,
FD004,44,51,5.1372,
FD004,44,52,6.6767,
FD004,44,53,10.4364,
FD004,44,54,9.2239,
FD004,44,55,5.5039,
FD004,44,56,7.2852,
FD004,44,57,5.5217,
FD004,44,58,5.8205,
FD004,44,59,9.595,
FD004,44,60,7.0519,
FD004,44,61,10.0406,
FD004,44,62,9.96,
FD004,44,63,10.4753,
FD004,44,64,9.1159,
FD004,44,65,9.0691,
FD004,44,66,9.5585,
FD004,44,67,17.2751,
FD004,44,68,14.7632,
FD004,44,69,13.583,
FD004,44,70,14.3429,
FD004,44,71,15.633,
FD004,44,72,12.9645,
FD004,44,73,14.1645,
FD004,44,74,16.1225,
FD004,44,75,18.6389,
FD004,44,76,19.8802,
FD004,44,77,15.1853,
FD004,44,78,13.7466,
FD004,44,79,14.1302,
FD004,44,80,11.0223,
FD004,44,81,12.4671,
FD004,44,82,11.9772,
FD004,44,83,11.7501,
FD004,44,84,10.7457,
FD004,44,85,8.7261,
FD004,44,86,7.9326,
FD004,44,87,7.4031,
FD004,44,88,7.3852,
FD004,44,89,7.5321,
FD004,44,90,7.5021,
FD004,44,91,8.3978,
FD004,44,92,11.1017,
FD004,44,93,8.8047,
FD004,44,94,9.0154,
FD004,44,95,9.0882,
FD004,44,96,9.5007,
FD004,44,97,14.0033,
FD004,44,98,13.5268,
FD004,44,99,11.7712,
FD004,44,100,8.4034,
FD004,44,101,11.0175,
FD004,44,102,11.7819,
FD004,44,103,9.177,
FD004,44,104,10.0041,
FD004,44,105,9.9153,
FD004,44,106,7.4794,
FD004,44,107,7.2345,
FD004,44,108,8.0577,
FD004,44,109,6.9987,
FD004,44,110,6.672,
FD004,44,111,6.3843,
FD004,44,112,6.4128,
FD004,44,113,6.9681,
FD004,44,114,6.302,
FD004,44,115,6.4186,
FD004,44,116,8.6435,
FD004,44,117,7.4259,
FD004,44,118,7.717,
FD004,44,119,7.0872,
FD004,44,120,8.6551,
FD004,44,121,9.9441,
FD004,44,122,10.3381,
FD004,44,123,11.4996,
FD004,44,124,11.1585,
FD004,44,125,10.6522,
FD004,44,126,10.1736,
FD004,44,127,10.9049,
FD004,44,128,11.1325,
FD004,44,129,11.1225,
FD004,44,130,11.181,
FD004,44,131,10.3109,
FD004,44,132,10.6642,
FD004,44,133,8.9273,
FD004,44,134,11.3461,
FD004,44,135,10.4171,
FD004,44,136,7.2109,
FD004,44,137,7.3032,
FD004,44,138,7.568,
FD004,44,139,6.2944,
FD004,44,140,7.7802,
FD004,44,141,8.802,
FD004,44,142,7.3592,
FD004,44,143,6.3489,
FD004,44,144,5.8284,
FD004,44,145,5.8868,
FD004,44,146,6.9502,
FD004,44,147,10.6862,
FD004,44,148,8.052,
FD004,44,149,8.808,
FD004,44,150,13.2921,
FD004,44,151,9.8469,
FD004,44,152,7.366,
FD004,44,153,6.1229,
FD004,44,154,6.3619,
FD004,44,155,7.0899,
FD004,44,156,6.104,
FD004,44,157,5.766,
FD004,44,158,6.1679,
FD004,44,159,8.1438,
FD004,44,160,6.5791,
FD004,44,161,5.8,
FD004,44,162,5.2189,
FD004,44,163,5.8969,
FD004,44,164,7.4126,
FD004,44,165,5.6467,
FD004,44,166,5.5704,
FD004,44,167,13.847,
FD004,44,168,10.883,
FD004,44,169,12.6914,
FD004,44,170,18.6516,
FD004,44,171,18.6431,
FD004,44,172,15.7007,
FD004,44,173,17.0603,
FD004,44,174,17.1632,
FD004,44,175,18.1237,
FD004,44,176,15.2169,
FD004,44,177,16.2116,
FD004,44,178,18.5655,
FD004,44,179,13.2573,
FD004,44,180,12.9344,
FD004,44,181,10.9096,
FD004,44,182,9.8012,
FD004,44,183,9.4235,
FD004,44,184,9.9481,
FD004,44,185,8.6369,
FD004,44,186,8.5626,
FD004,44,187,8.2864,
FD004,44,188,6.0467,
FD004,44,189,7.2127,
FD004,44,190,6.9119,
FD004,44,191,11.9638,
FD004,44,192,9.0054,
FD004,44,193,11.0609,
FD004,44,194,10.6309,
FD004,44,195,8.5955,
FD004,44,196,8.0738,
FD004,44,197,8.4982,
FD004,44,198,6.7828,
FD004,44,199,7.0703,
FD004,44,200,9.5925,
FD004,44,201,9.1027,
FD004,44,202,7.3506,
FD004,44,203,8.631,
FD004,44,204,8.6992,
FD004,44,205,6.5442,
FD004,44,206,9.1976,
FD004,44,207,6.678,
FD004,44,208,10.5168,
FD004,44,209,8.8802,
FD004,44,210,8.7267,
FD004,44,211,7.9991,
FD004,44,212,8.9687,
FD004,44,213,11.9638,
FD004,44,214,15.1643,
FD004,44,215,13.5454,
FD004,44,216,12.9077,
FD004,44,217,10.521,
FD004,44,218,10.0384,
FD004,44,219,11.3942,
FD004,44,220,10.8445,
FD004,44,221,12.237,
FD004,44,222,17.6416,
FD004,44,223,21.5833,
FD004,44,224,15.1034,
FD004,44,225,14.0701,
FD004,44,226,11.8594,
FD004,44,227,12.9777,
FD004,44,228,9.6275,
FD004,44,229,8.629,
FD004,44,230,8.485,
FD004,44,231,8.2709,
FD004,44,232,8.5626,
FD004,44,233,6.4749,
FD004,44,234,7.663,
FD004,44,235,7.7919,
FD004,44,236,5.3715,
FD004,44,237,5.031,
FD004,44,238,4.81,
FD004,44,239,4.948,
FD004,44,240,6.2121,
FD004,44,241,4.7491,
FD004,44,242,4.7476,
FD004,44,243,4.5214,
FD004,44,244,5.9929,
FD004,44,245,6.9873,
FD004,44,246,6.3884,
FD004,44,247,12.6815,
FD004,44,248,11.6614,
FD004,44,249,12.9514,
FD004,44,250,12.935,
FD004,44,251,11.9725,
FD004,44,252,11.0029,
FD004,44,253,9.9023,
FD004,44,254,9.5045,
FD004,44,255,8.5846,
FD004,44,256,10.0578,
FD004,44,257,10.4135,
FD004,44,258,9.9221,
FD004,44,259,10.1156,
FD004,44,260,10.5319,
FD004,44,261,12.6761,
FD004,44,262,5.6796,
FD004,44,263,5.0497,
FD004,44,264,4.8395,
FD004,44,265,5.648,
FD004,44,266,5.1453,
FD004,44,267,5.6108,
FD004,44,268,5.2962,
FD004,44,269,4.5804,
FD004,44,270,4.8061,
FD004,44,271,4.7324,
FD004,44,272,5.6238,
FD004,44,273,11.0153,
FD004,44,274,7.1236,
FD004,44,275,7.1924,
FD004,44,276,6.8556,
FD004,44,277,8.0889,
FD004,44,278,5.2268,
FD004,44,279,6.6768,
FD004,44,280,6.4946,
FD004,44,281,5.6377,
FD004,44,282,4.4103,
FD004,44,283,4.7599,
FD004,44,284,6.7312,
FD004,44,285,8.2652,
FD004,44,286,6.8654,
FD004,44,287,7.6515,
FD004,44,288,7.259,
FD004,44,289,8.3319,
FD004,44,290,7.8824,
FD004,44,291,7.8329,
FD004,44,292,9.1329,
FD004,44,293,10.4157,
FD004,44,294,13.0807,
FD004,44,295,12.214,
FD004,44,296,11.5578,
FD004,44,297,11.6397,
FD004,44,298,14.0476,
FD004,44,299,14.0121,
FD004,44,300,14.5113,
FD004,44,301,11.6963,
FD004,44,302,9.6394,
FD004,44,303,7.581,
FD004,44,304,7.6496,
FD004,44,305,6.8529,
FD004,44,306,9.9722,
FD004,44,307,10.7526,
FD004,44,308,8.3127,
FD004,44,309,11.9778,
FD004,44,310,13.4479,
FD004,44,311,8.6207,
FD004,44,312,8.9761,
FD004,44,313,9.0097,
FD004,44,314,6.959,
FD004,44,315,7.405,
FD004,44,316,10.2533,
FD004,44,317,7.4282,
FD004,44,318,5.9827,
FD004,44,319,7.814,
FD004,44,320,7.716,
FD004,44,321,7.861,
FD004,44,322,6.3766,
FD004,44,323,12.0843,
FD004,44,324,10.7027,
FD004,44,325,9.8913,
FD004,44,326,10.7051,
FD004,44,327,9.7665,
FD004,44,328,11.3974,
FD004,44,329,10.5849,
FD004,44,330,17.9557,
FD004,44,331,13.257,
FD004,44,332,10.4426,
FD004,44,333,8.5616,
FD004,44,334,9.5582,
FD004,44,335,10.3532,
FD004,44,336,13.278,
FD004,44,337,13.5284,
FD004,44,338,11.4231,
FD004,44,339,11.5449,
FD004,44,340,8.4146,
FD004,44,341,5.6809,
FD004,44,342,6.8727,
FD004,44,343,7.3361,
FD004,44,344,7.5402,
FD004,44,345,10.0223,
FD004,44,346,7.8342,
FD004,44,347,6.5499,
FD004,44,348,8.0294,
FD004,44,349,7.2375,
FD004,44,350,7.5774,
FD004,44,351,8.7985,
FD004,44,352,18.5676,
FD004,44,353,6.969,
FD004,44,354,8.2945,
FD004,44,355,7.6405,
FD004,44,356,7.9693,
FD004,44,357,12.1602,
FD004,44,358,13.4865,
FD004,44,359,12.8839,
FD004,44,360,11.749,
FD004,44,361,6.5542,
FD004,44,362,8.2873,
FD004,44,363,8.5577,
FD004,44,364,8.7584,
FD004,44,365,7.328,
FD004,44,366,9.3775,
FD004,44,367,10.6622,
FD004,44,368,9.0588,
FD004,44,369,9.3865,
FD004,44,370,8.5275,
FD004,44,371,8.3628,
FD004,44,372,9.1867,
FD004,44,373,11.4534,
FD004,44,374,9.2978,
FD004,44,375,11.5045,
FD004,44,376,12.0239,
FD004,44,377,7.6408,
FD004,44,378,6.9456,
FD004,44,379,7.0126,
FD004,44,380,6.968,
FD004,44,381,9.7706,
FD004,44,382,10.781,
FD004,44,383,7.1668,
FD004,44,384,5.487,
FD004,44,385,6.7906,
FD004,44,386,6.5128,
FD004,44,387,8.3058,
FD004,44,388,14.5149,
FD004,44,389,10.168,
FD004,44,390,6.6695,
FD004,44,391,8.7691,
FD004,44,392,10.4688,
FD004,44,393,11.1789,
FD004,44,394,13.46,
FD004,44,395,12.7629,
FD004,44,396,5.2961,
FD004,44,397,6.1158,
FD004,44,398,7.0211,
FD004,44,399,9.2927,
FD004,44,400,7.8536,
FD004,44,401,8.022,
FD004,44,402,9.7986,
FD004,44,403,9.6074,
FD004,44,404,9.3302,
FD004,44,405,10.6839,
FD004,44,406,13.443,
FD004,45,1,0.0,
FD004,45,2,0.0,
FD004,45,3,0.0,
FD004,45,4,0.0,
FD004,45,5,0.0,
FD004,45,6,0.0,
FD004,45,7,0.0,
FD004,45,8,0.0,
FD004,45,9,0.0,
FD004,45,10,0.0,
FD004,45,11,0.0,
FD004,45,12,0.0,
FD004,45,13,0.0,
FD004,45,14,0.0,
FD004,45,15,0.0,
FD004,45,16,0.0,
FD004,45,17,0.0,
FD004,45,18,0.0,
FD004,45,19,0.0,
FD004,45,20,0.0,
FD004,45,21,0.0,
FD004,45,22,0.0,
FD004,45,23,0.0,
FD004,45,24,0.0,
FD004,45,25,0.0,
FD004,45,26,0.0,
FD004,45,27,0.0,
FD004,45,28,0.0,
FD004,45,29,0.0,
FD004,45,30,0.0,
FD004,45,31,0.0,
FD004,45,32,0.0,
FD004,45,33,0.0,
FD004,45,34,0.0,
FD004,45,35,0.0,
FD004,45,36,0.0,
FD004,45,37,0.0,
FD004,45,38,0.0,
FD004,45,39,0.0,
FD004,45,40,0.0,
FD004,45,41,0.0,
FD004,45,42,0.0,
FD004,45,43,0.0,
FD004,45,44,0.0,
FD004,45,45,0.0,
FD004,45,46,0.0,
FD004,45,47,0.0,
FD004,45,48,0.0,
FD004,45,49,0.0,
FD004,45,50,8.895,
FD004,45,51,8.2111,
FD004,45,52,7.0636,
FD004,45,53,7.6998,
FD004,45,54,6.1536,
FD004,45,55,7.1486,
FD004,45,56,12.5179,
FD004,45,57,9.0264,
FD004,45,58,8.6296,
FD004,45,59,8.5955,
FD004,45,60,9.2551,
FD004,45,61,7.8703,
FD004,45,62,7.2608,
FD004,45,63,6.6521,
FD004,45,64,5.5663,
FD004,45,65,7.495,
FD004,45,66,8.3991,
FD004,45,67,6.6431,
FD004,45,68,8.3651,
FD004,45,69,8.1668,
FD004,45,70,8.4557,
FD004,45,71,10.2563,
FD004,45,72,11.0139,
FD004,45,73,8.9301,
FD004,45,74,8.9343,
FD004,45,75,8.6771,
FD004,45,76,9.8871,
FD004,45,77,8.7845,
FD004,45,78,8.5428,
FD004,46,1,0.0,
FD004,46,2,0.0,
FD004,46,3,0.0,
FD004,46,4,0.0,
FD004,46,5,0.0,
FD004,46,6,0.0,
FD004,46,7,0.0,
FD004,46,8,0.0,
FD004,46,9,0.0,
FD004,46,10,0.0,
FD004,46,11,0.0,
FD004,46,12,0.0,
FD004,46,13,0.0,
FD004,46,14,0.0,
FD004,46,15,0.0,
FD004,46,16,0.0,
FD004,46,17,0.0,
FD004,46,18,0.0,
FD004,46,19,0.0,
FD004,46,20,0.0,
FD004,46,21,0.0,
FD004,46,22,0.0,
FD004,46,23,0.0,
FD004,46,24,0.0,
FD004,46,25,0.0,
FD004,46,26,0.0,
FD004,46,27,0.0,
FD004,46,28,0.0,
FD004,46,29,0.0,
FD004,46,30,0.0,
FD004,46,31,0.0,
FD004,46,32,0.0,
FD004,46,33,0.0,
FD004,46,34,0.0,
FD004,46,35,0.0,
FD004,46,36,0.0,
FD004,46,37,0.0,
FD004,47,1,0.0,
FD004,47,2,0.0,
FD004,47,3,0.0,
FD004,47,4,0.0,
FD004,47,5,0.0,
FD004,47,6,0.0,
FD004,47,7,0.0,
FD004,47,8,0.0,
FD004,47,9,0.0,
FD004,47,10,0.0,
FD004,47,11,0.0,
FD004,47,12,0.0,
FD004,47,13,0.0,
FD004,47,14,0.0,
FD004,47,15,0.0,
FD004,47,16,0.0,
FD004,47,17,0.0,
FD004,47,18,0.0,
FD004,47,19,0.0,
FD004,47,20,0.0,
FD004,47,21,0.0,
FD004,47,22,0.0,
FD004,47,23,0.0,
FD004,47,24,0.0,
FD004,47,25,0.0,
FD004,47,26,0.0,
FD004,47,27,0.0,
FD004,47,28,0.0,
FD004,47,29,0.0,
FD004,47,30,0.0,
FD004,47,31,0.0,
FD004,47,32,0.0,
FD004,47,33,0.0,
FD004,47,34,0.0,
FD004,47,35,0.0,
FD004,47,36,0.0,
FD004,47,37,0.0,
FD004,47,38,0.0,
FD004,47,39,0.0,
FD004,47,40,0.0,
FD004,47,41,0.0,
FD004,47,42,0.0,
FD004,47,43,0.0,
FD004,47,44,0.0,
FD004,47,45,0.0,
FD004,47,46,0.0,
FD004,47,47,0.0,
FD004,47,48,0.0,
FD004,47,49,0.0,
FD004,47,50,5.6026,
FD004,47,51,7.2362,
FD004,47,52,6.3449,
FD004,47,53,7.6092,
FD004,47,54,7.6365,
FD004,47,55,9.4401,
FD004,47,56,8.861,
FD004,47,57,12.1113,
FD004,47,58,10.8031,
FD004,47,59,10.5888,
FD004,47,60,11.7367,
FD004,47,61,12.171,
FD004,47,62,10.8213,
FD004,47,63,9.4915,
FD004,47,64,8.7382,
FD004,47,65,8.6046,
FD004,47,66,8.6434,
FD004,47,67,8.2441,
FD004,47,68,8.3448,
FD004,47,69,7.6625,
FD004,47,70,10.1006,
FD004,47,71,9.148,
FD004,47,72,7.7482,
FD004,47,73,12.6676,
FD004,47,74,13.6694,
FD004,47,75,13.6959,
FD004,47,76,11.4313,
FD004,47,77,12.2636,
FD004,47,78,17.1291,
FD004,47,79,16.6588,
FD004,47,80,13.8914,
FD004,47,81,14.3334,
FD004,47,82,10.7749,
FD004,47,83,9.74,
FD004,47,84,7.7318,
FD004,47,85,8.3829,
FD004,47,86,5.8469,
FD004,47,87,5.673,
FD004,47,88,5.6806,
FD004,47,89,7.1654,
FD004,47,90,9.0262,
FD004,47,91,8.1228,
FD004,47,92,8.7333,
FD004,47,93,7.7163,
FD004,47,94,8.0113,
FD004,47,95,11.0317,
FD004,47,96,10.7739,
FD004,47,97,8.3853,
FD004,47,98,8.275,
FD004,47,99,8.3287,
FD004,47,100,8.2686,
FD004,47,101,8.1339,
FD004,47,102,7.8664,
FD004,47,103,7.7724,
FD004,47,104,7.849,
FD004,47,105,7.0238,
FD004,47,106,9.4635,
FD004,47,107,8.8449,
FD004,47,108,9.4562,
FD004,47,109,6.1797,
FD004,47,110,6.9762,
FD004,47,111,10.1554,
FD004,47,112,10.5978,
FD004,47,113,12.5143,
FD004,47,114,16.1024,
FD004,47,115,16.6619,
FD004,47,116,13.5299,
FD004,47,117,18.5025,
FD004,47,118,13.9515,
FD004,47,119,11.9923,
FD004,47,120,14.7707,
FD004,47,121,16.9681,
FD004,47,122,16.5125,
FD004,47,123,15.1514,
FD004,47,124,9.746,
FD004,47,125,9.7313,
FD004,47,126,10.6048,
FD004,47,127,8.8854,
FD004,47,128,9.1432,
FD004,47,129,6.9398,
FD004,47,130,9.0868,
FD004,47,131,13.772,
FD004,47,132,11.2757,
FD004,47,133,12.2069,
FD004,47,134,13.5105,
FD004,47,135,14.2636,
FD004,47,136,17.064,
FD004,47,137,15.0584,
FD004,47,138,15.8591,
FD004,47,139,12.0654,
FD004,47,140,8.4342,
FD004,47,141,8.9414,
FD004,47,142,7.898,
FD004,47,143,7.5501,
FD004,47,144,8.3557,
FD004,47,145,7.1784,
FD004,47,146,7.0463,
FD004,47,147,9.2296,
FD004,47,148,9.5584,
FD004,47,149,10.7895,
FD004,47,150,9.6282,
FD004,47,151,8.8217,
FD004,47,152,9.9171,
FD004,47,153,13.4677,
FD004,47,154,12.5808,
FD004,47,155,12.8197,
FD004,47,156,13.098,
FD004,47,157,9.9356,
FD004,47,158,10.7906,
FD004,47,159,7.1893,
FD004,47,160,5.9801,
FD004,47,161,6.2935,
FD004,47,162,7.2366,
FD004,47,163,6.9097,
FD004,47,164,6.9203,
FD004,47,165,7.8011,
FD004,47,166,7.6167,
FD004,47,167,7.8345,
FD004,47,168,7.8154,
FD004,47,169,9.5328,
FD004,47,170,8.688,
FD004,47,171,10.009,
FD004,47,172,9.2292,
FD004,47,173,9.29,
FD004,47,174,7.6205,
FD004,47,175,8.013,
FD004,47,176,7.0184,
FD004,47,177,6.8165,
FD004,47,178,7.0697,
FD004,47,179,10.2967,
FD004,47,180,8.4797,
FD004,47,181,6.042,
FD004,47,182,6.3811,
FD004,47,183,6.3058,
FD004,47,184,6.9377,
FD004,47,185,7.508,
FD004,47,186,9.8246,
FD004,47,187,10.7827,
FD004,47,188,14.5992,
FD004,47,189,21.1063,
FD004,47,190,14.0362,
FD004,47,191,15.8015,
FD004,47,192,20.3539,
FD004,47,193,18.7893,
FD004,47,194,18.4959,
FD004,47,195,14.8708,
FD004,47,196,11.7605,
FD004,47,197,8.0902,
FD004,47,198,7.0903,
FD004,47,199,7.1178,
FD004,47,200,7.8529,
FD004,47,201,8.5547,
FD004,47,202,8.3463,
FD004,47,203,7.8152,
FD004,47,204,10.2407,
FD004,47,205,9.7456,
FD004,47,206,8.8942,
FD004,47,207,10.2723,
FD004,47,208,8.2208,
FD004,47,209,9.2536,
FD004,47,210,9.9357,
FD004,47,211,8.356,
FD004,47,212,11.1203,
FD004,47,213,8.3338,
FD004,47,214,9.4696,
FD004,47,215,12.0296,
FD004,47,216,8.9629,
FD004,47,217,9.5364,
FD004,47,218,8.3252,
FD004,47,219,8.8507,
FD004,47,220,6.7405,
FD004,47,221,9.4149,
FD004,47,222,8.692,
FD004,47,223,7.1556,
FD004,47,224,9.3705,
FD004,48,1,0.0,
FD004,48,2,0.0,
FD004,48,3,0.0,
FD004,48,4,0.0,
FD004,48,5,0.0,
FD004,48,6,0.0,
FD004,48,7,0.0,
FD004,48,8,0.0,
FD004,48,9,0.0,
FD004,48,10,0.0,
FD004,48,11,0.0,
FD004,48,12,0.0,
FD004,48,13,0.0,
FD004,48,14,0.0,
FD004,48,15,0.0,
FD004,48,16,0.0,
FD004,48,17,0.0,
FD004,48,18,0.0,
FD004,48,19,0.0,
FD004,48,20,0.0,
FD004,48,21,0.0,
FD004,48,22,0.0,
FD004,48,23,0.0,
FD004,48,24,0.0,
FD004,48,25,0.0,
FD004,48,26,0.0,
FD004,48,27,0.0,
FD004,48,28,0.0,
FD004,48,29,0.0,
FD004,48,30,0.0,
FD004,48,31,0.0,
FD004,48,32,0.0,
FD004,48,33,0.0,
FD004,48,34,0.0,
FD004,48,35,0.0,
FD004,48,36,0.0,
FD004,48,37,0.0,
FD004,48,38,0.0,
FD004,48,39,0.0,
FD004,48,40,0.0,
FD004,48,41,0.0,
FD004,48,42,0.0,
FD004,48,43,0.0,
FD004,48,44,0.0,
FD004,48,45,0.0,
FD004,48,46,0.0,
FD004,48,47,0.0,
FD004,48,48,0.0,
FD004,48,49,0.0,
FD004,48,50,4.2139,
FD004,48,51,4.2579,
FD004,48,52,10.6222,
FD004,48,53,9.7409,
FD004,48,54,10.1312,
FD004,48,55,11.4791,
FD004,48,56,8.6456,
FD004,48,57,8.2291,
FD004,48,58,6.8117,
FD004,48,59,7.837,
FD004,48,60,8.356,
FD004,48,61,9.6249,
FD004,48,62,9.0143,
FD004,48,63,7.858,
FD004,48,64,6.5381,
FD004,48,65,6.4526,
FD004,48,66,6.7804,
FD004,48,67,11.063,
FD004,48,68,13.1367,
FD004,48,69,12.8585,
FD004,48,70,12.5185,
FD004,48,71,8.4796,
FD004,48,72,10.7713,
FD004,48,73,11.0402,
FD004,48,74,13.5916,
FD004,48,75,16.2913,
FD004,48,76,13.4086,
FD004,48,77,12.541,
FD004,48,78,12.1202,
FD004,48,79,13.2299,
FD004,48,80,11.9563,
FD004,48,81,12.0131,
FD004,48,82,12.2716,
FD004,48,83,7.1374,
FD004,48,84,7.2679,
FD004,48,85,5.5373,
FD004,48,86,6.0728,
FD004,48,87,6.5794,
FD004,48,88,5.1336,
FD004,48,89,5.1282,
FD004,48,90,4.8121,
FD004,48,91,6.8375,
FD004,48,92,6.9085,
FD004,48,93,6.3536,
FD004,48,94,7.0884,
FD004,48,95,6.2116,
FD004,48,96,10.0791,
FD004,48,97,10.3052,
FD004,48,98,8.748,
FD004,48,99,8.4445,
FD004,48,100,8.8795,
FD004,48,101,8.91,
FD004,48,102,9.14,
FD004,48,103,8.4597,
FD004,48,104,7.583,
FD004,48,105,8.8091,
FD004,48,106,6.105,
FD004,48,107,6.0161,
FD004,48,108,8.3262,
FD004,48,109,15.1108,
FD004,48,110,9.7946,
FD004,48,111,11.7119,
FD004,48,112,11.5732,
FD004,48,113,10.3862,
FD004,48,114,7.3767,
FD004,48,115,7.4862,
FD004,48,116,6.9938,
FD004,48,117,7.1426,
FD004,48,118,6.7758,
FD004,48,119,6.8588,
FD004,48,120,7.393,
FD004,48,121,9.3772,
FD004,48,122,9.6159,
FD004,48,123,11.7064,
FD004,48,124,13.1691,
FD004,48,125,9.6975,
FD004,48,126,9.2401,
FD004,48,127,8.6889,
FD004,48,128,9.2489,
FD004,48,129,8.1068,
FD004,48,130,8.5092,
FD004,48,131,10.1524,
FD004,48,132,9.5924,
FD004,48,133,8.8717,
FD004,48,134,16.8396,
FD004,48,135,13.605,
FD004,48,136,14.2349,
FD004,48,137,11.2235,
FD004,48,138,10.9414,
FD004,48,139,9.4804,
FD004,48,140,8.9759,
FD004,48,141,10.5895,
FD004,48,142,10.1955,
FD004,48,143,9.6109,
FD004,48,144,9.4834,
FD004,48,145,9.4896,
FD004,48,146,12.0314,
FD004,48,147,8.9806,
FD004,48,148,8.3723,
FD004,48,149,7.827,
FD004,48,150,5.9094,
FD004,48,151,5.1592,
FD004,48,152,5.482,
FD004,48,153,5.0624,
FD004,48,154,5.2614,
FD004,48,155,6.0191,
FD004,48,156,6.1945,
FD004,48,157,8.4387,
FD004,48,158,13.2636,
FD004,48,159,12.5931,
FD004,48,160,10.7647,
FD004,48,161,12.9515,
FD004,48,162,7.9721,
FD004,48,163,9.3311,
FD004,48,164,9.4352,
FD004,48,165,9.8488,
FD004,48,166,10.4099,
FD004,48,167,9.8185,
FD004,48,168,8.8755,
FD004,48,169,8.3061,
FD004,48,170,8.5682,
FD004,48,171,8.5236,
FD004,48,172,7.602,
FD004,48,173,5.6456,
FD004,48,174,6.2606,
FD004,48,175,5.8308,
FD004,48,176,6.4046,
FD004,48,177,5.8845,
FD004,48,178,6.5282,
FD004,48,179,7.2751,
FD004,48,180,6.883,
FD004,48,181,7.107,
FD004,48,182,7.034,
FD004,48,183,6.9429,
FD004,48,184,8.1979,
FD004,48,185,8.1393,
FD004,48,186,7.1094,
FD004,48,187,7.1672,
FD004,48,188,7.0366,
FD004,48,189,7.3155,
FD004,48,190,5.7702,
FD004,48,191,7.6936,
FD004,48,192,5.7911,
FD004,48,193,6.4258,
FD004,48,194,6.551,
FD004,48,195,7.0602,
FD004,48,196,7.3091,
FD004,48,197,7.4345,
FD004,48,198,9.1632,
FD004,48,199,10.1337,
FD004,48,200,9.2257,
FD004,48,201,9.3049,
FD004,48,202,9.2153,
FD004,48,203,7.7693,
FD004,48,204,7.6147,
FD004,48,205,6.8246,
FD004,48,206,7.1115,
FD004,48,207,7.7679,
FD004,48,208,10.829,
FD004,48,209,13.1096,
FD004,48,210,11.518,
FD004,48,211,10.9956,
FD004,48,212,12.8914,
FD004,48,213,15.7007,
FD004,48,214,14.0185,
FD004,49,1,0.0,
FD004,49,2,0.0,
FD004,49,3,0.0,
FD004,49,4,0.0,
FD004,49,5,0.0,
FD004,49,6,0.0,
FD004,49,7,0.0,
FD004,49,8,0.0,
FD004,49,9,0.0,
FD004,49,10,0.0,
FD004,49,11,0.0,
FD004,49,12,0.0,
FD004,49,13,0.0,
FD004,49,14,0.0,
FD004,49,15,0.0,
FD004,49,16,0.0,
FD004,49,17,0.0,
FD004,49,18,0.0,
FD004,49,19,0.0,
FD004,49,20,0.0,
FD004,49,21,0.0,
FD004,49,22,0.0,
FD004,49,23,0.0,
FD004,49,24,0.0,
FD004,49,25,0.0,
FD004,49,26,0.0,
FD004,49,27,0.0,
FD004,49,28,0.0,
FD004,49,29,0.0,
FD004,49,30,0.0,
FD004,49,31,0.0,
FD004,49,32,0.0,
FD004,49,33,0.0,
FD004,49,34,0.0,
FD004,49,35,0.0,
FD004,49,36,0.0,
FD004,49,37,0.0,
FD004,49,38,0.0,
FD004,49,39,0.0,
FD004,49,40,0.0,
FD004,49,41,0.0,
FD004,49,42,0.0,
FD004,49,43,0.0,
FD004,49,44,0.0,
FD004,49,45,0.0,
FD004,49,46,0.0,
FD004,49,47,0.0,
FD004,49,48,0.0,
FD004,49,49,0.0,
FD004,49,50,15.8731,
FD004,49,51,7.5387,
FD004,49,52,9.8252,
FD004,49,53,9.2701,
FD004,49,54,9.1297,
FD004,49,55,10.6656,
FD004,49,56,9.9541,
FD004,49,57,9.1774,
FD004,49,58,9.7065,
FD004,49,59,9.3843,
FD004,49,60,9.2498,
FD004,49,61,11.507,
FD004,49,62,10.2149,
FD004,49,63,10.2326,
FD004,49,64,9.3019,
FD004,49,65,8.3356,
FD004,49,66,10.854,
FD004,49,67,6.3521,
FD004,49,68,6.694,
FD004,49,69,7.9393,
FD004,49,70,7.8594,
FD004,49,71,6.2763,
FD004,49,72,5.9954,
FD004,49,73,7.7456,
FD004,49,74,6.2071,
FD004,49,75,5.9213,
FD004,49,76,6.0528,
FD004,49,77,5.8435,
FD004,49,78,6.0645,
FD004,49,79,10.1781,
FD004,49,80,9.4687,
FD004,49,81,10.3089,
FD004,49,82,10.136,
FD004,49,83,9.2941,
FD004,49,84,9.2932,
FD004,49,85,7.7071,
FD004,49,86,8.7337,
FD004,49,87,8.8137,
FD004,49,88,11.3489,
FD004,49,89,7.6423,
FD004,49,90,12.0068,
FD004,49,91,6.9624,
FD004,49,92,5.998,
FD004,49,93,7.3794,
FD004,49,94,7.4353,
FD004,49,95,6.8717,
FD004,49,96,6.7779,
FD004,49,97,7.1226,
FD004,49,98,7.1163,
FD004,49,99,7.0632,
FD004,49,100,7.5851,
FD004,49,101,8.0913,
FD004,49,102,10.0909,
FD004,49,103,10.4082,
FD004,49,104,9.3409,
FD004,49,105,9.4572,
FD004,49,106,8.9287,
FD004,49,107,11.1158,
FD004,49,108,10.146,
FD004,49,109,9.1601,
FD004,49,110,8.6486,
FD004,49,111,8.9249,
FD004,49,112,8.1977,
FD004,49,113,8.3728,
FD004,49,114,8.366,
FD004,49,115,7.9317,
FD004,49,116,8.72,
FD004,49,117,8.5854,
FD004,49,118,8.9185,
FD004,49,119,9.8534,
FD004,49,120,10.7139,
FD004,49,121,10.0761,
FD004,49,122,10.2204,
FD004,49,123,9.9122,
FD004,49,124,9.039,
FD004,49,125,11.9396,
FD004,49,126,9.1359,
FD004,49,127,9.3379,
FD004,49,128,12.3315,
FD004,49,129,9.8458,
FD004,49,130,9.9038,
FD004,49,131,10.0607,
FD004,49,132,10.0333,
FD004,49,133,11.2836,
FD004,49,134,8.3428,
FD004,49,135,8.3571,
FD004,49,136,9.3517,
FD004,49,137,8.386,
FD004,49,138,8.6367,
FD004,49,139,8.5476,
FD004,49,140,11.0107,
FD004,49,141,7.7471,
FD004,49,142,6.7283,
FD004,49,143,6.6854,
FD004,49,144,6.2417,
FD004,49,145,6.4919,
FD004,49,146,5.5244,
FD004,49,147,5.5424,
FD004,49,148,7.0012,
FD004,49,149,10.1155,
FD004,49,150,9.9528,
FD004,49,151,10.064,
FD004,49,152,10.0377,
FD004,49,153,8.2415,
FD004,49,154,6.3886,
FD004,49,155,6.1744,
FD004,49,156,6.2719,
FD004,49,157,6.8485,
FD004,49,158,7.4793,
FD004,49,159,7.4372,
FD004,49,160,7.9095,
FD004,49,161,10.4534,
FD004,49,162,9.179,
FD004,49,163,9.6177,
FD004,49,164,9.4377,
FD004,49,165,9.2633,
FD004,49,166,7.7542,
FD004,49,167,8.5772,
FD004,49,168,7.7784,
FD004,49,169,7.0696,
FD004,49,170,7.1157,
FD004,49,171,6.7379,
FD004,49,172,6.9295,
FD004,49,173,12.5402,
FD004,49,174,8.1156,
FD004,49,175,9.5845,
FD004,49,176,9.4784,
FD004,49,177,10.4563,
FD004,49,178,9.9701,
FD004,49,179,15.7969,
FD004,49,180,10.4656,
FD004,49,181,11.1324,
FD004,49,182,11.7846,
FD004,49,183,10.9693,
FD004,49,184,9.2045,
FD004,49,185,9.1468,
FD004,49,186,8.7144,
FD004,49,187,9.6408,
FD004,49,188,10.0758,
FD004,49,189,9.0306,
FD004,49,190,9.5641,
FD004,49,191,7.7019,
FD004,49,192,15.2625,
FD004,49,193,10.7969,
FD004,49,194,11.4061,
FD004,49,195,11.4826,
FD004,49,196,11.6888,
FD004,49,197,10.4025,
FD004,49,198,13.1452,
FD004,49,199,9.518,
FD004,49,200,8.871,
FD004,49,201,7.7583,
FD004,49,202,8.9876,
FD004,49,203,9.413,
FD004,49,204,9.7481,
FD004,49,205,13.3716,
FD004,49,206,11.8694,
FD004,49,207,14.1787,
FD004,49,208,11.4848,
FD004,49,209,11.4193,
FD004,49,210,7.9552,
FD004,49,211,9.1835,
FD004,49,212,8.5602,
FD004,49,213,8.3306,
FD004,49,214,9.5732,
FD004,49,215,12.4804,
FD004,49,216,14.5995,
FD004,49,217,15.2931,
FD004,49,218,15.4545,
FD004,49,219,16.0472,
FD004,49,220,14.8313,
FD004,49,221,13.018,
FD004,49,222,12.6114,
FD004,49,223,11.6747,
FD004,49,224,12.4383,
FD004,49,225,12.3937,
FD004,49,226,12.0838,
FD004,49,227,13.6509,
FD004,49,228,16.8876,
FD004,49,229,15.8584,
FD004,49,230,12.3049,
FD004,49,231,13.2973,
FD004,49,232,9.9392,
FD004,49,233,10.1698,
FD004,49,234,9.8477,
FD004,49,235,10.5914,
FD004,49,236,11.5978,
FD004,49,237,10.0298,
FD004,49,238,10.308,
FD004,49,239,8.626,
FD004,49,240,9.2816,
FD004,49,241,10.7616,
FD004,49,242,10.4298,
FD004,49,243,8.4563,
FD004,49,244,8.4331,
FD004,49,245,6.9405,
FD004,49,246,7.5714,
FD004,49,247,7.4004,
FD004,49,248,14.0388,
FD004,49,249,12.1691,
FD004,49,250,10.9805,
FD004,49,251,8.6697,
FD004,49,252,7.3886,
FD004,49,253,6.93,
FD004,49,254,7.8606,
FD004,49,255,6.6691,
FD004,49,256,7.4226,
FD004,49,257,8.1049,
FD004,49,258,7.7243,
FD004,49,259,9.5883,
FD004,49,260,10.4607,
FD004,49,261,10.7919,
FD004,49,262,10.0444,
FD004,49,263,12.541,
FD004,49,264,10.9871,
FD004,49,265,15.0551,
FD004,49,266,18.3731,
FD004,49,267,14.9034,
FD004,49,268,11.9979,
FD004,49,269,14.0194,
FD004,49,270,8.3792,
FD004,49,271,7.8948,
FD004,49,272,6.9261,
FD004,49,273,10.2319,
FD004,50,1,0.0,
FD004,50,2,0.0,
FD004,50,3,0.0,
FD004,50,4,0.0,
FD004,50,5,0.0,
FD004,50,6,0.0,
FD004,50,7,0.0,
FD004,50,8,0.0,
FD004,50,9,0.0,
FD004,50,10,0.0,
FD004,50,11,0.0,
FD004,50,12,0.0,
FD004,50,13,0.0,
FD004,50,14,0.0,
FD004,50,15,0.0,
FD004,50,16,0.0,
FD004,50,17,0.0,
FD004,50,18,0.0,
FD004,50,19,0.0,
FD004,50,20,0.0,
FD004,50,21,0.0,
FD004,50,22,0.0,
FD004,50,23,0.0,
FD004,50,24,0.0,
FD004,50,25,0.0,
FD004,50,26,0.0,
FD004,50,27,0.0,
FD004,50,28,0.0,
FD004,50,29,0.0,
FD004,50,30,0.0,
FD004,50,31,0.0,
FD004,50,32,0.0,
FD004,50,33,0.0,
FD004,50,34,0.0,
FD004,50,35,0.0,
FD004,50,36,0.0,
FD004,50,37,0.0,
FD004,50,38,0.0,
FD004,50,39,0.0,
FD004,50,40,0.0,
FD004,50,41,0.0,
FD004,50,42,0.0,
FD004,50,43,0.0,
FD004,50,44,0.0,
FD004,50,45,0.0,
FD004,50,46,0.0,
FD004,50,47,0.0,
FD004,50,48,0.0,
FD004,50,49,0.0,
FD004,50,50,7.7463,
FD004,50,51,7.3383,
FD004,50,52,7.6237,
FD004,50,53,6.8989,
FD004,50,54,7.5503,
FD004,50,55,8.0887,
FD004,50,56,6.6575,
FD004,50,57,6.8504,
FD004,50,58,6.5374,
FD004,50,59,6.5602,
FD004,50,60,7.5345,
FD004,50,61,8.0258,
FD004,50,62,10.8645,
FD004,50,63,9.3691,
FD004,50,64,9.6566,
FD004,50,65,8.6372,
FD004,50,66,12.6474,
FD004,50,67,14.635,
FD004,50,68,13.1702,
FD004,50,69,13.4228,
FD004,50,70,13.5429,
FD004,50,71,9.7603,
FD004,50,72,8.8162,
FD004,50,73,8.3275,
FD004,50,74,8.0056,
FD004,50,75,7.2085,
FD004,50,76,7.4154,
FD004,50,77,7.1292,
FD004,50,78,6.9141,
FD004,50,79,5.7034,
FD004,50,80,7.7261,
FD004,50,81,6.377,
FD004,50,82,8.2894,
FD004,50,83,9.0711,
FD004,50,84,9.4499,
FD004,50,85,8.9417,
FD004,50,86,7.3312,
FD004,50,87,6.9993,
FD004,50,88,7.1308,
FD004,50,89,6.3675,
FD004,50,90,6.9763,
FD004,50,91,7.3336,
FD004,50,92,5.7587,
FD004,50,93,6.5755,
FD004,50,94,5.6565,
FD004,50,95,6.233,
FD004,50,96,6.8336,
FD004,50,97,5.7789,
FD004,50,98,6.304,
FD004,50,99,7.2478,
FD004,50,100,7.6054,
FD004,50,101,7.2914,
FD004,50,102,8.9091,
FD004,50,103,8.4652,
FD004,50,104,10.0583,
FD004,50,105,14.9047,
FD004,50,106,7.5381,
FD004,50,107,5.6759,
FD004,50,108,6.9868,
FD004,50,109,7.6845,
FD004,50,110,8.3702,
FD004,50,111,9.1228,
FD004,50,112,8.0392,
FD004,50,113,8.1794,
FD004,50,114,8.408,
FD004,50,115,7.4194,
FD004,50,116,8.1113,
FD004,50,117,8.344,
FD004,50,118,12.3771,
FD004,50,119,13.9284,
FD004,50,120,14.6772,
FD004,50,121,20.2556,
FD004,50,122,14.976,
FD004,50,123,19.0728,
FD004,50,124,12.8453,
FD004,50,125,9.5989,
FD004,50,126,8.0897,
FD004,50,127,8.7937,
FD004,50,128,8.8853,
FD004,50,129,9.7555,
FD004,50,130,9.6201,
FD004,50,131,10.4235,
FD004,50,132,10.0144,
FD004,50,133,12.265,
FD004,50,134,12.9396,
FD004,50,135,13.6784,
FD004,50,136,15.9894,
FD004,50,137,19.3414,
FD004,50,138,16.2919,
FD004,50,139,17.0068,
FD004,50,140,15.4007,
FD004,50,141,12.2504,
FD004,50,142,14.1611,
FD004,50,143,13.1071,
FD004,50,144,11.1411,
FD004,50,145,10.3569,
FD004,50,146,9.3235,
FD004,50,147,8.4149,
FD004,50,148,6.7408,
FD004,50,149,5.6092,
FD004,50,150,5.8966,
FD004,50,151,7.2309,
FD004,50,152,5.5346,
FD004,50,153,5.6229,
FD004,50,154,11.67,
FD004,50,155,12.3478,
FD004,50,156,14.0181,
FD004,50,157,15.7229,
FD004,50,158,8.9819,
FD004,50,159,9.0119,
FD004,50,160,10.3532,
FD004,50,161,10.4148,
FD004,50,162,16.7698,
FD004,50,163,10.0676,
FD004,50,164,12.1449,
FD004,50,165,11.5291,
FD004,50,166,10.452,
FD004,50,167,11.7279,
FD004,50,168,11.6237,
FD004,50,169,7.6748,
FD004,50,170,11.0346,
FD004,50,171,13.0123,
FD004,50,172,12.5435,
FD004,50,173,12.038,
FD004,50,174,10.2304,
FD004,50,175,10.527,
FD004,50,176,8.7742,
FD004,50,177,9.2037,
FD004,50,178,9.1426,
FD004,50,179,9.1848,
FD004,50,180,8.781,
FD004,50,181,9.3751,
FD004,50,182,10.2031,
FD004,50,183,10.4333,
FD004,50,184,9.1692,
FD004,50,185,9.0518,
FD004,50,186,9.5006,
FD004,50,187,5.6443,
FD004,50,188,5.95,
FD004,50,189,5.7794,
FD004,50,190,5.3288,
FD004,50,191,4.6933,
FD004,50,192,6.9251,
FD004,50,193,6.3616,
FD004,50,194,5.6806,
FD004,50,195,5.7487,
FD004,50,196,7.4148,
FD004,50,197,6.8364,
FD004,50,198,8.4,
FD004,50,199,6.3034,
FD004,50,200,8.1791,
FD004,50,201,6.0774,
FD004,50,202,8.0427,
FD004,50,203,8.5007,
FD004,50,204,10.8743,
FD004,50,205,9.7049,
FD004,50,206,8.8405,
FD004,51,1,0.0,
FD004,51,2,0.0,
FD004,51,3,0.0,
FD004,51,4,0.0,
FD004,51,5,0.0,
FD004,51,6,0.0,
FD004,51,7,0.0,
FD004,51,8,0.0,
FD004,51,9,0.0,
FD004,51,10,0.0,
FD004,51,11,0.0,
FD004,51,12,0.0,
FD004,51,13,0.0,
FD004,51,14,0.0,
FD004,51,15,0.0,
FD004,51,16,0.0,
FD004,51,17,0.0,
FD004,51,18,0.0,
FD004,51,19,0.0,
FD004,51,20,0.0,
FD004,51,21,0.0,
FD004,51,22,0.0,
FD004,51,23,0.0,
FD004,51,24,0.0,
FD004,51,25,0.0,
FD004,51,26,0.0,
FD004,51,27,0.0,
FD004,51,28,0.0,
FD004,51,29,0.0,
FD004,51,30,0.0,
FD004,51,31,0.0,
FD004,51,32,0.0,
FD004,51,33,0.0,
FD004,51,34,0.0,
FD004,51,35,0.0,
FD004,51,36,0.0,
FD004,51,37,0.0,
FD004,51,38,0.0,
FD004,51,39,0.0,
FD004,51,40,0.0,
FD004,51,41,0.0,
FD004,51,42,0.0,
FD004,51,43,0.0,
FD004,51,44,0.0,
FD004,51,45,0.0,
FD004,51,46,0.0,
FD004,51,47,0.0,
FD004,51,48,0.0,
FD004,51,49,0.0,
FD004,51,50,6.5596,
FD004,51,51,8.4847,
FD004,51,52,8.5232,
FD004,51,53,6.4454,
FD004,51,54,6.9563,
FD004,51,55,5.9233,
FD004,51,56,5.6494,
FD004,51,57,5.5051,
FD004,51,58,8.638,
FD004,51,59,8.6421,
FD004,51,60,8.2716,
FD004,51,61,7.1745,
FD004,51,62,6.8757,
FD004,51,63,7.7741,
FD004,51,64,9.5477,
FD004,51,65,9.3828,
FD004,51,66,9.57,
FD004,51,67,11.0383,
FD004,51,68,10.7596,
FD004,51,69,12.5911,
FD004,51,70,10.9576,
FD004,51,71,11.8943,
FD004,51,72,12.1548,
FD004,51,73,11.7332,
FD004,51,74,10.265,
FD004,51,75,10.6128,
FD004,51,76,10.2548,
FD004,51,77,10.3454,
FD004,51,78,9.5803,
FD004,51,79,10.2236,
FD004,51,80,10.5324,
FD004,51,81,9.5113,
FD004,51,82,10.9403,
FD004,51,83,12.4725,
FD004,51,84,16.1091,
FD004,51,85,10.8167,
FD004,51,86,6.7861,
FD004,51,87,5.7608,
FD004,51,88,7.2381,
FD004,51,89,6.1715,
FD004,51,90,5.4396,
FD004,51,91,8.3704,
FD004,51,92,5.7152,
FD004,51,93,7.5952,
FD004,51,94,8.43,
FD004,51,95,9.6301,
FD004,51,96,9.5403,
FD004,51,97,9.1408,
FD004,51,98,11.8771,
FD004,51,99,10.2123,
FD004,51,100,7.8337,
FD004,51,101,7.3657,
FD004,51,102,7.6731,
FD004,51,103,7.2332,
FD004,51,104,7.5308,
FD004,51,105,9.0688,
FD004,51,106,7.6557,
FD004,51,107,8.3665,
FD004,51,108,7.6759,
FD004,51,109,7.8224,
FD004,51,110,7.1931,
FD004,51,111,7.1518,
FD004,51,112,6.5526,
FD004,51,113,10.3464,
FD004,51,114,11.33,
FD004,51,115,9.9589,
FD004,51,116,8.8967,
FD004,51,117,9.4368,
FD004,51,118,11.0231,
FD004,51,119,13.4056,
FD004,51,120,12.2603,
FD004,51,121,11.7519,
FD004,51,122,11.3246,
FD004,51,123,13.7435,
FD004,51,124,13.0959,
FD004,51,125,11.7909,
FD004,51,126,15.0439,
FD004,51,127,13.7843,
FD004,51,128,9.7492,
FD004,51,129,10.2113,
FD004,51,130,10.5112,
FD004,51,131,8.6505,
FD004,51,132,12.2239,
FD004,51,133,7.4928,
FD004,51,134,7.4876,
FD004,51,135,7.6548,
FD004,51,136,9.189,
FD004,51,137,7.6538,
FD004,52,1,0.0,
FD004,52,2,0.0,
FD004,52,3,0.0,
FD004,52,4,0.0,
FD004,52,5,0.0,
FD004,52,6,0.0,
FD004,52,7,0.0,
FD004,52,8,0.0,
FD004,52,9,0.0,
FD004,52,10,0.0,
FD004,52,11,0.0,
FD004,52,12,0.0,
FD004,52,13,0.0,
FD004,52,14,0.0,
FD004,52,15,0.0,
FD004,52,16,0.0,
FD004,52,17,0.0,
FD004,52,18,0.0,
FD004,52,19,0.0,
FD004,52,20,0.0,
FD004,52,21,0.0,
FD004,52,22,0.0,
FD004,52,23,0.0,
FD004,52,24,0.0,
FD004,52,25,0.0,
FD004,52,26,0.0,
FD004,52,27,0.0,
FD004,52,28,0.0,
FD004,52,29,0.0,
FD004,52,30,0.0,
FD004,52,31,0.0,
FD004,52,32,0.0,
FD004,52,33,0.0,
FD004,52,34,0.0,
FD004,52,35,0.0,
FD004,52,36,0.0,
FD004,52,37,0.0,
FD004,52,38,0.0,
FD004,52,39,0.0,
FD004,52,40,0.0,
FD004,52,41,0.0,
FD004,52,42,0.0,
FD004,52,43,0.0,
FD004,52,44,0.0,
FD004,52,45,0.0,
FD004,52,46,0.0,
FD004,52,47,0.0,
FD004,52,48,0.0,
FD004,52,49,0.0,
FD004,52,50,15.1616,
FD004,52,51,13.5601,
FD004,52,52,13.7632,
FD004,52,53,8.7271,
FD004,52,54,10.3644,
FD004,52,55,8.8361,
FD004,52,56,9.875,
FD004,52,57,6.4413,
FD004,52,58,7.9383,
FD004,53,1,0.0,
FD004,53,2,0.0,
FD004,53,3,0.0,
FD004,53,4,0.0,
FD004,53,5,0.0,
FD004,53,6,0.0,
FD004,53,7,0.0,
FD004,53,8,0.0,
FD004,53,9,0.0,
FD004,53,10,0.0,
FD004,53,11,0.0,
FD004,53,12,0.0,
FD004,53,13,0.0,
FD004,53,14,0.0,
FD004,53,15,0.0,
FD004,53,16,0.0,
FD004,53,17,0.0,
FD004,53,18,0.0,
FD004,53,19,0.0,
FD004,53,20,0.0,
FD004,53,21,0.0,
FD004,53,22,0.0,
FD004,53,23,0.0,
FD004,53,24,0.0,
FD004,53,25,0.0,
FD004,53,26,0.0,
FD004,53,27,0.0,
FD004,53,28,0.0,
FD004,53,29,0.0,
FD004,53,30,0.0,
FD004,53,31,0.0,
FD004,53,32,0.0,
FD004,53,33,0.0,
FD004,53,34,0.0,
FD004,53,35,0.0,
FD004,53,36,0.0,
FD004,53,37,0.0,
FD004,53,38,0.0,
FD004,53,39,0.0,
FD004,53,40,0.0,
FD004,53,41,0.0,
FD004,53,42,0.0,
FD004,53,43,0.0,
FD004,53,44,0.0,
FD004,53,45,0.0,
FD004,53,46,0.0,
FD004,53,47,0.0,
FD004,53,48,0.0,
FD004,53,49,0.0,
FD004,53,50,7.5811,
FD004,53,51,7.141,
FD004,53,52,7.4062,
FD004,53,53,6.7664,
FD004,53,54,7.4679,
FD004,53,55,7.9703,
FD004,53,56,6.8201,
FD004,53,57,7.0467,
FD004,53,58,6.7058,
FD004,53,59,6.7249,
FD004,53,60,7.7,
FD004,53,61,8.0969,
FD004,53,62,11.0049,
FD004,53,63,9.5492,
FD004,53,64,9.8013,
FD004,53,65,8.8378,
FD004,53,66,12.933,
FD004,53,67,14.6831,
FD004,54,1,0.0,
FD004,54,2,0.0,
FD004,54,3,0.0,
FD004,54,4,0.0,
FD004,54,5,0.0,
FD004,54,6,0.0,
FD004,54,7,0.0,
FD004,54,8,0.0,
FD004,54,9,0.0,
FD004,54,10,0.0,
FD004,54,11,0.0,
FD004,54,12,0.0,
FD004,54,13,0.0,
FD004,54,14,0.0,
FD004,54,15,0.0,
FD004,54,16,0.0,
FD004,54,17,0.0,
FD004,54,18,0.0,
FD004,54,19,0.0,
FD004,54,20,0.0,
FD004,54,21,0.0,
FD004,54,22,0.0,
FD004,54,23,0.0,
FD004,54,24,0.0,
FD004,54,25,0.0,
FD004,54,26,0.0,
FD004,54,27,0.0,
FD004,54,28,0.0,
FD004,54,29,0.0,
FD004,54,30,0.0,
FD004,54,31,0.0,
FD004,54,32,0.0,
FD004,54,33,0.0,
FD004,54,34,0.0,
FD004,54,35,0.0,
FD004,54,36,0.0,
FD004,54,37,0.0,
FD004,54,38,0.0,
FD004,54,39,0.0,
FD004,54,40,0.0,
FD004,54,41,0.0,
FD004,54,42,0.0,
FD004,54,43,0.0,
FD004,54,44,0.0,
FD004,54,45,0.0,
FD004,54,46,0.0,
FD004,54,47,0.0,
FD004,54,48,0.0,
FD004,54,49,0.0,
FD004,54,50,4.4953,
FD004,54,51,6.9602,
FD004,54,52,8.7812,
FD004,54,53,6.2333,
FD004,54,54,7.3708,
FD004,54,55,7.6441,
FD004,54,56,7.0769,
FD004,54,57,9.6067,
FD004,54,58,14.9725,
FD004,54,59,13.243,
FD004,54,60,11.5381,
FD004,54,61,12.1672,
FD004,54,62,10.7445,
FD004,54,63,9.4296,
FD004,54,64,10.5099,
FD004,54,65,9.1403,
FD004,54,66,8.8792,
FD004,54,67,8.9312,
FD004,54,68,10.4931,
FD004,54,69,9.9449,
FD004,54,70,10.2708,
FD004,54,71,8.8245,
FD004,54,72,7.1356,
FD004,54,73,6.8427,
FD004,54,74,4.9681,
FD004,54,75,5.5745,
FD004,54,76,5.7811,
FD004,54,77,5.6624,
FD004,54,78,5.8424,
FD004,54,79,4.972,
FD004,54,80,7.984,
FD004,54,81,8.2346,
FD004,55,1,0.0,
FD004,55,2,0.0,
FD004,55,3,0.0,
FD004,55,4,0.0,
FD004,55,5,0.0,
FD004,55,6,0.0,
FD004,55,7,0.0,
FD004,55,8,0.0,
FD004,55,9,0.0,
FD004,55,10,0.0,
FD004,55,11,0.0,
FD004,55,12,0.0,
FD004,55,13,0.0,
FD004,55,14,0.0,
FD004,55,15,0.0,
FD004,55,16,0.0,
FD004,55,17,0.0,
FD004,55,18,0.0,
FD004,55,19,0.0,
FD004,55,20,0.0,
FD004,55,21,0.0,
FD004,55,22,0.0,
FD004,55,23,0.0,
FD004,55,24,0.0,
FD004,55,25,0.0,
FD004,55,26,0.0,
FD004,55,27,0.0,
FD004,55,28,0.0,
FD004,55,29,0.0,
FD004,55,30,0.0,
FD004,55,31,0.0,
FD004,55,32,0.0,
FD004,55,33,0.0,
FD004,55,34,0.0,
FD004,55,35,0.0,
FD004,55,36,0.0,
FD004,55,37,0.0,
FD004,55,38,0.0,
FD004,55,39,0.0,
FD004,55,40,0.0,
FD004,55,41,0.0,
FD004,55,42,0.0,
FD004,55,43,0.0,
FD004,55,44,0.0,
FD004,55,45,0.0,
FD004,55,46,0.0,
FD004,55,47,0.0,
FD004,55,48,0.0,
FD004,55,49,0.0,
FD004,55,50,6.1594,
FD004,55,51,8.8074,
FD004,55,52,8.1993,
FD004,55,53,9.2376,
FD004,55,54,8.5724,
FD004,55,55,8.5948,
FD004,55,56,8.5943,
FD004,55,57,8.6086,
FD004,55,58,5.9264,
FD004,55,59,7.4725,
FD004,55,60,6.9396,
FD004,55,61,6.4915,
FD004,55,62,7.223,
FD004,55,63,8.7081,
FD004,55,64,6.4216,
FD004,55,65,6.2949,
FD004,55,66,7.5542,
FD004,55,67,10.1253,
FD004,55,68,9.2944,
FD004,55,69,9.1473,
FD004,55,70,7.733,
FD004,55,71,10.5087,
FD004,55,72,9.3808,
FD004,55,73,12.5051,
FD004,55,74,8.7836,
FD004,55,75,9.3979,
FD004,55,76,9.472,
FD004,55,77,12.2197,
FD004,55,78,17.2297,
FD004,55,79,11.5762,
FD004,55,80,11.6442,
FD004,55,81,11.9403,
FD004,55,82,11.2524,
FD004,55,83,12.2172,
FD004,55,84,12.723,
FD004,55,85,12.7971,
FD004,55,86,13.1984,
FD004,55,87,14.5772,
FD004,55,88,14.5883,
FD004,55,89,14.1552,
FD004,55,90,10.8691,
FD004,55,91,14.6692,
FD004,55,92,15.424,
FD004,55,93,14.1209,
FD004,55,94,13.9372,
FD004,55,95,14.7253,
FD004,55,96,12.9445,
FD004,55,97,11.9601,
FD004,55,98,10.2227,
FD004,55,99,10.5158,
FD004,55,100,9.4615,
FD004,55,101,8.0399,
FD004,55,102,6.5531,
FD004,55,103,7.4491,
FD004,56,1,0.0,
FD004,56,2,0.0,
FD004,56,3,0.0,
FD004,56,4,0.0,
FD004,56,5,0.0,
FD004,56,6,0.0,
FD004,56,7,0.0,
FD004,56,8,0.0,
FD004,56,9,0.0,
FD004,56,10,0.0,
FD004,56,11,0.0,
FD004,56,12,0.0,
FD004,56,13,0.0,
FD004,56,14,0.0,
FD004,56,15,0.0,
FD004,56,16,0.0,
FD004,56,17,0.0,
FD004,56,18,0.0,
FD004,56,19,0.0,
FD004,56,20,0.0,
FD004,56,21,0.0,
FD004,56,22,0.0,
FD004,56,23,0.0,
FD004,56,24,0.0,
FD004,56,25,0.0,
FD004,56,26,0.0,
FD004,56,27,0.0,
FD004,56,28,0.0,
FD004,56,29,0.0,
FD004,56,30,0.0,
FD004,56,31,0.0,
FD004,56,32,0.0,
FD004,56,33,0.0,
FD004,56,34,0.0,
FD004,56,35,0.0,
FD004,56,36,0.0,
FD004,56,37,0.0,
FD004,56,38,0.0,
FD004,56,39,0.0,
FD004,56,40,0.0,
FD004,56,41,0.0,
FD004,56,42,0.0,
FD004,56,43,0.0,
FD004,56,44,0.0,
FD004,56,45,0.0,
FD004,56,46,0.0,
FD004,56,47,0.0,
FD004,56,48,0.0,
FD004,56,49,0.0,
FD004,56,50,12.454,
FD004,56,51,11.1924,
FD004,56,52,12.4947,
FD004,56,53,12.196,
FD004,56,54,11.3643,
FD004,56,55,7.7164,
FD004,56,56,8.4196,
FD004,56,57,6.8864,
FD004,56,58,8.7202,
FD004,56,59,7.3048,
FD004,56,60,7.0883,
FD004,56,61,6.9575,
FD004,56,62,8.9357,
FD004,56,63,7.2954,
FD004,56,64,7.6653,
FD004,56,65,8.3245,
FD004,56,66,8.4663,
FD004,56,67,12.5869,
FD004,56,68,8.8504,
FD004,56,69,6.8985,
FD004,56,70,13.8945,
FD004,56,71,8.0604,
FD004,56,72,7.5066,
FD004,56,73,8.2101,
FD004,56,74,7.9084,
FD004,56,75,7.9786,
FD004,56,76,6.2336,
FD004,56,77,6.5998,
FD004,56,78,7.6624,
FD004,56,79,7.2353,
FD004,56,80,8.6539,
FD004,56,81,7.6452,
FD004,56,82,6.2387,
FD004,56,83,7.5566,
FD004,56,84,6.3972,
FD004,56,85,6.007,
FD004,56,86,8.5089,
FD004,56,87,10.1367,
FD004,56,88,10.4445,
FD004,56,89,14.7035,
FD004,56,90,11.6941,
FD004,56,91,11.9916,
FD004,56,92,11.7772,
FD004,56,93,17.5334,
FD004,56,94,18.7469,
FD004,56,95,18.9026,
FD004,56,96,18.4954,
FD004,56,97,14.3699,
FD004,56,98,17.7477,
FD004,56,99,13.9878,
FD004,56,100,15.1921,
FD004,56,101,14.5863,
FD004,56,102,15.3442,
FD004,56,103,14.0017,
FD004,56,104,10.7407,
FD004,56,105,9.0534,
FD004,56,106,8.4192,
FD004,56,107,8.265,
FD004,56,108,9.9791,
FD004,56,109,10.8113,
FD004,56,110,9.0006,
FD004,56,111,6.9838,
FD004,56,112,8.8387,
FD004,56,113,9.7624,
FD004,56,114,9.0225,
FD004,56,115,7.6443,
FD004,56,116,7.3251,
FD004,56,117,6.7146,
FD004,56,118,6.6194,
FD004,56,119,7.0521,
FD004,56,120,6.8907,
FD004,56,121,7.2524,
FD004,56,122,10.6649,
FD004,56,123,10.6376,
FD004,56,124,12.7552,
FD004,56,125,13.4854,
FD004,56,126,10.6814,
FD004,56,127,12.2982,
FD004,56,128,14.1417,
FD004,56,129,8.3094,
FD004,56,130,9.0431,
FD004,56,131,12.8538,
FD004,56,132,12.2459,
FD004,56,133,10.1733,
FD004,56,134,10.1972,
FD004,56,135,9.4062,
FD004,56,136,11.1106,
FD004,56,137,12.3899,
FD004,56,138,14.7601,
FD004,56,139,8.5083,
FD004,56,140,9.149,
FD004,56,141,8.7025,
FD004,56,142,10.7919,
FD004,56,143,9.0206,
FD004,56,144,9.0637,
FD004,56,145,8.7271,
FD004,56,146,10.2815,
FD004,56,147,10.169,
FD004,56,148,6.5562,
FD004,56,149,6.0338,
FD004,56,150,6.7971,
FD004,56,151,7.957,
FD004,56,152,8.1529,
FD004,56,153,7.3916,
FD004,56,154,7.6795,
FD004,56,155,7.0162,
FD004,56,156,10.8569,
FD004,56,157,9.0855,
FD004,56,158,9.2799,
FD004,56,159,10.2435,
FD004,56,160,10.1925,
FD004,56,161,9.277,
FD004,56,162,9.1412,
FD004,56,163,9.7839,
FD004,56,164,10.0026,
FD004,56,165,10.8283,
FD004,56,166,14.0885,
FD004,56,167,12.0686,
FD004,56,168,13.1276,
FD004,56,169,13.6305,
FD004,56,170,8.0585,
FD004,56,171,10.1656,
FD004,56,172,12.4936,
FD004,56,173,12.7478,
FD004,56,174,11.9915,
FD004,56,175,12.239,
FD004,56,176,13.4221,
FD004,56,177,13.3665,
FD004,56,178,11.558,
FD004,56,179,12.0781,
FD004,56,180,11.8059,
FD004,57,1,0.0,
FD004,57,2,0.0,
FD004,57,3,0.0,
FD004,57,4,0.0,
FD004,57,5,0.0,
FD004,57,6,0.0,
FD004,57,7,0.0,
FD004,57,8,0.0,
FD004,57,9,0.0,
FD004,57,10,0.0,
FD004,57,11,0.0,
FD004,57,12,0.0,
FD004,57,13,0.0,
FD004,57,14,0.0,
FD004,57,15,0.0,
FD004,57,16,0.0,
FD004,57,17,0.0,
FD004,57,18,0.0,
FD004,57,19,0.0,
FD004,57,20,0.0,
FD004,57,21,0.0,
FD004,57,22,0.0,
FD004,57,23,0.0,
FD004,57,24,0.0,
FD004,57,25,0.0,
FD004,57,26,0.0,
FD004,57,27,0.0,
FD004,57,28,0.0,
FD004,57,29,0.0,
FD004,57,30,0.0,
FD004,57,31,0.0,
FD004,57,32,0.0,
FD004,57,33,0.0,
FD004,57,34,0.0,
FD004,57,35,0.0,
FD004,57,36,0.0,
FD004,57,37,0.0,
FD004,57,38,0.0,
FD004,57,39,0.0,
FD004,57,40,0.0,
FD004,57,41,0.0,
FD004,57,42,0.0,
FD004,57,43,0.0,
FD004,57,44,0.0,
FD004,57,45,0.0,
FD004,57,46,0.0,
FD004,57,47,0.0,
FD004,57,48,0.0,
FD004,57,49,0.0,
FD004,57,50,5.0575,
FD004,57,51,5.5482,
FD004,57,52,7.0179,
FD004,57,53,7.5309,
FD004,57,54,8.9592,
FD004,57,55,10.0242,
FD004,57,56,10.0898,
FD004,57,57,10.2099,
FD004,57,58,11.7609,
FD004,57,59,11.2745,
FD004,57,60,8.7145,
FD004,57,61,10.4449,
FD004,57,62,9.9009,
FD004,57,63,10.0878,
FD004,57,64,8.9554,
FD004,57,65,10.6547,
FD004,57,66,9.5378,
FD004,57,67,9.5349,
FD004,57,68,12.553,
FD004,57,69,14.1479,
FD004,57,70,8.4714,
FD004,57,71,10.0554,
FD004,57,72,10.4827,
FD004,57,73,12.7868,
FD004,57,74,9.1613,
FD004,57,75,10.0707,
FD004,57,76,12.4621,
FD004,57,77,9.7294,
FD004,57,78,7.3884,
FD004,57,79,10.3856,
FD004,57,80,12.2074,
FD004,57,81,15.0378,
FD004,57,82,14.4788,
FD004,57,83,12.8139,
FD004,57,84,8.7488,
FD004,57,85,8.3811,
FD004,57,86,8.7248,
FD004,57,87,7.7938,
FD004,57,88,8.738,
FD004,57,89,10.3466,
FD004,57,90,8.9123,
FD004,57,91,12.6872,
FD004,57,92,10.6202,
FD004,57,93,10.9766,
FD004,57,94,8.8718,
FD004,57,95,12.8922,
FD004,57,96,11.2667,
FD004,57,97,9.538,
FD004,57,98,6.9193,
FD004,57,99,5.7426,
FD004,57,100,6.5455,
FD004,57,101,7.8625,
FD004,57,102,8.7962,
FD004,57,103,7.9287,
FD004,57,104,8.0297,
FD004,57,105,6.8521,
FD004,57,106,6.3914,
FD004,57,107,7.4809,
FD004,57,108,5.9954,
FD004,57,109,6.5708,
FD004,57,110,7.7802,
FD004,57,111,8.2555,
FD004,57,112,9.6028,
FD004,57,113,10.1526,
FD004,57,114,8.2043,
FD004,57,115,9.5338,
FD004,57,116,10.003,
FD004,57,117,8.5451,
FD004,57,118,10.6087,
FD004,57,119,9.0337,
FD004,57,120,10.0192,
FD004,57,121,8.2364,
FD004,58,1,0.0,
FD004,58,2,0.0,
FD004,58,3,0.0,
FD004,58,4,0.0,
FD004,58,5,0.0,
FD004,58,6,0.0,
FD004,58,7,0.0,
FD004,58,8,0.0,
FD004,58,9,0.0,
FD004,58,10,0.0,
FD004,58,11,0.0,
FD004,58,12,0.0,
FD004,58,13,0.0,
FD004,58,14,0.0,
FD004,58,15,0.0,
FD004,58,16,0.0,
FD004,58,17,0.0,
FD004,58,18,0.0,
FD004,58,19,0.0,
FD004,58,20,0.0,
FD004,58,21,0.0,
FD004,58,22,0.0,
FD004,58,23,0.0,
FD004,58,24,0.0,
FD004,58,25,0.0,
FD004,58,26,0.0,
FD004,58,27,0.0,
FD004,58,28,0.0,
FD004,58,29,0.0,
FD004,58,30,0.0,
FD004,58,31,0.0,
FD004,58,32,0.0,
FD004,58,33,0.0,
FD004,58,34,0.0,
FD004,58,35,0.0,
FD004,58,36,0.0,
FD004,58,37,0.0,
FD004,58,38,0.0,
FD004,58,39,0.0,
FD004,58,40,0.0,
FD004,58,41,0.0,
FD004,58,42,0.0,
FD004,58,43,0.0,
FD004,58,44,0.0,
FD004,58,45,0.0,
FD004,58,46,0.0,
FD004,58,47,0.0,
FD004,58,48,0.0,
FD004,58,49,0.0,
FD004,58,50,8.5723,
FD004,58,51,7.6701,
FD004,58,52,6.6291,
FD004,58,53,6.3933,
FD004,58,54,8.7857,
FD004,58,55,10.9671,
FD004,58,56,11.4179,
FD004,58,57,10.8448,
FD004,58,58,10.3513,
FD004,58,59,11.3804,
FD004,58,60,10.6193,
FD004,58,61,10.4764,
FD004,58,62,8.1418,
FD004,58,63,9.2127,
FD004,58,64,9.3425,
FD004,58,65,10.0592,
FD004,58,66,10.3363,
FD004,58,67,10.5789,
FD004,58,68,13.254,
FD004,58,69,15.4132,
FD004,58,70,15.479,
FD004,58,71,17.456,
FD004,58,72,15.3631,
FD004,58,73,11.2657,
FD004,58,74,9.9361,
FD004,58,75,12.8951,
FD004,58,76,9.0588,
FD004,58,77,9.113,
FD004,58,78,7.3301,
FD004,58,79,7.1259,
FD004,58,80,8.1228,
FD004,58,81,7.6697,
FD004,58,82,8.5649,
FD004,58,83,8.2937,
FD004,58,84,9.4177,
FD004,58,85,9.0415,
FD004,58,86,8.4585,
FD004,58,87,6.6909,
FD004,58,88,9.545,
FD004,58,89,10.8252,
FD004,58,90,9.4146,
FD004,58,91,11.9882,
FD004,58,92,6.4397,
FD004,58,93,6.7987,
FD004,58,94,6.5635,
FD004,58,95,7.5962,
FD004,58,96,7.193,
FD004,58,97,6.1191,
FD004,58,98,5.3243,
FD004,58,99,7.574,
FD004,58,100,8.6472,
FD004,58,101,6.2478,
FD004,58,102,5.1308,
FD004,58,103,9.6149,
FD004,58,104,7.3693,
FD004,58,105,9.0588,
FD004,58,106,11.1167,
FD004,58,107,11.2054,
FD004,58,108,11.0922,
FD004,58,109,10.5874,
FD004,58,110,12.2802,
FD004,58,111,15.0517,
FD004,58,112,18.7833,
FD004,58,113,15.7429,
FD004,58,114,22.2607,
FD004,58,115,23.9948,
FD004,58,116,21.0417,
FD004,58,117,20.3921,
FD004,58,118,11.5333,
FD004,58,119,12.9708,
FD004,58,120,13.0224,
FD004,58,121,14.4247,
FD004,58,122,13.2053,
FD004,58,123,13.332,
FD004,58,124,13.7269,
FD004,58,125,13.6275,
FD004,58,126,13.3178,
FD004,58,127,14.0832,
FD004,58,128,14.0199,
FD004,58,129,8.9473,
FD004,58,130,13.6796,
FD004,58,131,11.7148,
FD004,58,132,6.895,
FD004,58,133,6.2544,
FD004,58,134,6.5597,
FD004,58,135,5.7749,
FD004,58,136,5.5735,
FD004,58,137,5.2991,
FD004,58,138,6.2417,
FD004,58,139,6.9833,
FD004,58,140,5.3517,
FD004,58,141,8.2939,
FD004,58,142,7.8815,
FD004,58,143,11.8122,
FD004,58,144,11.4139,
FD004,58,145,12.4833,
FD004,58,146,11.4271,
FD004,58,147,11.087,
FD004,58,148,11.6387,
FD004,58,149,11.2695,
FD004,58,150,8.6846,
FD004,58,151,9.4618,
FD004,58,152,9.0121,
FD004,58,153,8.1743,
FD004,58,154,8.1296,
FD004,58,155,8.6338,
FD004,58,156,9.6961,
FD004,58,157,8.3864,
FD004,58,158,6.2699,
FD004,58,159,6.5536,
FD004,58,160,6.9052,
FD004,58,161,7.5671,
FD004,58,162,5.2323,
FD004,58,163,5.543,
FD004,58,164,8.4478,
FD004,58,165,7.1608,
FD004,58,166,6.3202,
FD004,58,167,6.5136,
FD004,58,168,4.6982,
FD004,58,169,6.9464,
FD004,58,170,4.558,
FD004,58,171,4.4497,
FD004,58,172,4.6617,
FD004,58,173,5.4825,
FD004,58,174,4.851,
FD004,58,175,5.6284,
FD004,58,176,5.3824,
FD004,58,177,11.4088,
FD004,58,178,10.6991,
FD004,58,179,11.337,
FD004,58,180,11.1145,
FD004,58,181,10.4539,
FD004,58,182,10.202,
FD004,58,183,10.0639,
FD004,58,184,10.2509,
FD004,58,185,11.6189,
FD004,59,1,0.0,
FD004,59,2,0.0,
FD004,59,3,0.0,
FD004,59,4,0.0,
FD004,59,5,0.0,
FD004,59,6,0.0,
FD004,59,7,0.0,
FD004,59,8,0.0,
FD004,59,9,0.0,
FD004,59,10,0.0,
FD004,59,11,0.0,
FD004,59,12,0.0,
FD004,59,13,0.0,
FD004,59,14,0.0,
FD004,59,15,0.0,
FD004,59,16,0.0,
FD004,59,17,0.0,
FD004,59,18,0.0,
FD004,59,19,0.0,
FD004,59,20,0.0,
FD004,59,21,0.0,
FD004,59,22,0.0,
FD004,59,23,0.0,
FD004,59,24,0.0,
FD004,59,25,0.0,
FD004,59,26,0.0,
FD004,59,27,0.0,
FD004,59,28,0.0,
FD004,59,29,0.0,
FD004,59,30,0.0,
FD004,59,31,0.0,
FD004,59,32,0.0,
FD004,59,33,0.0,
FD004,59,34,0.0,
FD004,59,35,0.0,
FD004,59,36,0.0,
FD004,59,37,0.0,
FD004,60,1,0.0,
FD004,60,2,0.0,
FD004,60,3,0.0,
FD004,60,4,0.0,
FD004,60,5,0.0,
FD004,60,6,0.0,
FD004,60,7,0.0,
FD004,60,8,0.0,
FD004,60,9,0.0,
FD004,60,10,0.0,
FD004,60,11,0.0,
FD004,60,12,0.0,
FD004,60,13,0.0,
FD004,60,14,0.0,
FD004,60,15,0.0,
FD004,60,16,0.0,
FD004,60,17,0.0,
FD004,60,18,0.0,
FD004,60,19,0.0,
FD004,60,20,0.0,
FD004,60,21,0.0,
FD004,60,22,0.0,
FD004,60,23,0.0,
FD004,60,24,0.0,
FD004,60,25,0.0,
FD004,60,26,0.0,
FD004,60,27,0.0,
FD004,60,28,0.0,
FD004,60,29,0.0,
FD004,60,30,0.0,
FD004,60,31,0.0,
FD004,60,32,0.0,
FD004,60,33,0.0,
FD004,60,34,0.0,
FD004,60,35,0.0,
FD004,60,36,0.0,
FD004,60,37,0.0,
FD004,60,38,0.0,
FD004,60,39,0.0,
FD004,60,40,0.0,
FD004,60,41,0.0,
FD004,60,42,0.0,
FD004,60,43,0.0,
FD004,60,44,0.0,
FD004,60,45,0.0,
FD004,60,46,0.0,
FD004,60,47,0.0,
FD004,60,48,0.0,
FD004,60,49,0.0,
FD004,60,50,12.943,
FD004,60,51,16.594,
FD004,60,52,15.8541,
FD004,60,53,11.3286,
FD004,60,54,9.5264,
FD004,60,55,10.4995,
FD004,60,56,10.3415,
FD004,60,57,8.7883,
FD004,60,58,11.5429,
FD004,60,59,11.2506,
FD004,60,60,11.2623,
FD004,60,61,11.7433,
FD004,60,62,11.6815,
FD004,60,63,12.9958,
FD004,60,64,12.8259,
FD004,60,65,17.9388,
FD004,60,66,16.5264,
FD004,60,67,15.2971,
FD004,60,68,15.0086,
FD004,60,69,19.513,
FD004,60,70,22.5807,
FD004,60,71,22.0463,
FD004,60,72,15.1566,
FD004,60,73,17.4804,
FD004,60,74,19.1794,
FD004,60,75,19.833,
FD004,60,76,11.5979,
FD004,60,77,7.8126,
FD004,60,78,5.7214,
FD004,60,79,6.7575,
FD004,60,80,5.9124,
FD004,60,81,6.0832,
FD004,60,82,5.6694,
FD004,60,83,5.7453,
FD004,60,84,6.5722,
FD004,60,85,6.0568,
FD004,60,86,7.0087,
FD004,60,87,7.3586,
FD004,60,88,5.3437,
FD004,60,89,7.251,
FD004,60,90,6.7518,
FD004,60,91,8.3049,
FD004,60,92,7.2735,
FD004,60,93,6.8738,
FD004,60,94,8.6654,
FD004,60,95,10.0854,
FD004,60,96,7.5381,
FD004,60,97,8.4189,
FD004,60,98,6.9161,
FD004,60,99,6.4253,
FD004,60,100,7.0278,
FD004,60,101,7.2341,
FD004,60,102,7.403,
FD004,60,103,9.7848,
FD004,60,104,8.5207,
FD004,60,105,8.4925,
FD004,60,106,9.1208,
FD004,60,107,14.05,
FD004,60,108,8.6982,
FD004,60,109,10.9567,
FD004,60,110,7.8457,
FD004,60,111,7.9832,
FD004,60,112,7.04,
FD004,60,113,10.0695,
FD004,60,114,8.6804,
FD004,60,115,9.9674,
FD004,60,116,9.5618,
FD004,60,117,9.2611,
FD004,60,118,10.3638,
FD004,60,119,10.6216,
FD004,60,120,13.5053,
FD004,60,121,10.1578,
FD004,60,122,11.4997,
FD004,60,123,10.3571,
FD004,60,124,11.4187,
FD004,60,125,11.6168,
FD004,60,126,11.0945,
FD004,60,127,11.0255,
FD004,60,128,11.7182,
FD004,60,129,11.7997,
FD004,60,130,8.8031,
FD004,60,131,9.7817,
FD004,60,132,8.396,
FD004,60,133,8.495,
FD004,60,134,8.6612,
FD004,60,135,7.4528,
FD004,61,1,0.0,
FD004,61,2,0.0,
FD004,61,3,0.0,
FD004,61,4,0.0,
FD004,61,5,0.0,
FD004,61,6,0.0,
FD004,61,7,0.0,
FD004,61,8,0.0,
FD004,61,9,0.0,
FD004,61,10,0.0,
FD004,61,11,0.0,
FD004,61,12,0.0,
FD004,61,13,0.0,
FD004,61,14,0.0,
FD004,61,15,0.0,
FD004,61,16,0.0,
FD004,61,17,0.0,
FD004,61,18,0.0,
FD004,61,19,0.0,
FD004,61,20,0.0,
FD004,61,21,0.0,
FD004,61,22,0.0,
FD004,61,23,0.0,
FD004,61,24,0.0,
FD004,61,25,0.0,
FD004,61,26,0.0,
FD004,61,27,0.0,
FD004,61,28,0.0,
FD004,61,29,0.0,
FD004,61,30,0.0,
FD004,61,31,0.0,
FD004,61,32,0.0,
FD004,61,33,0.0,
FD004,61,34,0.0,
FD004,61,35,0.0,
FD004,61,36,0.0,
FD004,61,37,0.0,
FD004,61,38,0.0,
FD004,61,39,0.0,
FD004,61,40,0.0,
FD004,61,41,0.0,
FD004,61,42,0.0,
FD004,61,43,0.0,
FD004,61,44,0.0,
FD004,61,45,0.0,
FD004,61,46,0.0,
FD004,61,47,0.0,
FD004,61,48,0.0,
FD004,61,49,0.0,
FD004,61,50,7.6763,
FD004,61,51,7.2427,
FD004,61,52,7.5762,
FD004,61,53,6.9089,
FD004,61,54,7.5652,
FD004,61,55,7.9511,
FD004,61,56,6.9859,
FD004,61,57,7.2957,
FD004,61,58,6.9348,
FD004,61,59,6.9293,
FD004,61,60,8.0017,
FD004,61,61,8.3412,
FD004,61,62,11.1089,
FD004,61,63,9.5751,
FD004,61,64,9.782,
FD004,61,65,8.8564,
FD004,61,66,12.7482,
FD004,61,67,14.557,
FD004,61,68,13.0749,
FD004,61,69,13.3163,
FD004,61,70,13.4125,
FD004,61,71,9.8884,
FD004,61,72,8.9539,
FD004,61,73,8.4604,
FD004,61,74,8.1574,
FD004,61,75,7.3108,
FD004,61,76,7.525,
FD004,61,77,7.2828,
FD004,61,78,7.2144,
FD004,61,79,5.9473,
FD004,61,80,7.884,
FD004,61,81,6.2832,
FD004,61,82,8.3149,
FD004,61,83,9.0575,
FD004,61,84,9.5259,
FD004,61,85,8.933,
FD004,61,86,7.2543,
FD004,61,87,6.974,
FD004,61,88,7.2721,
FD004,61,89,6.5173,
FD004,61,90,7.0795,
FD004,61,91,7.3902,
FD004,61,92,5.8998,
FD004,61,93,6.583,
FD004,61,94,5.6848,
FD004,61,95,6.2865,
FD004,61,96,6.8975,
FD004,61,97,5.8873,
FD004,61,98,6.3327,
FD004,61,99,7.2576,
FD004,61,100,7.6005,
FD004,61,101,7.2715,
FD004,61,102,8.9024,
FD004,61,103,8.5291,
FD004,61,104,10.077,
FD004,61,105,14.9398,
FD004,61,106,7.6505,
FD004,61,107,5.7668,
FD004,61,108,7.0563,
FD004,61,109,7.7714,
FD004,61,110,8.4761,
FD004,61,111,9.2621,
FD004,61,112,8.1137,
FD004,61,113,8.2169,
FD004,61,114,8.5465,
FD004,61,115,7.516,
FD004,61,116,8.2155,
FD004,61,117,8.4388,
FD004,61,118,12.4027,
FD004,61,119,13.8787,
FD004,61,120,14.4746,
FD004,61,121,19.9877,
FD004,61,122,14.8488,
FD004,61,123,18.8154,
FD004,61,124,12.3762,
FD004,61,125,9.7544,
FD004,61,126,8.2944,
FD004,61,127,8.9654,
FD004,61,128,9.1083,
FD004,61,129,9.8826,
FD004,61,130,9.6837,
FD004,61,131,10.4708,
FD004,61,132,9.9999,
FD004,61,133,12.2741,
FD004,61,134,12.9574,
FD004,61,135,13.6098,
FD004,61,136,15.8628,
FD004,61,137,19.2699,
FD004,61,138,16.1797,
FD004,61,139,16.855,
FD004,61,140,15.2001,
FD004,61,141,12.0656,
FD004,61,142,14.0656,
FD004,61,143,12.9942,
FD004,61,144,11.1305,
FD004,61,145,10.4421,
FD004,61,146,9.3795,
FD004,61,147,8.474,
FD004,61,148,6.8706,
FD004,61,149,5.6446,
FD004,61,150,5.8748,
FD004,61,151,7.2611,
FD004,61,152,5.4321,
FD004,61,153,5.5896,
FD004,61,154,11.5489,
FD004,61,155,12.1553,
FD004,61,156,13.8626,
FD004,61,157,15.7762,
FD004,61,158,8.9556,
FD004,61,159,8.9846,
FD004,61,160,10.2507,
FD004,61,161,10.4114,
FD004,61,162,16.7738,
FD004,61,163,10.2031,
FD004,61,164,12.0681,
FD004,61,165,11.5036,
FD004,61,166,10.4109,
FD004,61,167,11.6852,
FD004,61,168,11.5669,
FD004,61,169,7.7128,
FD004,61,170,11.0022,
FD004,61,171,13.0235,
FD004,61,172,12.5199,
FD004,61,173,12.0042,
FD004,61,174,10.3313,
FD004,61,175,10.6707,
FD004,61,176,8.826,
FD004,61,177,9.2382,
FD004,61,178,9.2109,
FD004,61,179,9.2351,
FD004,61,180,8.8673,
FD004,61,181,9.5069,
FD004,61,182,10.3453,
FD004,61,183,10.5867,
FD004,61,184,9.3154,
FD004,61,185,9.1572,
FD004,61,186,9.5201,
FD004,61,187,5.7085,
FD004,61,188,6.1217,
FD004,61,189,5.8664,
FD004,61,190,5.4244,
FD004,61,191,4.7588,
FD004,61,192,7.005,
FD004,61,193,6.4207,
FD004,61,194,5.7203,
FD004,61,195,5.768,
FD004,61,196,7.4071,
FD004,61,197,6.8296,
FD004,61,198,8.4668,
FD004,61,199,6.3478,
FD004,61,200,8.0799,
FD004,61,201,6.0648,
FD004,61,202,8.0375,
FD004,61,203,8.477,
FD004,61,204,10.9817,
FD004,61,205,9.7787,
FD004,61,206,8.9229,
FD004,61,207,6.4988,
FD004,61,208,7.9701,
FD004,61,209,7.7024,
FD004,61,210,9.78,
FD004,61,211,10.6326,
FD004,61,212,8.0588,
FD004,61,213,7.9418,
FD004,61,214,8.8337,
FD004,61,215,8.6128,
FD004,61,216,13.0586,
FD004,61,217,13.2475,
FD004,61,218,14.3427,
FD004,61,219,17.9615,
FD004,61,220,8.4416,
FD004,61,221,4.2964,
FD004,61,222,7.5625,
FD004,61,223,9.2629,
FD004,61,224,7.8381,
FD004,61,225,8.0055,
FD004,61,226,6.4162,
FD004,61,227,8.0296,
FD004,61,228,8.053,
FD004,61,229,9.0798,
FD004,61,230,11.1963,
FD004,61,231,9.8429,
FD004,61,232,8.7994,
FD004,61,233,6.653,
FD004,61,234,7.5405,
FD004,61,235,11.018,
FD004,61,236,8.5376,
FD004,61,237,8.4547,
FD004,61,238,7.296,
FD004,61,239,7.9522,
FD004,61,240,7.5272,
FD004,61,241,6.4929,
FD004,61,242,10.3777,
FD004,61,243,10.4574,
FD004,61,244,7.7662,
FD004,61,245,8.2564,
FD004,61,246,9.8889,
FD004,61,247,9.5102,
FD004,61,248,9.8468,
FD004,61,249,9.6924,
FD004,61,250,10.2723,
FD004,61,251,11.223,
FD004,61,252,12.6725,
FD004,61,253,9.1592,
FD004,61,254,10.7713,
FD004,61,255,10.3574,
FD004,61,256,11.6962,
FD004,61,257,11.1724,
FD004,61,258,9.0591,
FD004,61,259,9.5566,
FD004,61,260,9.7717,
FD004,61,261,9.5068,
FD004,61,262,5.6414,
FD004,61,263,8.5875,
FD004,61,264,7.3265,
FD004,61,265,14.7459,
FD004,61,266,12.1328,
FD004,61,267,13.1525,
FD004,61,268,7.9508,
FD004,61,269,12.2817,
FD004,61,270,11.8031,
FD004,61,271,11.9993,
FD004,61,272,9.6078,
FD004,61,273,8.1797,
FD004,61,274,13.1657,
FD004,61,275,10.887,
FD004,61,276,9.646,
FD004,61,277,10.3206,
FD004,61,278,12.8128,
FD004,61,279,13.3963,
FD004,61,280,11.4481,
FD004,61,281,11.2436,
FD004,61,282,8.1706,
FD004,61,283,10.4716,
FD004,61,284,11.2296,
FD004,61,285,8.0048,
FD004,61,286,6.8875,
FD004,61,287,8.4557,
FD004,61,288,6.7522,
FD004,61,289,6.9347,
FD004,61,290,8.6452,
FD004,61,291,9.4312,
FD004,61,292,10.1372,
FD004,61,293,8.8866,
FD004,61,294,8.0381,
FD004,61,295,8.3637,
FD004,61,296,6.8462,
FD004,61,297,7.1462,
FD004,61,298,7.1633,
FD004,61,299,6.7885,
FD004,61,300,8.0084,
FD004,61,301,8.4415,
FD004,61,302,8.3002,
FD004,61,303,9.229,
FD004,61,304,7.499,
FD004,61,305,7.0598,
FD004,61,306,7.8377,
FD004,61,307,7.5375,
FD004,61,308,7.742,
FD004,61,309,7.2149,
FD004,61,310,7.6767,
FD004,61,311,6.6088,
FD004,61,312,4.4617,
FD004,61,313,5.7634,
FD004,61,314,5.6189,
FD004,61,315,5.8796,
FD004,61,316,5.7434,
FD004,61,317,4.6886,
FD004,61,318,4.2321,
FD004,61,319,6.8866,
FD004,61,320,7.7982,
FD004,61,321,8.4954,
FD004,61,322,9.689,
FD004,61,323,8.9192,
FD004,61,324,9.2997,
FD004,61,325,6.1955,
FD004,61,326,9.6739,
FD004,61,327,10.5871,
FD004,61,328,12.116,
FD004,61,329,12.4408,
FD004,61,330,6.4095,
FD004,61,331,7.9807,
FD004,61,332,8.1575,
FD004,61,333,8.8119,
FD004,61,334,11.0697,
FD004,61,335,10.4367,
FD004,61,336,11.9889,
FD004,61,337,9.1908,
FD004,61,338,7.6574,
FD004,61,339,9.6658,
FD004,61,340,9.4423,
FD004,61,341,8.5567,
FD004,61,342,13.8965,
FD004,61,343,13.1793,
FD004,61,344,9.3403,
FD004,61,345,9.3932,
FD004,61,346,13.9421,
FD004,61,347,11.5112,
FD004,61,348,11.4679,
FD004,61,349,11.5147,
FD004,61,350,10.2209,
FD004,61,351,11.1052,
FD004,61,352,8.5085,
FD004,61,353,8.3489,
FD004,61,354,8.244,
FD004,61,355,9.7183,
FD004,61,356,9.6083,
FD004,61,357,13.6421,
FD004,61,358,13.2216,
FD004,61,359,13.1842,
FD004,61,360,11.5864,
FD004,61,361,13.1103,
FD004,61,362,12.8534,
FD004,61,363,16.549,
FD004,61,364,10.5654,
FD004,61,365,8.4425,
FD004,61,366,13.6948,
FD004,61,367,12.2526,
FD004,61,368,15.0719,
FD004,61,369,16.5224,
FD004,61,370,16.1336,
FD004,61,371,16.0654,
FD004,61,372,16.4483,
FD004,61,373,17.4468,
FD004,61,374,19.3282,
FD004,61,375,18.6239,
FD004,61,376,17.5773,
FD004,61,377,17.4475,
FD004,61,378,15.1467,
FD004,61,379,15.5469,
FD004,61,380,14.5864,
FD004,61,381,11.6378,
FD004,61,382,10.9326,
FD004,61,383,9.2723,
FD004,61,384,8.0331,
FD004,61,385,9.902,
FD004,61,386,6.4541,
FD004,61,387,6.5572,
FD004,61,388,7.483,
FD004,61,389,8.1648,
FD004,61,390,8.2967,
FD004,61,391,8.9091,
FD004,61,392,9.2663,
FD004,61,393,9.616,
FD004,61,394,11.8211,
FD004,61,395,10.5266,
FD004,61,396,11.1875,
FD004,62,1,0.0,
FD004,62,2,0.0,
FD004,62,3,0.0,
FD004,62,4,0.0,
FD004,62,5,0.0,
FD004,62,6,0.0,
FD004,62,7,0.0,
FD004,62,8,0.0,
FD004,62,9,0.0,
FD004,62,10,0.0,
FD004,62,11,0.0,
FD004,62,12,0.0,
FD004,62,13,0.0,
FD004,62,14,0.0,
FD004,62,15,0.0,
FD004,62,16,0.0,
FD004,62,17,0.0,
FD004,62,18,0.0,
FD004,62,19,0.0,
FD004,62,20,0.0,
FD004,62,21,0.0,
FD004,62,22,0.0,
FD004,62,23,0.0,
FD004,62,24,0.0,
FD004,62,25,0.0,
FD004,62,26,0.0,
FD004,62,27,0.0,
FD004,62,28,0.0,
FD004,62,29,0.0,
FD004,62,30,0.0,
FD004,62,31,0.0,
FD004,62,32,0.0,
FD004,62,33,0.0,
FD004,62,34,0.0,
FD004,62,35,0.0,
FD004,62,36,0.0,
FD004,62,37,0.0,
FD004,62,38,0.0,
FD004,62,39,0.0,
FD004,62,40,0.0,
FD004,62,41,0.0,
FD004,62,42,0.0,
FD004,62,43,0.0,
FD004,62,44,0.0,
FD004,62,45,0.0,
FD004,62,46,0.0,
FD004,62,47,0.0,
FD004,62,48,0.0,
FD004,62,49,0.0,
FD004,62,50,10.4749,
FD004,62,51,9.2726,
FD004,62,52,6.8763,
FD004,62,53,6.5336,
FD004,62,54,8.6897,
FD004,62,55,6.4979,
FD004,62,56,5.8262,
FD004,62,57,5.4791,
FD004,62,58,6.2303,
FD004,62,59,6.389,
FD004,62,60,5.5611,
FD004,62,61,5.4192,
FD004,62,62,6.2048,
FD004,62,63,5.0226,
FD004,62,64,7.5939,
FD004,62,65,11.3795,
FD004,62,66,9.7618,
FD004,62,67,9.0558,
FD004,62,68,12.2136,
FD004,62,69,13.5354,
FD004,62,70,11.2423,
FD004,62,71,11.4095,
FD004,62,72,11.1311,
FD004,62,73,12.5959,
FD004,62,74,10.6288,
FD004,62,75,10.709,
FD004,62,76,10.2496,
FD004,62,77,11.1901,
FD004,62,78,11.0224,
FD004,62,79,12.2295,
FD004,62,80,12.7737,
FD004,62,81,11.9088,
FD004,62,82,12.9011,
FD004,62,83,13.2555,
FD004,62,84,13.1721,
FD004,62,85,13.1801,
FD004,62,86,14.7011,
FD004,62,87,13.5445,
FD004,62,88,13.7381,
FD004,62,89,13.4314,
FD004,62,90,13.3598,
FD004,62,91,14.0238,
FD004,62,92,9.8509,
FD004,62,93,9.3056,
FD004,62,94,9.4802,
FD004,62,95,11.4324,
FD004,62,96,9.743,
FD004,62,97,8.0973,
FD004,62,98,8.7767,
FD004,62,99,8.4775,
FD004,62,100,8.7191,
FD004,62,101,7.0234,
FD004,62,102,10.9713,
FD004,62,103,16.0734,
FD004,62,104,12.8691,
FD004,62,105,12.6149,
FD004,62,106,11.7001,
FD004,62,107,10.3583,
FD004,62,108,10.2016,
FD004,62,109,10.0561,
FD004,62,110,6.2731,
FD004,62,111,8.1016,
FD004,62,112,7.9359,
FD004,62,113,15.452,
FD004,62,114,10.9627,
FD004,62,115,9.1823,
FD004,62,116,6.0102,
FD004,62,117,4.4658,
FD004,62,118,4.4929,
FD004,62,119,4.6664,
FD004,62,120,3.4438,
FD004,62,121,3.6305,
FD004,62,122,10.9291,
FD004,62,123,6.4318,
FD004,62,124,5.9748,
FD004,62,125,5.6449,
FD004,62,126,5.786,
FD004,62,127,9.805,
FD004,62,128,15.1448,
FD004,62,129,13.5374,
FD004,62,130,14.396,
FD004,62,131,14.6028,
FD004,62,132,10.1312,
FD004,62,133,5.4648,
FD004,62,134,7.7639,
FD004,62,135,8.9005,
FD004,62,136,8.5479,
FD004,62,137,8.615,
FD004,62,138,8.5318,
FD004,62,139,8.6102,
FD004,62,140,9.1332,
FD004,62,141,8.8378,
FD004,62,142,9.5022,
FD004,62,143,9.236,
FD004,62,144,8.6731,
FD004,62,145,8.0835,
FD004,62,146,8.6794,
FD004,62,147,9.2146,
FD004,62,148,9.4318,
FD004,62,149,9.5259,
FD004,62,150,9.567,
FD004,62,151,9.1016,
FD004,62,152,8.6596,
FD004,62,153,8.976,
FD004,62,154,8.8339,
FD004,62,155,10.6302,
FD004,62,156,10.8758,
FD004,62,157,11.7352,
FD004,62,158,9.5892,
FD004,62,159,9.2079,
FD004,62,160,13.6512,
FD004,62,161,18.5969,
FD004,62,162,12.2588,
FD004,62,163,11.904,
FD004,62,164,8.5736,
FD004,62,165,10.0199,
FD004,62,166,9.8808,
FD004,62,167,10.1661,
FD004,62,168,9.4663,
FD004,62,169,9.1515,
FD004,62,170,11.654,
FD004,62,171,11.2536,
FD004,62,172,9.3359,
FD004,62,173,10.2509,
FD004,62,174,8.935,
FD004,62,175,10.5629,
FD004,62,176,9.7974,
FD004,62,177,10.2799,
FD004,62,178,10.4439,
FD004,62,179,11.676,
FD004,62,180,11.173,
FD004,62,181,11.8139,
FD004,62,182,10.5559,
FD004,62,183,12.0462,
FD004,62,184,11.2758,
FD004,62,185,10.7138,
FD004,62,186,9.6418,
FD004,62,187,11.8938,
FD004,62,188,9.6044,
FD004,62,189,8.7492,
FD004,62,190,9.2002,
FD004,62,191,7.7232,
FD004,62,192,9.6075,
FD004,62,193,9.0021,
FD004,62,194,9.673,
FD004,62,195,11.8397,
FD004,62,196,10.3848,
FD004,62,197,13.6697,
FD004,62,198,14.1736,
FD004,62,199,17.7986,
FD004,62,200,16.2063,
FD004,62,201,17.9556,
FD004,62,202,14.2783,
FD004,62,203,14.9203,
FD004,62,204,14.593,
FD004,62,205,13.314,
FD004,62,206,13.7421,
FD004,62,207,9.6279,
FD004,62,208,10.9447,
FD004,62,209,9.9842,
FD004,62,210,8.8111,
FD004,62,211,10.4065,
FD004,62,212,12.1061,
FD004,62,213,10.3925,
FD004,62,214,8.4976,
FD004,62,215,9.4917,
FD004,62,216,6.2274,
FD004,62,217,6.7906,
FD004,62,218,7.2132,
FD004,62,219,5.9548,
FD004,62,220,7.8889,
FD004,62,221,9.5286,
FD004,62,222,10.3702,
FD004,62,223,10.1651,
FD004,62,224,10.5173,
FD004,62,225,10.6947,
FD004,62,226,10.9471,
FD004,62,227,6.3175,
FD004,62,228,9.7055,
FD004,62,229,12.5021,
FD004,62,230,10.1233,
FD004,62,231,8.6103,
FD004,62,232,9.2088,
FD004,62,233,11.7746,
FD004,62,234,15.2712,
FD004,62,235,9.066,
FD004,62,236,7.8157,
FD004,62,237,8.9256,
FD004,62,238,8.8984,
FD004,62,239,8.7376,
FD004,62,240,9.1524,
FD004,63,1,0.0,
FD004,63,2,0.0,
FD004,63,3,0.0,
FD004,63,4,0.0,
FD004,63,5,0.0,
FD004,63,6,0.0,
FD004,63,7,0.0,
FD004,63,8,0.0,
FD004,63,9,0.0,
FD004,63,10,0.0,
FD004,63,11,0.0,
FD004,63,12,0.0,
FD004,63,13,0.0,
FD004,63,14,0.0,
FD004,63,15,0.0,
FD004,63,16,0.0,
FD004,63,17,0.0,
FD004,63,18,0.0,
FD004,63,19,0.0,
FD004,63,20,0.0,
FD004,63,21,0.0,
FD004,63,22,0.0,
FD004,63,23,0.0,
FD004,63,24,0.0,
FD004,63,25,0.0,
FD004,63,26,0.0,
FD004,63,27,0.0,
FD004,63,28,0.0,
FD004,63,29,0.0,
FD004,63,30,0.0,
FD004,63,31,0.0,
FD004,63,32,0.0,
FD004,63,33,0.0,
FD004,63,34,0.0,
FD004,63,35,0.0,
FD004,63,36,0.0,
FD004,63,37,0.0,
FD004,63,38,0.0,
FD004,63,39,0.0,
FD004,63,40,0.0,
FD004,63,41,0.0,
FD004,63,42,0.0,
FD004,63,43,0.0,
FD004,63,44,0.0,
FD004,63,45,0.0,
FD004,63,46,0.0,
FD004,63,47,0.0,
FD004,63,48,0.0,
FD004,63,49,0.0,
FD004,63,50,5.8593,
FD004,63,51,5.553,
FD004,63,52,4.7134,
FD004,63,53,6.3157,
FD004,63,54,7.3668,
FD004,63,55,7.3519,
FD004,63,56,7.0696,
FD004,63,57,6.4548,
FD004,63,58,6.475,
FD004,63,59,6.6635,
FD004,63,60,7.0432,
FD004,63,61,7.9547,
FD004,63,62,6.4147,
FD004,63,63,6.0181,
FD004,63,64,6.6867,
FD004,63,65,5.8991,
FD004,63,66,11.2135,
FD004,63,67,12.2977,
FD004,63,68,12.3455,
FD004,63,69,11.6812,
FD004,63,70,10.5451,
FD004,63,71,10.3516,
FD004,63,72,10.5824,
FD004,63,73,10.1475,
FD004,63,74,10.8839,
FD004,63,75,10.5627,
FD004,63,76,9.0937,
FD004,63,77,9.2039,
FD004,63,78,8.7071,
FD004,63,79,8.2816,
FD004,63,80,6.903,
FD004,63,81,10.1921,
FD004,63,82,8.9753,
FD004,63,83,8.7088,
FD004,63,84,8.103,
FD004,63,85,8.4705,
FD004,63,86,9.0027,
FD004,63,87,8.919,
FD004,63,88,11.8592,
FD004,63,89,11.2458,
FD004,63,90,12.0419,
FD004,63,91,11.6493,
FD004,63,92,11.9527,
FD004,63,93,11.8649,
FD004,63,94,11.7554,
FD004,63,95,10.424,
FD004,63,96,10.96,
FD004,63,97,10.2552,
FD004,63,98,8.9848,
FD004,63,99,9.7009,
FD004,63,100,8.3223,
FD004,63,101,7.2099,
FD004,63,102,9.4863,
FD004,63,103,8.7004,
FD004,63,104,7.322,
FD004,63,105,7.8547,
FD004,63,106,5.867,
FD004,63,107,5.9766,
FD004,63,108,6.3813,
FD004,63,109,6.0974,
FD004,63,110,5.3918,
FD004,63,111,5.3519,
FD004,63,112,5.251,
FD004,63,113,5.5273,
FD004,63,114,6.1407,
FD004,63,115,6.031,
FD004,63,116,8.0786,
FD004,63,117,9.8634,
FD004,63,118,8.8159,
FD004,63,119,9.9037,
FD004,63,120,7.9376,
FD004,63,121,12.7797,
FD004,63,122,14.3762,
FD004,63,123,15.3542,
FD004,63,124,16.5741,
FD004,63,125,15.458,
FD004,63,126,14.6994,
FD004,63,127,15.4587,
FD004,63,128,14.5172,
FD004,63,129,13.1946,
FD004,63,130,8.6837,
FD004,63,131,7.9728,
FD004,63,132,10.4105,
FD004,63,133,12.0672,
FD004,63,134,10.0087,
FD004,63,135,12.7504,
FD004,63,136,8.2708,
FD004,63,137,7.997,
FD004,63,138,8.1073,
FD004,63,139,7.9532,
FD004,63,140,8.3988,
FD004,63,141,6.8419,
FD004,63,142,5.8894,
FD004,63,143,8.8773,
FD004,63,144,6.8789,
FD004,63,145,6.6229,
FD004,63,146,7.6472,
FD004,63,147,6.9592,
FD004,63,148,5.6516,
FD004,63,149,9.5571,
FD004,63,150,7.6494,
FD004,63,151,8.4034,
FD004,63,152,8.3961,
FD004,63,153,9.4069,
FD004,63,154,12.5971,
FD004,63,155,9.5856,
FD004,63,156,9.6921,
FD004,63,157,10.2662,
FD004,63,158,9.8209,
FD004,64,1,0.0,
FD004,64,2,0.0,
FD004,64,3,0.0,
FD004,64,4,0.0,
FD004,64,5,0.0,
FD004,64,6,0.0,
FD004,64,7,0.0,
FD004,64,8,0.0,
FD004,64,9,0.0,
FD004,64,10,0.0,
FD004,64,11,0.0,
FD004,64,12,0.0,
FD004,64,13,0.0,
FD004,64,14,0.0,
FD004,64,15,0.0,
FD004,64,16,0.0,
FD004,64,17,0.0,
FD004,64,18,0.0,
FD004,64,19,0.0,
FD004,64,20,0.0,
FD004,64,21,0.0,
FD004,64,22,0.0,
FD004,64,23,0.0,
FD004,64,24,0.0,
FD004,64,25,0.0,
FD004,64,26,0.0,
FD004,64,27,0.0,
FD004,64,28,0.0,
FD004,64,29,0.0,
FD004,64,30,0.0,
FD004,64,31,0.0,
FD004,64,32,0.0,
FD004,64,33,0.0,
FD004,64,34,0.0,
FD004,64,35,0.0,
FD004,64,36,0.0,
FD004,64,37,0.0,
FD004,64,38,0.0,
FD004,64,39,0.0,
FD004,64,40,0.0,
FD004,64,41,0.0,
FD004,64,42,0.0,
FD004,64,43,0.0,
FD004,64,44,0.0,
FD004,64,45,0.0,
FD004,64,46,0.0,
FD004,64,47,0.0,
FD004,64,48,0.0,
FD004,64,49,0.0,
FD004,64,50,6.5253,
FD004,64,51,9.6937,
FD004,64,52,7.592,
FD004,64,53,7.6669,
FD004,64,54,8.5958,
FD004,64,55,7.2248,
FD004,64,56,8.386,
FD004,64,57,8.5669,
FD004,64,58,9.6129,
FD004,64,59,9.8149,
FD004,64,60,8.2261,
FD004,64,61,8.0798,
FD004,64,62,10.6011,
FD004,64,63,9.3218,
FD004,64,64,9.7544,
FD004,64,65,10.0234,
FD004,64,66,9.3685,
FD004,64,67,9.1969,
FD004,64,68,8.8762,
FD004,64,69,8.7048,
FD004,64,70,8.0497,
FD004,64,71,8.4367,
FD004,64,72,9.1156,
FD004,64,73,10.4564,
FD004,64,74,15.8979,
FD004,64,75,14.8281,
FD004,64,76,14.7236,
FD004,64,77,19.4883,
FD004,64,78,14.842,
FD004,64,79,15.0023,
FD004,64,80,13.9635,
FD004,64,81,14.1384,
FD004,64,82,12.0324,
FD004,64,83,8.4203,
FD004,64,84,9.564,
FD004,64,85,9.2151,
FD004,64,86,7.8715,
FD004,64,87,7.759,
FD004,64,88,7.4486,
FD004,64,89,7.6258,
FD004,64,90,8.6527,
FD004,64,91,8.4124,
FD004,64,92,8.3111,
FD004,64,93,7.7738,
FD004,64,94,8.0153,
FD004,64,95,8.2473,
FD004,64,96,9.6939,
FD004,64,97,11.5202,
FD004,64,98,13.8804,
FD004,64,99,13.4188,
FD004,64,100,13.9073,
FD004,64,101,12.8727,
FD004,64,102,13.5568,
FD004,64,103,11.442,
FD004,64,104,11.7561,
FD004,64,105,10.6471,
FD004,64,106,10.4609,
FD004,64,107,10.4828,
FD004,64,108,9.291,
FD004,64,109,9.3385,
FD004,64,110,10.1808,
FD004,64,111,9.4565,
FD004,64,112,10.1748,
FD004,64,113,11.8263,
FD004,64,114,13.6531,
FD004,64,115,16.1757,
FD004,64,116,12.2146,
FD004,64,117,20.6591,
FD004,64,118,9.9532,
FD004,64,119,10.5153,
FD004,64,120,10.4898,
FD004,64,121,10.3935,
FD004,64,122,9.8279,
FD004,64,123,9.9035,
FD004,64,124,7.5859,
FD004,64,125,8.0319,
FD004,64,126,7.376,
FD004,64,127,7.572,
FD004,64,128,7.9133,
FD004,64,129,8.6093,
FD004,64,130,10.2609,
FD004,64,131,9.8357,
FD004,64,132,10.2637,
FD004,64,133,10.0622,
FD004,64,134,15.0223,
FD004,64,135,16.0949,
FD004,64,136,12.4577,
FD004,64,137,10.661,
FD004,64,138,12.1341,
FD004,64,139,11.9847,
FD004,64,140,10.5914,
FD004,64,141,11.0291,
FD004,64,142,10.6446,
FD004,64,143,10.0434,
FD004,64,144,10.4881,
FD004,64,145,8.9884,
FD004,64,146,14.6629,
FD004,64,147,11.7197,
FD004,64,148,10.7351,
FD004,64,149,9.514,
FD004,64,150,8.6343,
FD004,64,151,10.7956,
FD004,64,152,10.2363,
FD004,64,153,11.5743,
FD004,64,154,11.4717,
FD004,64,155,8.3696,
FD004,64,156,8.5252,
FD004,64,157,10.2339,
FD004,64,158,8.9839,
FD004,64,159,8.7686,
FD004,64,160,9.3148,
FD004,64,161,10.4584,
FD004,64,162,9.4263,
FD004,64,163,10.1075,
FD004,64,164,9.4421,
FD004,64,165,11.9333,
FD004,64,166,10.598,
FD004,64,167,10.4354,
FD004,64,168,9.0699,
FD004,64,169,9.4645,
FD004,64,170,8.6918,
FD004,64,171,8.8547,
FD004,64,172,8.7832,
FD004,64,173,8.8583,
FD004,64,174,9.2971,
FD004,64,175,8.8821,
FD004,64,176,8.4463,
FD004,64,177,15.5327,
FD004,64,178,10.2311,
FD004,64,179,8.3493,
FD004,64,180,8.1527,
FD004,64,181,10.1213,
FD004,64,182,8.907,
FD004,64,183,10.2665,
FD004,64,184,8.9699,
FD004,64,185,8.9522,
FD004,64,186,9.898,
FD004,64,187,8.4038,
FD004,64,188,9.9564,
FD004,64,189,9.547,
FD004,64,190,14.1355,
FD004,64,191,12.0488,
FD004,64,192,12.2692,
FD004,64,193,11.6738,
FD004,64,194,11.1785,
FD004,64,195,11.0519,
FD004,64,196,11.2306,
FD004,64,197,10.7775,
FD004,64,198,11.0049,
FD004,64,199,10.7068,
FD004,64,200,8.5753,
FD004,64,201,9.4001,
FD004,64,202,8.2816,
FD004,64,203,9.6818,
FD004,64,204,8.7318,
FD004,64,205,8.8068,
FD004,64,206,9.0471,
FD004,64,207,7.2234,
FD004,64,208,7.9007,
FD004,64,209,7.2404,
FD004,64,210,7.3799,
FD004,64,211,6.4905,
FD004,64,212,8.8277,
FD004,64,213,8.232,
FD004,64,214,9.0872,
FD004,64,215,5.7955,
FD004,64,216,7.2084,
FD004,64,217,7.7912,
FD004,64,218,8.2096,
FD004,64,219,8.6353,
FD004,64,220,7.8464,
FD004,64,221,8.1845,
FD004,64,222,7.6154,
FD004,64,223,7.7321,
FD004,64,224,8.0761,
FD004,64,225,9.2828,
FD004,64,226,9.7254,
FD004,64,227,10.0737,
FD004,64,228,8.6897,
FD004,64,229,9.4419,
FD004,64,230,10.3065,
FD004,64,231,9.4817,
FD004,64,232,10.4968,
FD004,64,233,11.3584,
FD004,64,234,10.8747,
FD004,64,235,11.9909,
FD004,64,236,13.2005,
FD004,64,237,12.7468,
FD004,64,238,13.4475,
FD004,64,239,13.584,
FD004,64,240,19.5899,
FD004,64,241,15.2027,
FD004,64,242,15.967,
FD004,64,243,15.6219,
FD004,64,244,14.8435,
FD004,64,245,16.4013,
FD004,64,246,18.7902,
FD004,64,247,18.252,
FD004,64,248,20.0822,
FD004,64,249,19.9387,
FD004,64,250,19.933,
FD004,64,251,18.4644,
FD004,65,1,0.0,
FD004,65,2,0.0,
FD004,65,3,0.0,
FD004,65,4,0.0,
FD004,65,5,0.0,
FD004,65,6,0.0,
FD004,65,7,0.0,
FD004,65,8,0.0,
FD004,65,9,0.0,
FD004,65,10,0.0,
FD004,65,11,0.0,
FD004,65,12,0.0,
FD004,65,13,0.0,
FD004,65,14,0.0,
FD004,65,15,0.0,
FD004,65,16,0.0,
FD004,65,17,0.0,
FD004,65,18,0.0,
FD004,65,19,0.0,
FD004,65,20,0.0,
FD004,65,21,0.0,
FD004,65,22,0.0,
FD004,65,23,0.0,
FD004,65,24,0.0,
FD004,65,25,0.0,
FD004,65,26,0.0,
FD004,65,27,0.0,
FD004,65,28,0.0,
FD004,65,29,0.0,
FD004,65,30,0.0,
FD004,65,31,0.0,
FD004,65,32,0.0,
FD004,65,33,0.0,
FD004,65,34,0.0,
FD004,65,35,0.0,
FD004,65,36,0.0,
FD004,65,37,0.0,
FD004,65,38,0.0,
FD004,65,39,0.0,
FD004,65,40,0.0,
FD004,65,41,0.0,
FD004,65,42,0.0,
FD004,65,43,0.0,
FD004,65,44,0.0,
FD004,65,45,0.0,
FD004,65,46,0.0,
FD004,65,47,0.0,
FD004,65,48,0.0,
FD004,65,49,0.0,
FD004,65,50,8.1097,
FD004,65,51,7.0847,
FD004,65,52,7.4433,
FD004,65,53,8.3721,
FD004,65,54,10.1095,
FD004,65,55,11.13,
FD004,65,56,7.9226,
FD004,65,57,14.8661,
FD004,65,58,9.2426,
FD004,65,59,9.2458,
FD004,65,60,7.9034,
FD004,65,61,7.4422,
FD004,65,62,8.3081,
FD004,65,63,9.2679,
FD004,65,64,9.6508,
FD004,65,65,6.8823,
FD004,65,66,8.8038,
FD004,65,67,9.9904,
FD004,65,68,10.6411,
FD004,65,69,6.865,
FD004,65,70,10.6075,
FD004,65,71,9.8402,
FD004,65,72,11.0404,
FD004,65,73,8.2492,
FD004,65,74,10.244,
FD004,65,75,9.5043,
FD004,65,76,8.2751,
FD004,65,77,6.3804,
FD004,65,78,7.3722,
FD004,65,79,11.1538,
FD004,65,80,12.0202,
FD004,65,81,11.865,
FD004,65,82,12.2682,
FD004,65,83,7.3211,
FD004,65,84,11.402,
FD004,65,85,9.6267,
FD004,65,86,8.3671,
FD004,65,87,7.2583,
FD004,65,88,8.1688,
FD004,65,89,6.5978,
FD004,65,90,6.4863,
FD004,65,91,6.7721,
FD004,65,92,6.8919,
FD004,65,93,6.9532,
FD004,65,94,7.8166,
FD004,65,95,12.0902,
FD004,65,96,10.2763,
FD004,65,97,11.0072,
FD004,65,98,12.1795,
FD004,65,99,9.3094,
FD004,65,100,9.7455,
FD004,65,101,9.6573,
FD004,65,102,11.5269,
FD004,65,103,12.2398,
FD004,65,104,14.2668,
FD004,65,105,14.3107,
FD004,65,106,13.9962,
FD004,65,107,14.2869,
FD004,65,108,12.5397,
FD004,65,109,14.1725,
FD004,65,110,12.0263,
FD004,65,111,15.5079,
FD004,65,112,15.4354,
FD004,65,113,14.3181,
FD004,65,114,11.8184,
FD004,65,115,12.2672,
FD004,65,116,8.7349,
FD004,65,117,9.2594,
FD004,65,118,8.9311,
FD004,65,119,7.4241,
FD004,65,120,5.9142,
FD004,65,121,5.4012,
FD004,65,122,4.8418,
FD004,65,123,4.813,
FD004,65,124,6.0115,
FD004,65,125,5.4433,
FD004,65,126,6.4306,
FD004,65,127,6.7466,
FD004,65,128,5.7384,
FD004,65,129,7.2135,
FD004,65,130,7.1255,
FD004,65,131,7.6076,
FD004,65,132,7.4122,
FD004,65,133,7.1139,
FD004,65,134,9.7753,
FD004,65,135,9.4705,
FD004,65,136,9.5857,
FD004,65,137,9.5307,
FD004,65,138,8.2245,
FD004,65,139,7.6979,
FD004,65,140,6.8662,
FD004,65,141,6.821,
FD004,65,142,7.5912,
FD004,65,143,7.6142,
FD004,65,144,8.2499,
FD004,65,145,7.9577,
FD004,65,146,8.4544,
FD004,65,147,8.7451,
FD004,65,148,7.3915,
FD004,65,149,8.1843,
FD004,65,150,9.3208,
FD004,65,151,9.7739,
FD004,65,152,10.6295,
FD004,65,153,10.6056,
FD004,65,154,10.4384,
FD004,65,155,11.8601,
FD004,65,156,6.4538,
FD004,65,157,6.6509,
FD004,65,158,6.9244,
FD004,65,159,7.4598,
FD004,65,160,6.9343,
FD004,65,161,7.3787,
FD004,65,162,6.9308,
FD004,65,163,7.5745,
FD004,65,164,6.6905,
FD004,65,165,6.6618,
FD004,65,166,9.3261,
FD004,65,167,7.856,
FD004,65,168,8.0401,
FD004,65,169,9.2426,
FD004,65,170,7.6294,
FD004,65,171,7.7032,
FD004,65,172,8.4647,
FD004,65,173,9.2474,
FD004,65,174,11.4643,
FD004,65,175,11.7527,
FD004,65,176,10.2101,
FD004,65,177,16.4968,
FD004,65,178,9.4242,
FD004,65,179,8.136,
FD004,65,180,8.2306,
FD004,65,181,8.5496,
FD004,65,182,6.7448,
FD004,65,183,6.946,
FD004,65,184,8.0995,
FD004,65,185,8.0677,
FD004,65,186,11.0362,
FD004,66,1,0.0,
FD004,66,2,0.0,
FD004,66,3,0.0,
FD004,66,4,0.0,
FD004,66,5,0.0,
FD004,66,6,0.0,
FD004,66,7,0.0,
FD004,66,8,0.0,
FD004,66,9,0.0,
FD004,66,10,0.0,
FD004,66,11,0.0,
FD004,66,12,0.0,
FD004,66,13,0.0,
FD004,66,14,0.0,
FD004,66,15,0.0,
FD004,66,16,0.0,
FD004,66,17,0.0,
FD004,66,18,0.0,
FD004,66,19,0.0,
FD004,66,20,0.0,
FD004,66,21,0.0,
FD004,66,22,0.0,
FD004,66,23,0.0,
FD004,66,24,0.0,
FD004,66,25,0.0,
FD004,66,26,0.0,
FD004,66,27,0.0,
FD004,66,28,0.0,
FD004,66,29,0.0,
FD004,66,30,0.0,
FD004,66,31,0.0,
FD004,66,32,0.0,
FD004,66,33,0.0,
FD004,66,34,0.0,
FD004,66,35,0.0,
FD004,66,36,0.0,
FD004,66,37,0.0,
FD004,66,38,0.0,
FD004,66,39,0.0,
FD004,66,40,0.0,
FD004,66,41,0.0,
FD004,66,42,0.0,
FD004,66,43,0.0,
FD004,66,44,0.0,
FD004,66,45,0.0,
FD004,66,46,0.0,
FD004,66,47,0.0,
FD004,66,48,0.0,
FD004,66,49,0.0,
FD004,66,50,11.0082,
FD004,66,51,10.6013,
FD004,66,52,14.8159,
FD004,66,53,15.2034,
FD004,66,54,14.3642,
FD004,66,55,12.4303,
FD004,66,56,8.804,
FD004,66,57,7.9396,
FD004,66,58,7.3004,
FD004,66,59,6.6877,
FD004,66,60,6.2209,
FD004,66,61,7.59,
FD004,66,62,8.7696,
FD004,66,63,6.5734,
FD004,66,64,7.3113,
FD004,66,65,6.9512,
FD004,66,66,6.9344,
FD004,66,67,8.7662,
FD004,66,68,7.9572,
FD004,66,69,11.4597,
FD004,66,70,12.7649,
FD004,66,71,12.4116,
FD004,66,72,13.7679,
FD004,66,73,16.2453,
FD004,66,74,16.5751,
FD004,66,75,16.7207,
FD004,66,76,16.7243,
FD004,66,77,17.6598,
FD004,66,78,17.7989,
FD004,66,79,17.4966,
FD004,66,80,15.8261,
FD004,66,81,14.6327,
FD004,66,82,14.7774,
FD004,66,83,13.7825,
FD004,66,84,12.6538,
FD004,66,85,12.3917,
FD004,66,86,13.4925,
FD004,66,87,11.7933,
FD004,66,88,9.7693,
FD004,66,89,9.8933,
FD004,66,90,9.4461,
FD004,66,91,9.4019,
FD004,66,92,6.2972,
FD004,66,93,6.1712,
FD004,66,94,7.4086,
FD004,66,95,6.167,
FD004,66,96,7.1635,
FD004,66,97,7.9135,
FD004,67,1,0.0,
FD004,67,2,0.0,
FD004,67,3,0.0,
FD004,67,4,0.0,
FD004,67,5,0.0,
FD004,67,6,0.0,
FD004,67,7,0.0,
FD004,67,8,0.0,
FD004,67,9,0.0,
FD004,67,10,0.0,
FD004,67,11,0.0,
FD004,67,12,0.0,
FD004,67,13,0.0,
FD004,67,14,0.0,
FD004,67,15,0.0,
FD004,67,16,0.0,
FD004,67,17,0.0,
FD004,67,18,0.0,
FD004,67,19,0.0,
FD004,67,20,0.0,
FD004,67,21,0.0,
FD004,67,22,0.0,
FD004,67,23,0.0,
FD004,67,24,0.0,
FD004,67,25,0.0,
FD004,67,26,0.0,
FD004,67,27,0.0,
FD004,67,28,0.0,
FD004,67,29,0.0,
FD004,67,30,0.0,
FD004,67,31,0.0,
FD004,67,32,0.0,
FD004,67,33,0.0,
FD004,67,34,0.0,
FD004,67,35,0.0,
FD004,67,36,0.0,
FD004,67,37,0.0,
FD004,67,38,0.0,
FD004,67,39,0.0,
FD004,67,40,0.0,
FD004,67,41,0.0,
FD004,67,42,0.0,
FD004,67,43,0.0,
FD004,67,44,0.0,
FD004,67,45,0.0,
FD004,67,46,0.0,
FD004,67,47,0.0,
FD004,67,48,0.0,
FD004,67,49,0.0,
FD004,67,50,10.524,
FD004,67,51,9.5974,
FD004,67,52,9.827,
FD004,67,53,12.0661,
FD004,67,54,9.7665,
FD004,67,55,6.9641,
FD004,67,56,6.395,
FD004,67,57,5.9791,
FD004,67,58,8.3578,
FD004,67,59,8.4938,
FD004,67,60,7.9572,
FD004,67,61,11.6228,
FD004,67,62,12.2776,
FD004,67,63,13.3398,
FD004,67,64,13.0,
FD004,67,65,17.1343,
FD004,67,66,17.0816,
FD004,67,67,18.5981,
FD004,67,68,26.1863,
FD004,67,69,16.3047,
FD004,67,70,12.7024,
FD004,67,71,12.0527,
FD004,67,72,12.8241,
FD004,67,73,6.3516,
FD004,67,74,9.0245,
FD004,67,75,9.9626,
FD004,67,76,9.2057,
FD004,67,77,9.2867,
FD004,67,78,8.064,
FD004,67,79,7.3186,
FD004,67,80,4.7563,
FD004,67,81,12.8064,
FD004,67,82,17.1668,
FD004,67,83,16.8608,
FD004,67,84,16.424,
FD004,67,85,18.2951,
FD004,67,86,20.6127,
FD004,67,87,22.0205,
FD004,67,88,21.7688,
FD004,67,89,16.0155,
FD004,67,90,18.7408,
FD004,67,91,21.5266,
FD004,67,92,24.6474,
FD004,67,93,19.662,
FD004,67,94,21.5859,
FD004,67,95,13.1987,
FD004,67,96,12.6186,
FD004,67,97,11.3449,
FD004,67,98,12.2286,
FD004,67,99,11.8729,
FD004,67,100,12.4137,
FD004,67,101,16.6139,
FD004,67,102,12.1762,
FD004,67,103,13.3301,
FD004,67,104,12.5761,
FD004,67,105,8.7854,
FD004,67,106,8.7114,
FD004,67,107,7.6309,
FD004,67,108,7.1138,
FD004,67,109,6.0719,
FD004,67,110,4.7906,
FD004,67,111,6.421,
FD004,67,112,7.1668,
FD004,67,113,5.0159,
FD004,67,114,8.6659,
FD004,67,115,7.2478,
FD004,67,116,7.2003,
FD004,67,117,9.845,
FD004,67,118,12.7339,
FD004,67,119,8.7291,
FD004,67,120,8.5403,
FD004,67,121,8.77,
FD004,67,122,12.6831,
FD004,67,123,9.1999,
FD004,67,124,10.1782,
FD004,67,125,11.6963,
FD004,67,126,11.0874,
FD004,67,127,15.2764,
FD004,67,128,16.2069,
FD004,67,129,10.6192,
FD004,67,130,6.6017,
FD004,67,131,8.047,
FD004,67,132,7.8354,
FD004,67,133,7.8138,
FD004,67,134,10.1428,
FD004,67,135,10.9974,
FD004,67,136,10.7624,
FD004,67,137,12.2746,
FD004,67,138,9.1112,
FD004,67,139,10.1026,
FD004,67,140,11.0329,
FD004,67,141,8.2718,
FD004,67,142,5.9072,
FD004,67,143,7.6419,
FD004,67,144,6.1735,
FD004,67,145,6.8932,
FD004,67,146,5.8308,
FD004,67,147,5.8331,
FD004,67,148,7.5423,
FD004,67,149,7.7646,
FD004,67,150,7.3235,
FD004,68,1,0.0,
FD004,68,2,0.0,
FD004,68,3,0.0,
FD004,68,4,0.0,
FD004,68,5,0.0,
FD004,68,6,0.0,
FD004,68,7,0.0,
FD004,68,8,0.0,
FD004,68,9,0.0,
FD004,68,10,0.0,
FD004,68,11,0.0,
FD004,68,12,0.0,
FD004,68,13,0.0,
FD004,68,14,0.0,
FD004,68,15,0.0,
FD004,68,16,0.0,
FD004,68,17,0.0,
FD004,68,18,0.0,
FD004,68,19,0.0,
FD004,68,20,0.0,
FD004,68,21,0.0,
FD004,68,22,0.0,
FD004,68,23,0.0,
FD004,68,24,0.0,
FD004,68,25,0.0,
FD004,68,26,0.0,
FD004,68,27,0.0,
FD004,68,28,0.0,
FD004,68,29,0.0,
FD004,68,30,0.0,
FD004,68,31,0.0,
FD004,68,32,0.0,
FD004,68,33,0.0,
FD004,68,34,0.0,
FD004,68,35,0.0,
FD004,68,36,0.0,
FD004,68,37,0.0,
FD004,68,38,0.0,
FD004,68,39,0.0,
FD004,68,40,0.0,
FD004,68,41,0.0,
FD004,68,42,0.0,
FD004,68,43,0.0,
FD004,68,44,0.0,
FD004,68,45,0.0,
FD004,68,46,0.0,
FD004,68,47,0.0,
FD004,68,48,0.0,
FD004,68,49,0.0,
FD004,68,50,6.5514,
FD004,68,51,7.0942,
FD004,68,52,6.8972,
FD004,68,53,5.3089,
FD004,68,54,5.9137,
FD004,68,55,4.2838,
FD004,68,56,5.909,
FD004,68,57,9.8726,
FD004,68,58,14.9162,
FD004,68,59,11.6306,
FD004,68,60,15.9626,
FD004,68,61,15.7238,
FD004,68,62,16.8474,
FD004,68,63,16.9322,
FD004,68,64,15.9922,
FD004,68,65,11.549,
FD004,68,66,11.6126,
FD004,68,67,11.5259,
FD004,68,68,17.7862,
FD004,68,69,13.374,
FD004,68,70,10.0619,
FD004,68,71,12.6303,
FD004,68,72,8.6599,
FD004,68,73,7.3882,
FD004,68,74,7.1843,
FD004,68,75,6.9476,
FD004,68,76,9.4733,
FD004,68,77,10.2932,
FD004,68,78,9.9751,
FD004,68,79,9.503,
FD004,68,80,9.537,
FD004,68,81,9.4355,
FD004,68,82,9.34,
FD004,68,83,9.1832,
FD004,68,84,8.9231,
FD004,68,85,8.8994,
FD004,68,86,7.1999,
FD004,68,87,7.9551,
FD004,68,88,12.7569,
FD004,68,89,7.7667,
FD004,68,90,9.6576,
FD004,68,91,9.2213,
FD004,68,92,10.0186,
FD004,68,93,8.2453,
FD004,68,94,10.5899,
FD004,68,95,10.9346,
FD004,68,96,9.2034,
FD004,68,97,9.8442,
FD004,68,98,9.6532,
FD004,68,99,12.2178,
FD004,68,100,10.9588,
FD004,68,101,10.6506,
FD004,68,102,13.3251,
FD004,68,103,11.2188,
FD004,68,104,11.8874,
FD004,68,105,11.0492,
FD004,68,106,10.6277,
FD004,68,107,9.5754,
FD004,68,108,11.3879,
FD004,68,109,8.3804,
FD004,68,110,7.8471,
FD004,68,111,8.5398,
FD004,68,112,6.3999,
FD004,68,113,6.8774,
FD004,68,114,9.6958,
FD004,68,115,7.6524,
FD004,68,116,8.461,
FD004,68,117,7.6015,
FD004,68,118,7.7199,
FD004,68,119,7.8809,
FD004,68,120,9.3952,
FD004,68,121,9.1173,
FD004,68,122,8.0354,
FD004,68,123,8.8543,
FD004,68,124,12.0634,
FD004,68,125,11.1047,
FD004,68,126,10.2263,
FD004,68,127,8.2121,
FD004,68,128,7.9174,
FD004,68,129,6.911,
FD004,68,130,7.4,
FD004,68,131,6.5147,
FD004,68,132,8.3416,
FD004,68,133,9.9405,
FD004,68,134,9.5417,
FD004,68,135,10.7878,
FD004,68,136,16.3347,
FD004,68,137,12.3999,
FD004,68,138,11.3738,
FD004,68,139,11.1248,
FD004,68,140,10.3172,
FD004,68,141,8.8576,
FD004,68,142,7.0048,
FD004,68,143,9.9042,
FD004,68,144,9.353,
FD004,68,145,12.866,
FD004,68,146,11.1402,
FD004,68,147,10.4114,
FD004,68,148,13.158,
FD004,68,149,12.3979,
FD004,68,150,10.7799,
FD004,68,151,11.2992,
FD004,68,152,11.5083,
FD004,68,153,9.6648,
FD004,68,154,14.6249,
FD004,68,155,14.9069,
FD004,68,156,14.2341,
FD004,68,157,11.0444,
FD004,68,158,13.1778,
FD004,68,159,10.9884,
FD004,68,160,11.0838,
FD004,68,161,9.0217,
FD004,68,162,9.6769,
FD004,68,163,10.4119,
FD004,68,164,11.2784,
FD004,68,165,10.7434,
FD004,68,166,11.6358,
FD004,68,167,10.7935,
FD004,68,168,13.7193,
FD004,68,169,8.2173,
FD004,68,170,6.8035,
FD004,68,171,7.1276,
FD004,68,172,11.792,
FD004,68,173,9.3152,
FD004,68,174,8.6007,
FD004,68,175,8.1077,
FD004,68,176,9.2161,
FD004,68,177,8.8131,
FD004,68,178,8.2692,
FD004,68,179,8.1818,
FD004,68,180,9.0578,
FD004,68,181,8.387,
FD004,68,182,7.5378,
FD004,68,183,8.9019,
FD004,68,184,7.5282,
FD004,68,185,6.831,
FD004,68,186,10.0578,
FD004,68,187,9.0255,
FD004,68,188,8.9634,
FD004,68,189,7.1932,
FD004,68,190,7.5763,
FD004,68,191,6.6208,
FD004,68,192,7.0419,
FD004,68,193,9.8721,
FD004,68,194,10.2616,
FD004,68,195,14.8977,
FD004,68,196,11.7114,
FD004,68,197,14.5577,
FD004,68,198,15.5161,
FD004,68,199,15.7429,
FD004,68,200,17.0416,
FD004,68,201,18.1992,
FD004,68,202,15.5742,
FD004,68,203,14.942,
FD004,68,204,16.6884,
FD004,68,205,11.9433,
FD004,68,206,11.2093,
FD004,68,207,12.7641,
FD004,68,208,12.4429,
FD004,68,209,13.0071,
FD004,68,210,12.666,
FD004,68,211,7.7585,
FD004,68,212,8.917,
FD004,68,213,7.4394,
FD004,68,214,7.4866,
FD004,68,215,8.5893,
FD004,68,216,9.0364,
FD004,68,217,9.7996,
FD004,68,218,11.1548,
FD004,68,219,10.9845,
FD004,68,220,11.2711,
FD004,68,221,11.536,
FD004,68,222,10.1637,
FD004,68,223,10.0298,
FD004,68,224,9.0018,
FD004,68,225,11.8685,
FD004,68,226,8.4205,
FD004,68,227,8.8369,
FD004,68,228,8.2461,
FD004,68,229,9.1985,
FD004,68,230,7.0722,
FD004,68,231,8.1002,
FD004,68,232,8.2601,
FD004,68,233,6.2576,
FD004,68,234,8.3829,
FD004,68,235,7.6114,
FD004,68,236,9.8784,
FD004,68,237,11.0291,
FD004,68,238,11.2904,
FD004,68,239,10.8434,
FD004,68,240,10.2077,
FD004,68,241,9.7177,
FD004,69,1,0.0,
FD004,69,2,0.0,
FD004,69,3,0.0,
FD004,69,4,0.0,
FD004,69,5,0.0,
FD004,69,6,0.0,
FD004,69,7,0.0,
FD004,69,8,0.0,
FD004,69,9,0.0,
FD004,69,10,0.0,
FD004,69,11,0.0,
FD004,69,12,0.0,
FD004,69,13,0.0,
FD004,69,14,0.0,
FD004,69,15,0.0,
FD004,69,16,0.0,
FD004,69,17,0.0,
FD004,69,18,0.0,
FD004,69,19,0.0,
FD004,69,20,0.0,
FD004,69,21,0.0,
FD004,69,22,0.0,
FD004,69,23,0.0,
FD004,69,24,0.0,
FD004,69,25,0.0,
FD004,69,26,0.0,
FD004,69,27,0.0,
FD004,69,28,0.0,
FD004,69,29,0.0,
FD004,69,30,0.0,
FD004,69,31,0.0,
FD004,69,32,0.0,
FD004,69,33,0.0,
FD004,69,34,0.0,
FD004,69,35,0.0,
FD004,69,36,0.0,
FD004,69,37,0.0,
FD004,69,38,0.0,
FD004,69,39,0.0,
FD004,69,40,0.0,
FD004,69,41,0.0,
FD004,69,42,0.0,
FD004,69,43,0.0,
FD004,69,44,0.0,
FD004,69,45,0.0,
FD004,69,46,0.0,
FD004,69,47,0.0,
FD004,69,48,0.0,
FD004,69,49,0.0,
FD004,69,50,11.7159,
FD004,69,51,9.7446,
FD004,69,52,9.4697,
FD004,69,53,10.8483,
FD004,69,54,12.4837,
FD004,69,55,11.1679,
FD004,69,56,11.0299,
FD004,69,57,10.3482,
FD004,69,58,9.7258,
FD004,69,59,11.1204,
FD004,69,60,9.916,
FD004,69,61,7.4536,
FD004,69,62,5.9292,
FD004,69,63,8.9972,
FD004,69,64,5.3619,
FD004,69,65,6.1352,
FD004,69,66,11.0478,
FD004,69,67,10.7701,
FD004,69,68,11.2783,
FD004,69,69,11.521,
FD004,69,70,10.7189,
FD004,69,71,9.3546,
FD004,69,72,8.0908,
FD004,69,73,8.5498,
FD004,69,74,8.6315,
FD004,69,75,11.9112,
FD004,69,76,9.2086,
FD004,69,77,9.2715,
FD004,69,78,10.4761,
FD004,69,79,9.6808,
FD004,69,80,7.9742,
FD004,69,81,6.9885,
FD004,69,82,8.456,
FD004,69,83,7.9992,
FD004,69,84,8.3255,
FD004,69,85,9.321,
FD004,69,86,8.0811,
FD004,69,87,7.9327,
FD004,69,88,7.5142,
FD004,69,89,7.003,
FD004,69,90,7.971,
FD004,69,91,7.0037,
FD004,69,92,8.2192,
FD004,69,93,7.9034,
FD004,69,94,7.3843,
FD004,69,95,9.306,
FD004,69,96,9.5861,
FD004,69,97,9.0112,
FD004,69,98,10.3362,
FD004,69,99,11.1145,
FD004,69,100,10.9962,
FD004,69,101,12.6824,
FD004,69,102,9.5987,
FD004,69,103,10.6411,
FD004,69,104,11.5807,
FD004,69,105,11.789,
FD004,69,106,13.8234,
FD004,69,107,14.6795,
FD004,69,108,10.6274,
FD004,69,109,12.8425,
FD004,69,110,9.4204,
FD004,69,111,12.5865,
FD004,69,112,11.158,
FD004,69,113,6.9607,
FD004,69,114,15.6706,
FD004,69,115,14.329,
FD004,69,116,12.339,
FD004,69,117,7.8208,
FD004,69,118,10.2783,
FD004,69,119,8.8192,
FD004,69,120,9.0434,
FD004,69,121,8.5807,
FD004,69,122,10.5042,
FD004,69,123,11.7775,
FD004,69,124,11.2559,
FD004,69,125,11.6107,
FD004,69,126,15.9166,
FD004,69,127,12.8551,
FD004,69,128,11.3531,
FD004,69,129,10.755,
FD004,69,130,9.9213,
FD004,69,131,8.1116,
FD004,69,132,12.6238,
FD004,69,133,9.9491,
FD004,69,134,12.4928,
FD004,69,135,9.882,
FD004,69,136,12.7719,
FD004,69,137,8.5991,
FD004,69,138,7.4136,
FD004,69,139,7.1485,
FD004,69,140,9.5897,
FD004,69,141,10.7539,
FD004,69,142,7.6297,
FD004,69,143,7.7051,
FD004,69,144,7.7283,
FD004,69,145,7.2506,
FD004,69,146,7.7144,
FD004,69,147,9.1651,
FD004,69,148,9.2974,
FD004,69,149,6.1158,
FD004,69,150,6.7276,
FD004,69,151,7.432,
FD004,69,152,8.6684,
FD004,69,153,9.7021,
FD004,69,154,13.8111,
FD004,69,155,14.658,
FD004,69,156,14.2792,
FD004,69,157,14.4078,
FD004,69,158,12.4545,
FD004,69,159,13.121,
FD004,69,160,10.402,
FD004,69,161,11.6133,
FD004,69,162,11.7145,
FD004,70,1,0.0,
FD004,70,2,0.0,
FD004,70,3,0.0,
FD004,70,4,0.0,
FD004,70,5,0.0,
FD004,70,6,0.0,
FD004,70,7,0.0,
FD004,70,8,0.0,
FD004,70,9,0.0,
FD004,70,10,0.0,
FD004,70,11,0.0,
FD004,70,12,0.0,
FD004,70,13,0.0,
FD004,70,14,0.0,
FD004,70,15,0.0,
FD004,70,16,0.0,
FD004,70,17,0.0,
FD004,70,18,0.0,
FD004,70,19,0.0,
FD004,70,20,0.0,
FD004,70,21,0.0,
FD004,70,22,0.0,
FD004,70,23,0.0,
FD004,70,24,0.0,
FD004,70,25,0.0,
FD004,70,26,0.0,
FD004,70,27,0.0,
FD004,70,28,0.0,
FD004,70,29,0.0,
FD004,70,30,0.0,
FD004,70,31,0.0,
FD004,70,32,0.0,
FD004,70,33,0.0,
FD004,70,34,0.0,
FD004,70,35,0.0,
FD004,70,36,0.0,
FD004,70,37,0.0,
FD004,70,38,0.0,
FD004,70,39,0.0,
FD004,70,40,0.0,
FD004,70,41,0.0,
FD004,70,42,0.0,
FD004,70,43,0.0,
FD004,70,44,0.0,
FD004,70,45,0.0,
FD004,70,46,0.0,
FD004,70,47,0.0,
FD004,70,48,0.0,
FD004,70,49,0.0,
FD004,70,50,5.8555,
FD004,70,51,5.8281,
FD004,70,52,5.6049,
FD004,70,53,7.5122,
FD004,70,54,10.8428,
FD004,70,55,7.9241,
FD004,70,56,8.138,
FD004,70,57,14.2123,
FD004,70,58,11.4935,
FD004,70,59,11.6824,
FD004,70,60,11.828,
FD004,70,61,7.2869,
FD004,70,62,7.4274,
FD004,70,63,4.9666,
FD004,70,64,5.8867,
FD004,70,65,5.5299,
FD004,70,66,6.3571,
FD004,70,67,6.6408,
FD004,70,68,7.8719,
FD004,70,69,6.1178,
FD004,70,70,6.6482,
FD004,70,71,6.6673,
FD004,70,72,7.1907,
FD004,70,73,7.4505,
FD004,70,74,8.3027,
FD004,70,75,8.77,
FD004,70,76,7.8569,
FD004,70,77,7.4772,
FD004,70,78,7.6534,
FD004,70,79,7.9814,
FD004,70,80,7.1374,
FD004,70,81,7.4953,
FD004,70,82,7.7753,
FD004,70,83,7.9072,
FD004,70,84,8.0456,
FD004,70,85,8.8349,
FD004,70,86,10.8989,
FD004,70,87,12.8963,
FD004,70,88,11.8613,
FD004,70,89,11.001,
FD004,70,90,11.4948,
FD004,70,91,27.2432,
FD004,70,92,18.2303,
FD004,70,93,35.1805,
FD004,70,94,45.6497,
FD004,70,95,46.1324,
FD004,70,96,17.231,
FD004,70,97,9.4048,
FD004,70,98,9.7412,
FD004,70,99,9.4111,
FD004,70,100,7.1048,
FD004,70,101,6.0296,
FD004,70,102,6.0868,
FD004,70,103,6.0139,
FD004,70,104,5.9159,
FD004,70,105,8.0565,
FD004,70,106,7.9143,
FD004,70,107,7.6644,
FD004,70,108,7.8206,
FD004,70,109,9.4452,
FD004,70,110,10.6435,
FD004,70,111,11.6669,
FD004,70,112,12.1072,
FD004,70,113,13.5996,
FD004,70,114,13.3812,
FD004,70,115,7.8515,
FD004,70,116,9.1528,
FD004,70,117,10.474,
FD004,70,118,8.3197,
FD004,70,119,7.4151,
FD004,70,120,10.4651,
FD004,70,121,10.909,
FD004,70,122,4.7112,
FD004,70,123,6.164,
FD004,70,124,6.7393,
FD004,70,125,7.8088,
FD004,70,126,8.906,
FD004,70,127,7.025,
FD004,70,128,6.8957,
FD004,70,129,7.4654,
FD004,70,130,9.5145,
FD004,70,131,11.5631,
FD004,70,132,8.7621,
FD004,70,133,7.6127,
FD004,70,134,11.4746,
FD004,70,135,11.9914,
FD004,70,136,11.602,
FD004,70,137,7.499,
FD004,70,138,9.8825,
FD004,70,139,7.9389,
FD004,70,140,8.8345,
FD004,70,141,8.0906,
FD004,70,142,5.5381,
FD004,70,143,5.8246,
FD004,70,144,6.671,
FD004,70,145,6.5446,
FD004,70,146,7.311,
FD004,70,147,7.4145,
FD004,70,148,7.3792,
FD004,70,149,7.6046,
FD004,70,150,6.4658,
FD004,70,151,8.1717,
FD004,70,152,7.4224,
FD004,70,153,7.5626,
FD004,70,154,8.1048,
FD004,70,155,7.4482,
FD004,70,156,7.9019,
FD004,70,157,7.2786,
FD004,70,158,7.8755,
FD004,70,159,8.0528,
FD004,70,160,8.0339,
FD004,70,161,10.466,
FD004,70,162,8.6332,
FD004,70,163,12.0632,
FD004,70,164,7.9038,
FD004,70,165,8.1457,
FD004,70,166,8.5957,
FD004,70,167,9.8052,
FD004,70,168,10.4748,
FD004,70,169,10.5806,
FD004,70,170,12.852,
FD004,70,171,10.2881,
FD004,70,172,10.8133,
FD004,70,173,9.3206,
FD004,70,174,12.4482,
FD004,70,175,11.2093,
FD004,70,176,11.8358,
FD004,70,177,13.3155,
FD004,70,178,18.1124,
FD004,70,179,19.2969,
FD004,70,180,19.5168,
FD004,70,181,18.8973,
FD004,70,182,19.8991,
FD004,70,183,19.0136,
FD004,70,184,21.4068,
FD004,70,185,15.7749,
FD004,70,186,17.3747,
FD004,70,187,20.0032,
FD004,70,188,17.699,
FD004,70,189,11.5184,
FD004,70,190,10.3397,
FD004,71,1,0.0,
FD004,71,2,0.0,
FD004,71,3,0.0,
FD004,71,4,0.0,
FD004,71,5,0.0,
FD004,71,6,0.0,
FD004,71,7,0.0,
FD004,71,8,0.0,
FD004,71,9,0.0,
FD004,71,10,0.0,
FD004,71,11,0.0,
FD004,71,12,0.0,
FD004,71,13,0.0,
FD004,71,14,0.0,
FD004,71,15,0.0,
FD004,71,16,0.0,
FD004,71,17,0.0,
FD004,71,18,0.0,
FD004,71,19,0.0,
FD004,71,20,0.0,
FD004,71,21,0.0,
FD004,71,22,0.0,
FD004,71,23,0.0,
FD004,71,24,0.0,
FD004,71,25,0.0,
FD004,71,26,0.0,
FD004,71,27,0.0,
FD004,71,28,0.0,
FD004,71,29,0.0,
FD004,71,30,0.0,
FD004,71,31,0.0,
FD004,71,32,0.0,
FD004,71,33,0.0,
FD004,71,34,0.0,
FD004,71,35,0.0,
FD004,71,36,0.0,
FD004,71,37,0.0,
FD004,71,38,0.0,
FD004,71,39,0.0,
FD004,71,40,0.0,
FD004,71,41,0.0,
FD004,71,42,0.0,
FD004,71,43,0.0,
FD004,71,44,0.0,
FD004,71,45,0.0,
FD004,71,46,0.0,
FD004,71,47,0.0,
FD004,71,48,0.0,
FD004,71,49,0.0,
FD004,71,50,7.9914,
FD004,71,51,10.1516,
FD004,71,52,9.7612,
FD004,71,53,10.0477,
FD004,71,54,11.5474,
FD004,71,55,9.9687,
FD004,71,56,8.5235,
FD004,71,57,9.952,
FD004,71,58,10.6451,
FD004,71,59,9.7009,
FD004,71,60,8.0275,
FD004,71,61,7.2121,
FD004,71,62,7.2602,
FD004,71,63,9.1041,
FD004,71,64,8.1093,
FD004,71,65,6.7135,
FD004,71,66,8.5367,
FD004,71,67,7.8557,
FD004,71,68,8.3593,
FD004,71,69,6.1266,
FD004,71,70,5.3971,
FD004,71,71,6.6835,
FD004,71,72,5.9334,
FD004,71,73,5.983,
FD004,71,74,7.5751,
FD004,71,75,7.2314,
FD004,71,76,7.4551,
FD004,71,77,7.9743,
FD004,71,78,5.4662,
FD004,71,79,6.5842,
FD004,71,80,8.9568,
FD004,71,81,8.2651,
FD004,71,82,9.9629,
FD004,71,83,10.1146,
FD004,71,84,12.5935,
FD004,71,85,10.8211,
FD004,71,86,12.2993,
FD004,71,87,7.4409,
FD004,71,88,8.1635,
FD004,71,89,9.3295,
FD004,71,90,11.0585,
FD004,71,91,8.4628,
FD004,71,92,12.8527,
FD004,71,93,13.4486,
FD004,71,94,9.5001,
FD004,71,95,9.5085,
FD004,71,96,9.8042,
FD004,71,97,6.3347,
FD004,71,98,7.829,
FD004,71,99,7.0611,
FD004,71,100,6.7227,
FD004,71,101,6.9344,
FD004,71,102,7.2535,
FD004,71,103,7.5683,
FD004,71,104,7.3379,
FD004,71,105,7.5746,
FD004,71,106,9.683,
FD004,71,107,7.0254,
FD004,71,108,6.9443,
FD004,71,109,14.8135,
FD004,71,110,8.0458,
FD004,71,111,9.0153,
FD004,71,112,9.6413,
FD004,71,113,10.1399,
FD004,71,114,10.6969,
FD004,71,115,11.0608,
FD004,71,116,10.466,
FD004,71,117,10.0572,
FD004,71,118,8.9223,
FD004,71,119,9.2563,
FD004,71,120,9.432,
FD004,71,121,9.0419,
FD004,71,122,13.2951,
FD004,71,123,11.1614,
FD004,71,124,8.8973,
FD004,71,125,6.8268,
FD004,71,126,7.1861,
FD004,71,127,7.0356,
FD004,71,128,6.9433,
FD004,71,129,7.6974,
FD004,71,130,9.3278,
FD004,71,131,9.2958,
FD004,71,132,10.8275,
FD004,71,133,9.9876,
FD004,71,134,10.7023,
FD004,71,135,8.8129,
FD004,71,136,10.0023,
FD004,71,137,7.9072,
FD004,71,138,12.6709,
FD004,71,139,12.8514,
FD004,71,140,13.1543,
FD004,71,141,10.2232,
FD004,71,142,6.0787,
FD004,71,143,4.5033,
FD004,71,144,5.294,
FD004,71,145,4.9621,
FD004,71,146,5.212,
FD004,71,147,6.4992,
FD004,71,148,7.7319,
FD004,71,149,5.2748,
FD004,71,150,6.7968,
FD004,71,151,7.5259,
FD004,71,152,7.9278,
FD004,71,153,7.9578,
FD004,71,154,7.2528,
FD004,71,155,7.8102,
FD004,71,156,8.1967,
FD004,71,157,7.6016,
FD004,71,158,8.1156,
FD004,71,159,6.8741,
FD004,71,160,7.1677,
FD004,71,161,7.7236,
FD004,71,162,12.934,
FD004,71,163,9.3718,
FD004,71,164,8.0269,
FD004,71,165,7.3425,
FD004,71,166,9.2237,
FD004,71,167,9.4394,
FD004,71,168,14.2448,
FD004,71,169,10.8055,
FD004,71,170,11.9049,
FD004,71,171,12.78,
FD004,71,172,13.4086,
FD004,71,173,13.3096,
FD004,71,174,11.7805,
FD004,71,175,16.2093,
FD004,71,176,11.5404,
FD004,71,177,14.6942,
FD004,71,178,12.1434,
FD004,71,179,10.8826,
FD004,71,180,11.8304,
FD004,71,181,10.887,
FD004,71,182,8.8295,
FD004,71,183,6.963,
FD004,71,184,8.9687,
FD004,71,185,9.6412,
FD004,71,186,9.4875,
FD004,71,187,10.5993,
FD004,71,188,8.3938,
FD004,71,189,9.173,
FD004,71,190,8.5655,
FD004,71,191,8.8275,
FD004,71,192,10.3146,
FD004,71,193,9.9684,
FD004,71,194,10.9864,
FD004,71,195,11.9065,
FD004,71,196,10.7725,
FD004,71,197,11.3225,
FD004,71,198,9.6081,
FD004,71,199,10.3997,
FD004,71,200,9.2456,
FD004,71,201,7.3714,
FD004,71,202,7.4252,
FD004,71,203,7.3736,
FD004,71,204,7.0986,
FD004,71,205,8.6141,
FD004,71,206,7.761,
FD004,71,207,8.6312,
FD004,71,208,9.1743,
FD004,71,209,8.539,
FD004,71,210,9.9239,
FD004,71,211,12.071,
FD004,71,212,10.1884,
FD004,71,213,8.3824,
FD004,71,214,10.7698,
FD004,71,215,9.7818,
FD004,71,216,10.1476,
FD004,71,217,8.878,
FD004,71,218,10.281,
FD004,71,219,8.5146,
FD004,71,220,8.5904,
FD004,71,221,8.6467,
FD004,71,222,8.1389,
FD004,71,223,8.3363,
FD004,71,224,9.8017,
FD004,71,225,8.9965,
FD004,71,226,8.4995,
FD004,71,227,7.7069,
FD004,71,228,7.8101,
FD004,71,229,8.9752,
FD004,71,230,8.6135,
FD004,71,231,8.5619,
FD004,71,232,7.0156,
FD004,71,233,9.0106,
FD004,71,234,8.6232,
FD004,71,235,8.7225,
FD004,71,236,15.8728,
FD004,71,237,14.0484,
FD004,71,238,14.0094,
FD004,71,239,10.8712,
FD004,71,240,10.7237,
FD004,71,241,13.9511,
FD004,71,242,14.1166,
FD004,71,243,13.6376,
FD004,71,244,11.3146,
FD004,71,245,11.8549,
FD004,71,246,12.3989,
FD004,71,247,12.5302,
FD004,71,248,13.4997,
FD004,71,249,13.4675,
FD004,71,250,14.2882,
FD004,71,251,14.6214,
FD004,71,252,13.1903,
FD004,71,253,11.4308,
FD004,71,254,11.8808,
FD004,71,255,12.2245,
FD004,71,256,13.2784,
FD004,71,257,10.8506,
FD004,71,258,11.1725,
FD004,71,259,7.6067,
FD004,71,260,8.8263,
FD004,71,261,8.9764,
FD004,71,262,7.3246,
FD004,71,263,8.7703,
FD004,71,264,8.6502,
FD004,71,265,10.4558,
FD004,71,266,11.4713,
FD004,71,267,10.48,
FD004,71,268,8.8859,
FD004,71,269,10.4734,
FD004,71,270,8.3338,
FD004,71,271,8.4834,
FD004,71,272,11.0146,
FD004,71,273,8.8752,
FD004,71,274,8.9158,
FD004,71,275,10.7327,
FD004,71,276,10.1981,
FD004,71,277,12.8881,
FD004,71,278,13.5838,
FD004,71,279,12.7246,
FD004,71,280,8.3201,
FD004,71,281,9.5865,
FD004,71,282,13.4587,
FD004,71,283,9.2138,
FD004,71,284,9.3009,
FD004,71,285,10.9561,
FD004,71,286,14.2468,
FD004,71,287,10.5927,
FD004,71,288,10.4237,
FD004,71,289,13.3475,
FD004,71,290,12.2888,
FD004,71,291,10.5776,
FD004,71,292,10.7329,
FD004,72,1,0.0,
FD004,72,2,0.0,
FD004,72,3,0.0,
FD004,72,4,0.0,
FD004,72,5,0.0,
FD004,72,6,0.0,
FD004,72,7,0.0,
FD004,72,8,0.0,
FD004,72,9,0.0,
FD004,72,10,0.0,
FD004,72,11,0.0,
FD004,72,12,0.0,
FD004,72,13,0.0,
FD004,72,14,0.0,
FD004,72,15,0.0,
FD004,72,16,0.0,
FD004,72,17,0.0,
FD004,72,18,0.0,
FD004,72,19,0.0,
FD004,72,20,0.0,
FD004,72,21,0.0,
FD004,72,22,0.0,
FD004,72,23,0.0,
FD004,72,24,0.0,
FD004,72,25,0.0,
FD004,72,26,0.0,
FD004,72,27,0.0,
FD004,72,28,0.0,
FD004,72,29,0.0,
FD004,72,30,0.0,
FD004,72,31,0.0,
FD004,72,32,0.0,
FD004,72,33,0.0,
FD004,72,34,0.0,
FD004,72,35,0.0,
FD004,72,36,0.0,
FD004,72,37,0.0,
FD004,72,38,0.0,
FD004,72,39,0.0,
FD004,72,40,0.0,
FD004,72,41,0.0,
FD004,72,42,0.0,
FD004,72,43,0.0,
FD004,72,44,0.0,
FD004,72,45,0.0,
FD004,72,46,0.0,
FD004,72,47,0.0,
FD004,72,48,0.0,
FD004,72,49,0.0,
FD004,72,50,6.0083,
FD004,72,51,14.9059,
FD004,72,52,16.0525,
FD004,72,53,17.3504,
FD004,72,54,15.8306,
FD004,72,55,17.3745,
FD004,72,56,17.6168,
FD004,72,57,18.3992,
FD004,72,58,17.3314,
FD004,72,59,16.9302,
FD004,72,60,16.6035,
FD004,72,61,15.2411,
FD004,72,62,18.437,
FD004,72,63,18.3445,
FD004,72,64,19.3608,
FD004,72,65,18.3154,
FD004,72,66,18.7756,
FD004,72,67,16.8782,
FD004,72,68,16.9468,
FD004,72,69,31.7346,
FD004,72,70,36.1608,
FD004,72,71,15.7419,
FD004,72,72,12.771,
FD004,72,73,13.5031,
FD004,72,74,9.628,
FD004,72,75,9.7932,
FD004,72,76,10.0912,
FD004,72,77,8.6879,
FD004,72,78,9.4733,
FD004,72,79,11.3187,
FD004,72,80,9.8078,
FD004,72,81,10.6605,
FD004,72,82,10.1926,
FD004,72,83,8.8577,
FD004,72,84,8.4868,
FD004,72,85,9.4525,
FD004,72,86,11.063,
FD004,72,87,12.5661,
FD004,72,88,8.8384,
FD004,72,89,7.7115,
FD004,72,90,6.7737,
FD004,72,91,6.6574,
FD004,72,92,6.0945,
FD004,72,93,6.9823,
FD004,72,94,7.5298,
FD004,72,95,8.5618,
FD004,72,96,8.3263,
FD004,72,97,9.0878,
FD004,72,98,11.0997,
FD004,72,99,14.893,
FD004,72,100,13.2256,
FD004,72,101,12.0198,
FD004,72,102,11.2007,
FD004,72,103,12.2874,
FD004,72,104,11.2783,
FD004,72,105,11.5371,
FD004,72,106,15.065,
FD004,72,107,11.726,
FD004,72,108,9.1286,
FD004,72,109,7.3226,
FD004,72,110,6.9989,
FD004,72,111,7.4691,
FD004,72,112,8.0291,
FD004,72,113,7.5441,
FD004,72,114,5.8518,
FD004,72,115,5.5734,
FD004,72,116,5.2558,
FD004,72,117,6.6411,
FD004,72,118,9.1294,
FD004,73,1,0.0,
FD004,73,2,0.0,
FD004,73,3,0.0,
FD004,73,4,0.0,
FD004,73,5,0.0,
FD004,73,6,0.0,
FD004,73,7,0.0,
FD004,73,8,0.0,
FD004,73,9,0.0,
FD004,73,10,0.0,
FD004,73,11,0.0,
FD004,73,12,0.0,
FD004,73,13,0.0,
FD004,73,14,0.0,
FD004,73,15,0.0,
FD004,73,16,0.0,
FD004,73,17,0.0,
FD004,73,18,0.0,
FD004,73,19,0.0,
FD004,73,20,0.0,
FD004,73,21,0.0,
FD004,73,22,0.0,
FD004,73,23,0.0,
FD004,73,24,0.0,
FD004,73,25,0.0,
FD004,73,26,0.0,
FD004,73,27,0.0,
FD004,73,28,0.0,
FD004,73,29,0.0,
FD004,73,30,0.0,
FD004,73,31,0.0,
FD004,73,32,0.0,
FD004,73,33,0.0,
FD004,73,34,0.0,
FD004,73,35,0.0,
FD004,73,36,0.0,
FD004,73,37,0.0,
FD004,73,38,0.0,
FD004,73,39,0.0,
FD004,73,40,0.0,
FD004,73,41,0.0,
FD004,73,42,0.0,
FD004,73,43,0.0,
FD004,73,44,0.0,
FD004,73,45,0.0,
FD004,73,46,0.0,
FD004,73,47,0.0,
FD004,73,48,0.0,
FD004,73,49,0.0,
FD004,73,50,9.3338,
FD004,73,51,8.1993,
FD004,73,52,7.9301,
FD004,73,53,7.1615,
FD004,73,54,7.8342,
FD004,73,55,7.0895,
FD004,73,56,5.9955,
FD004,73,57,8.0835,
FD004,73,58,7.9958,
FD004,73,59,8.466,
FD004,73,60,9.02,
FD004,73,61,8.461,
FD004,73,62,9.9607,
FD004,73,63,10.0554,
FD004,73,64,11.3613,
FD004,73,65,15.7828,
FD004,73,66,13.2426,
FD004,73,67,12.7204,
FD004,73,68,11.6401,
FD004,73,69,15.1819,
FD004,73,70,16.069,
FD004,73,71,17.4659,
FD004,73,72,18.2095,
FD004,73,73,17.5584,
FD004,73,74,19.3208,
FD004,73,75,15.3978,
FD004,73,76,10.4656,
FD004,73,77,8.9344,
FD004,73,78,12.7885,
FD004,73,79,16.2613,
FD004,73,80,12.5552,
FD004,73,81,11.9901,
FD004,73,82,12.3035,
FD004,73,83,12.2046,
FD004,73,84,11.7595,
FD004,73,85,10.4161,
FD004,73,86,10.7386,
FD004,73,87,10.622,
FD004,73,88,13.9646,
FD004,73,89,15.8917,
FD004,73,90,12.1031,
FD004,73,91,13.6179,
FD004,73,92,17.0765,
FD004,73,93,18.1732,
FD004,73,94,18.5414,
FD004,73,95,17.5673,
FD004,73,96,18.1845,
FD004,73,97,19.1035,
FD004,73,98,18.8383,
FD004,73,99,17.4688,
FD004,73,100,16.3904,
FD004,73,101,15.3173,
FD004,73,102,14.352,
FD004,73,103,10.7246,
FD004,73,104,10.6257,
FD004,73,105,10.7031,
FD004,73,106,10.8808,
FD004,73,107,12.1671,
FD004,73,108,7.1776,
FD004,73,109,9.2261,
FD004,73,110,10.5374,
FD004,73,111,9.0264,
FD004,73,112,10.7506,
FD004,73,113,10.8755,
FD004,73,114,10.7649,
FD004,73,115,9.1598,
FD004,73,116,7.6339,
FD004,73,117,7.1752,
FD004,73,118,7.9966,
FD004,73,119,9.533,
FD004,73,120,7.2604,
FD004,73,121,6.5257,
FD004,73,122,9.299,
FD004,73,123,12.053,
FD004,73,124,14.6026,
FD004,73,125,14.6836,
FD004,73,126,13.6254,
FD004,73,127,13.4867,
FD004,73,128,14.4739,
FD004,73,129,12.986,
FD004,73,130,12.4414,
FD004,73,131,13.6309,
FD004,73,132,12.5909,
FD004,73,133,16.0385,
FD004,73,134,13.2267,
FD004,73,135,10.0792,
FD004,73,136,9.5384,
FD004,73,137,8.9741,
FD004,73,138,7.6962,
FD004,73,139,8.197,
FD004,73,140,9.5835,
FD004,73,141,10.4021,
FD004,73,142,11.0731,
FD004,73,143,10.1753,
FD004,73,144,9.4082,
FD004,73,145,9.5367,
FD004,73,146,10.2941,
FD004,73,147,12.0778,
FD004,73,148,11.5914,
FD004,73,149,12.3915,
FD004,74,1,0.0,
FD004,74,2,0.0,
FD004,74,3,0.0,
FD004,74,4,0.0,
FD004,74,5,0.0,
FD004,74,6,0.0,
FD004,74,7,0.0,
FD004,74,8,0.0,
FD004,74,9,0.0,
FD004,74,10,0.0,
FD004,74,11,0.0,
FD004,74,12,0.0,
FD004,74,13,0.0,
FD004,74,14,0.0,
FD004,74,15,0.0,
FD004,74,16,0.0,
FD004,74,17,0.0,
FD004,74,18,0.0,
FD004,74,19,0.0,
FD004,74,20,0.0,
FD004,74,21,0.0,
FD004,74,22,0.0,
FD004,74,23,0.0,
FD004,74,24,0.0,
FD004,74,25,0.0,
FD004,74,26,0.0,
FD004,74,27,0.0,
FD004,74,28,0.0,
FD004,74,29,0.0,
FD004,74,30,0.0,
FD004,74,31,0.0,
FD004,74,32,0.0,
FD004,74,33,0.0,
FD004,74,34,0.0,
FD004,74,35,0.0,
FD004,74,36,0.0,
FD004,74,37,0.0,
FD004,74,38,0.0,
FD004,74,39,0.0,
FD004,74,40,0.0,
FD004,74,41,0.0,
FD004,74,42,0.0,
FD004,74,43,0.0,
FD004,74,44,0.0,
FD004,74,45,0.0,
FD004,74,46,0.0,
FD004,74,47,0.0,
FD004,74,48,0.0,
FD004,74,49,0.0,
FD004,74,50,7.9424,
FD004,74,51,11.1241,
FD004,74,52,8.737,
FD004,74,53,8.2822,
FD004,74,54,7.6909,
FD004,74,55,6.0918,
FD004,74,56,7.7138,
FD004,74,57,7.7079,
FD004,74,58,10.3564,
FD004,74,59,7.0304,
FD004,74,60,8.5366,
FD004,74,61,7.5077,
FD004,74,62,7.0576,
FD004,74,63,7.9243,
FD004,74,64,8.3086,
FD004,74,65,11.6344,
FD004,74,66,7.4875,
FD004,74,67,7.1985,
FD004,74,68,7.1363,
FD004,74,69,7.3816,
FD004,74,70,6.5665,
FD004,74,71,9.1647,
FD004,74,72,8.2841,
FD004,74,73,9.5129,
FD004,74,74,9.8444,
FD004,74,75,8.0405,
FD004,74,76,6.5787,
FD004,74,77,9.4039,
FD004,74,78,10.7054,
FD004,74,79,10.3325,
FD004,74,80,12.3926,
FD004,74,81,8.9193,
FD004,74,82,9.9523,
FD004,74,83,9.0059,
FD004,74,84,10.1626,
FD004,74,85,8.3216,
FD004,74,86,6.666,
FD004,74,87,12.1431,
FD004,74,88,11.364,
FD004,74,89,11.5907,
FD004,74,90,10.8972,
FD004,74,91,8.8542,
FD004,74,92,7.7541,
FD004,74,93,8.1397,
FD004,74,94,7.1214,
FD004,74,95,6.3394,
FD004,74,96,5.7124,
FD004,74,97,6.6294,
FD004,74,98,6.5702,
FD004,74,99,8.1168,
FD004,74,100,9.6907,
FD004,74,101,10.044,
FD004,74,102,9.0897,
FD004,74,103,12.5078,
FD004,74,104,10.595,
FD004,74,105,13.8016,
FD004,74,106,15.2087,
FD004,74,107,11.6723,
FD004,74,108,11.9222,
FD004,74,109,14.0392,
FD004,74,110,16.8022,
FD004,74,111,12.1992,
FD004,74,112,13.9072,
FD004,74,113,13.1799,
FD004,74,114,6.3396,
FD004,74,115,7.3504,
FD004,74,116,6.433,
FD004,74,117,7.3016,
FD004,74,118,6.9892,
FD004,74,119,6.3372,
FD004,74,120,5.3996,
FD004,74,121,5.3776,
FD004,74,122,5.9924,
FD004,74,123,5.1894,
FD004,74,124,5.5327,
FD004,74,125,9.8033,
FD004,74,126,9.0171,
FD004,74,127,6.1419,
FD004,74,128,6.5726,
FD004,74,129,10.5564,
FD004,74,130,6.6726,
FD004,74,131,7.4573,
FD004,74,132,6.7212,
FD004,74,133,6.9746,
FD004,74,134,9.433,
FD004,74,135,12.3292,
FD004,74,136,12.9975,
FD004,74,137,15.5772,
FD004,74,138,16.0053,
FD004,74,139,13.669,
FD004,74,140,16.4307,
FD004,74,141,18.3107,
FD004,74,142,15.6357,
FD004,74,143,15.2977,
FD004,74,144,19.5788,
FD004,74,145,20.0902,
FD004,74,146,23.6621,
FD004,74,147,19.8742,
FD004,74,148,21.1447,
FD004,74,149,21.3041,
FD004,74,150,17.9787,
FD004,74,151,14.5301,
FD004,74,152,8.0976,
FD004,74,153,10.2811,
FD004,74,154,9.7257,
FD004,74,155,7.6709,
FD004,74,156,5.5611,
FD004,74,157,7.7282,
FD004,74,158,7.6287,
FD004,74,159,6.7578,
FD004,74,160,7.6247,
FD004,74,161,8.1061,
FD004,74,162,8.734,
FD004,74,163,8.4822,
FD004,74,164,9.5494,
FD004,74,165,6.8759,
FD004,74,166,9.0188,
FD004,74,167,11.1859,
FD004,74,168,11.3603,
FD004,74,169,10.5316,
FD004,74,170,9.9608,
FD004,74,171,10.3579,
FD004,74,172,10.8195,
FD004,74,173,9.5658,
FD004,74,174,8.8712,
FD004,74,175,9.1084,
FD004,74,176,12.3181,
FD004,74,177,18.3298,
FD004,74,178,16.4828,
FD004,74,179,14.8105,
FD004,74,180,10.2211,
FD004,74,181,9.8207,
FD004,74,182,7.9457,
FD004,74,183,10.1794,
FD004,74,184,6.6411,
FD004,74,185,6.7725,
FD004,74,186,7.819,
FD004,74,187,6.9845,
FD004,74,188,8.05,
FD004,74,189,10.4148,
FD004,74,190,10.2911,
FD004,74,191,8.581,
FD004,74,192,8.7115,
FD004,74,193,8.0258,
FD004,74,194,9.8565,
FD004,74,195,14.9188,
FD004,74,196,12.3894,
FD004,74,197,11.2554,
FD004,74,198,18.0068,
FD004,74,199,11.9641,
FD004,74,200,12.4041,
FD004,74,201,15.1983,
FD004,74,202,17.3795,
FD004,74,203,11.8365,
FD004,74,204,7.9252,
FD004,74,205,7.0641,
FD004,74,206,8.6012,
FD004,74,207,9.0745,
FD004,74,208,10.6837,
FD004,74,209,12.0021,
FD004,74,210,13.0118,
FD004,74,211,9.0386,
FD004,74,212,11.1348,
FD004,74,213,6.7906,
FD004,74,214,6.4882,
FD004,74,215,4.8538,
FD004,74,216,5.5344,
FD004,74,217,5.92,
FD004,74,218,6.2069,
FD004,74,219,7.7761,
FD004,74,220,7.0013,
FD004,74,221,5.6016,
FD004,74,222,6.3965,
FD004,74,223,7.4247,
FD004,75,1,0.0,
FD004,75,2,0.0,
FD004,75,3,0.0,
FD004,75,4,0.0,
FD004,75,5,0.0,
FD004,75,6,0.0,
FD004,75,7,0.0,
FD004,75,8,0.0,
FD004,75,9,0.0,
FD004,75,10,0.0,
FD004,75,11,0.0,
FD004,75,12,0.0,
FD004,75,13,0.0,
FD004,75,14,0.0,
FD004,75,15,0.0,
FD004,75,16,0.0,
FD004,75,17,0.0,
FD004,75,18,0.0,
FD004,75,19,0.0,
FD004,75,20,0.0,
FD004,75,21,0.0,
FD004,75,22,0.0,
FD004,75,23,0.0,
FD004,75,24,0.0,
FD004,75,25,0.0,
FD004,75,26,0.0,
FD004,75,27,0.0,
FD004,75,28,0.0,
FD004,75,29,0.0,
FD004,75,30,0.0,
FD004,75,31,0.0,
FD004,75,32,0.0,
FD004,75,33,0.0,
FD004,75,34,0.0,
FD004,75,35,0.0,
FD004,75,36,0.0,
FD004,75,37,0.0,
FD004,75,38,0.0,
FD004,75,39,0.0,
FD004,75,40,0.0,
FD004,75,41,0.0,
FD004,75,42,0.0,
FD004,75,43,0.0,
FD004,75,44,0.0,
FD004,75,45,0.0,
FD004,75,46,0.0,
FD004,75,47,0.0,
FD004,75,48,0.0,
FD004,75,49,0.0,
FD004,75,50,7.4844,
FD004,75,51,6.4865,
FD004,75,52,8.1,
FD004,75,53,7.385,
FD004,75,54,10.3576,
FD004,75,55,11.7211,
FD004,75,56,9.1752,
FD004,75,57,15.9089,
FD004,75,58,9.7598,
FD004,75,59,5.7292,
FD004,75,60,8.1928,
FD004,75,61,5.4526,
FD004,75,62,5.7837,
FD004,75,63,5.6154,
FD004,75,64,6.7182,
FD004,75,65,9.2429,
FD004,75,66,8.3669,
FD004,75,67,7.2113,
FD004,75,68,9.9851,
FD004,75,69,7.3189,
FD004,75,70,6.5651,
FD004,75,71,6.7364,
FD004,75,72,9.674,
FD004,75,73,6.6993,
FD004,75,74,5.6458,
FD004,75,75,4.8136,
FD004,75,76,4.8978,
FD004,75,77,5.8258,
FD004,75,78,6.1239,
FD004,75,79,8.8367,
FD004,75,80,9.1481,
FD004,75,81,11.0307,
FD004,75,82,11.2424,
FD004,75,83,7.9867,
FD004,75,84,7.9157,
FD004,75,85,7.8536,
FD004,75,86,7.6811,
FD004,75,87,8.2026,
FD004,75,88,8.4997,
FD004,75,89,8.9063,
FD004,75,90,5.8907,
FD004,75,91,5.7244,
FD004,75,92,15.0781,
FD004,75,93,11.2912,
FD004,75,94,7.7212,
FD004,75,95,8.3071,
FD004,75,96,6.7579,
FD004,75,97,7.5963,
FD004,75,98,6.8398,
FD004,75,99,6.9786,
FD004,75,100,7.6127,
FD004,75,101,7.6073,
FD004,75,102,7.4709,
FD004,75,103,8.0574,
FD004,75,104,7.4429,
FD004,75,105,6.2429,
FD004,75,106,8.1971,
FD004,75,107,8.2622,
FD004,75,108,7.606,
FD004,75,109,6.8336,
FD004,75,110,9.7897,
FD004,75,111,11.0293,
FD004,75,112,11.0925,
FD004,75,113,8.3036,
FD004,75,114,9.5133,
FD004,75,115,6.9866,
FD004,75,116,7.1104,
FD004,75,117,7.373,
FD004,75,118,7.1637,
FD004,75,119,7.1326,
FD004,75,120,7.7805,
FD004,75,121,8.6519,
FD004,75,122,14.8959,
FD004,75,123,11.9015,
FD004,75,124,10.8165,
FD004,75,125,7.7425,
FD004,75,126,9.0256,
FD004,75,127,11.5676,
FD004,75,128,10.5911,
FD004,75,129,11.8477,
FD004,75,130,13.2276,
FD004,75,131,11.1366,
FD004,75,132,11.9624,
FD004,75,133,11.3292,
FD004,75,134,11.2485,
FD004,75,135,11.5626,
FD004,75,136,12.777,
FD004,75,137,8.9663,
FD004,75,138,8.5196,
FD004,75,139,9.2975,
FD004,75,140,13.9734,
FD004,75,141,8.1175,
FD004,75,142,7.7241,
FD004,75,143,7.0326,
FD004,75,144,6.4749,
FD004,75,145,6.8768,
FD004,75,146,7.2797,
FD004,75,147,8.1948,
FD004,75,148,7.7357,
FD004,75,149,7.7432,
FD004,75,150,7.6427,
FD004,75,151,8.1706,
FD004,75,152,7.6254,
FD004,75,153,14.0198,
FD004,75,154,18.2806,
FD004,75,155,25.7777,
FD004,75,156,15.9816,
FD004,75,157,17.559,
FD004,75,158,13.784,
FD004,75,159,11.2796,
FD004,75,160,8.8941,
FD004,75,161,10.035,
FD004,75,162,10.567,
FD004,75,163,10.8089,
FD004,75,164,6.1034,
FD004,75,165,5.8876,
FD004,75,166,6.5054,
FD004,75,167,6.3496,
FD004,75,168,5.5681,
FD004,75,169,8.111,
FD004,75,170,6.0439,
FD004,75,171,6.4114,
FD004,75,172,7.992,
FD004,75,173,7.515,
FD004,75,174,7.452,
FD004,75,175,7.3986,
FD004,75,176,5.5549,
FD004,75,177,5.8709,
FD004,75,178,5.427,
FD004,75,179,5.5788,
FD004,75,180,6.0108,
FD004,75,181,7.0128,
FD004,75,182,8.2507,
FD004,75,183,8.8065,
FD004,75,184,9.4675,
FD004,75,185,10.9611,
FD004,75,186,11.3308,
FD004,75,187,11.3636,
FD004,75,188,10.5379,
FD004,75,189,10.8325,
FD004,75,190,13.196,
FD004,75,191,10.9565,
FD004,75,192,12.1501,
FD004,75,193,13.2536,
FD004,75,194,13.134,
FD004,75,195,12.0623,
FD004,75,196,8.2154,
FD004,75,197,9.1733,
FD004,75,198,8.785,
FD004,75,199,9.0704,
FD004,75,200,8.5758,
FD004,75,201,8.9779,
FD004,75,202,8.1754,
FD004,75,203,7.7489,
FD004,76,1,0.0,
FD004,76,2,0.0,
FD004,76,3,0.0,
FD004,76,4,0.0,
FD004,76,5,0.0,
FD004,76,6,0.0,
FD004,76,7,0.0,
FD004,76,8,0.0,
FD004,76,9,0.0,
FD004,76,10,0.0,
FD004,76,11,0.0,
FD004,76,12,0.0,
FD004,76,13,0.0,
FD004,76,14,0.0,
FD004,76,15,0.0,
FD004,76,16,0.0,
FD004,76,17,0.0,
FD004,76,18,0.0,
FD004,76,19,0.0,
FD004,76,20,0.0,
FD004,76,21,0.0,
FD004,76,22,0.0,
FD004,76,23,0.0,
FD004,76,24,0.0,
FD004,76,25,0.0,
FD004,76,26,0.0,
FD004,76,27,0.0,
FD004,76,28,0.0,
FD004,76,29,0.0,
FD004,76,30,0.0,
FD004,76,31,0.0,
FD004,76,32,0.0,
FD004,76,33,0.0,
FD004,76,34,0.0,
FD004,76,35,0.0,
FD004,76,36,0.0,
FD004,76,37,0.0,
FD004,76,38,0.0,
FD004,76,39,0.0,
FD004,76,40,0.0,
FD004,76,41,0.0,
FD004,76,42,0.0,
FD004,76,43,0.0,
FD004,76,44,0.0,
FD004,76,45,0.0,
FD004,76,46,0.0,
FD004,76,47,0.0,
FD004,76,48,0.0,
FD004,77,1,0.0,
FD004,77,2,0.0,
FD004,77,3,0.0,
FD004,77,4,0.0,
FD004,77,5,0.0,
FD004,77,6,0.0,
FD004,77,7,0.0,
FD004,77,8,0.0,
FD004,77,9,0.0,
FD004,77,10,0.0,
FD004,77,11,0.0,
FD004,77,12,0.0,
FD004,77,13,0.0,
FD004,77,14,0.0,
FD004,77,15,0.0,
FD004,77,16,0.0,
FD004,77,17,0.0,
FD004,77,18,0.0,
FD004,77,19,0.0,
FD004,77,20,0.0,
FD004,77,21,0.0,
FD004,77,22,0.0,
FD004,77,23,0.0,
FD004,77,24,0.0,
FD004,77,25,0.0,
FD004,77,26,0.0,
FD004,77,27,0.0,
FD004,77,28,0.0,
FD004,77,29,0.0,
FD004,77,30,0.0,
FD004,77,31,0.0,
FD004,77,32,0.0,
FD004,77,33,0.0,
FD004,77,34,0.0,
FD004,77,35,0.0,
FD004,77,36,0.0,
FD004,77,37,0.0,
FD004,77,38,0.0,
FD004,77,39,0.0,
FD004,77,40,0.0,
FD004,77,41,0.0,
FD004,77,42,0.0,
FD004,77,43,0.0,
FD004,77,44,0.0,
FD004,77,45,0.0,
FD004,77,46,0.0,
FD004,77,47,0.0,
FD004,77,48,0.0,
FD004,77,49,0.0,
FD004,77,50,8.3782,
FD004,77,51,8.619,
FD004,77,52,7.2849,
FD004,77,53,7.0073,
FD004,77,54,8.7693,
FD004,77,55,6.8022,
FD004,77,56,6.081,
FD004,77,57,6.0531,
FD004,77,58,6.7741,
FD004,77,59,7.2248,
FD004,77,60,7.4064,
FD004,77,61,6.723,
FD004,77,62,6.9012,
FD004,77,63,6.2892,
FD004,77,64,6.1434,
FD004,77,65,6.8164,
FD004,77,66,7.1879,
FD004,77,67,8.1632,
FD004,77,68,8.0055,
FD004,77,69,7.0663,
FD004,77,70,6.3957,
FD004,77,71,6.5692,
FD004,77,72,8.3153,
FD004,77,73,9.1477,
FD004,77,74,7.9669,
FD004,77,75,6.9321,
FD004,77,76,6.5471,
FD004,77,77,12.0827,
FD004,77,78,11.4686,
FD004,77,79,7.2984,
FD004,77,80,7.662,
FD004,77,81,6.4043,
FD004,77,82,6.0626,
FD004,77,83,7.6024,
FD004,77,84,10.7369,
FD004,77,85,8.388,
FD004,77,86,7.3093,
FD004,77,87,5.0235,
FD004,77,88,6.7367,
FD004,77,89,7.196,
FD004,77,90,6.6462,
FD004,77,91,6.2342,
FD004,77,92,6.3432,
FD004,77,93,6.4847,
FD004,77,94,7.0247,
FD004,77,95,7.6308,
FD004,77,96,9.352,
FD004,77,97,9.2223,
FD004,77,98,9.353,
FD004,77,99,9.2482,
FD004,77,100,8.8239,
FD004,77,101,8.7251,
FD004,77,102,7.5977,
FD004,77,103,7.8906,
FD004,77,104,8.813,
FD004,77,105,8.5159,
FD004,77,106,9.2237,
FD004,77,107,8.2289,
FD004,77,108,6.6091,
FD004,78,1,0.0,
FD004,78,2,0.0,
FD004,78,3,0.0,
FD004,78,4,0.0,
FD004,78,5,0.0,
FD004,78,6,0.0,
FD004,78,7,0.0,
FD004,78,8,0.0,
FD004,78,9,0.0,
FD004,78,10,0.0,
FD004,78,11,0.0,
FD004,78,12,0.0,
FD004,78,13,0.0,
FD004,78,14,0.0,
FD004,78,15,0.0,
FD004,78,16,0.0,
FD004,78,17,0.0,
FD004,78,18,0.0,
FD004,78,19,0.0,
FD004,78,20,0.0,
FD004,78,21,0.0,
FD004,78,22,0.0,
FD004,78,23,0.0,
FD004,78,24,0.0,
FD004,78,25,0.0,
FD004,78,26,0.0,
FD004,78,27,0.0,
FD004,78,28,0.0,
FD004,78,29,0.0,
FD004,78,30,0.0,
FD004,78,31,0.0,
FD004,78,32,0.0,
FD004,78,33,0.0,
FD004,78,34,0.0,
FD004,78,35,0.0,
FD004,78,36,0.0,
FD004,78,37,0.0,
FD004,78,38,0.0,
FD004,78,39,0.0,
FD004,78,40,0.0,
FD004,78,41,0.0,
FD004,78,42,0.0,
FD004,78,43,0.0,
FD004,78,44,0.0,
FD004,78,45,0.0,
FD004,78,46,0.0,
FD004,78,47,0.0,
FD004,78,48,0.0,
FD004,78,49,0.0,
FD004,78,50,4.4435,
FD004,78,51,4.4178,
FD004,78,52,4.7614,
FD004,78,53,4.8942,
FD004,78,54,4.6911,
FD004,78,55,5.6889,
FD004,78,56,8.2992,
FD004,78,57,13.4262,
FD004,78,58,20.6034,
FD004,78,59,23.9856,
FD004,78,60,23.4659,
FD004,78,61,15.824,
FD004,78,62,15.248,
FD004,78,63,12.6505,
FD004,78,64,12.8029,
FD004,78,65,12.9458,
FD004,78,66,14.9744,
FD004,78,67,10.932,
FD004,78,68,9.1014,
FD004,78,69,8.2069,
FD004,78,70,8.7255,
FD004,78,71,9.6892,
FD004,78,72,6.3342,
FD004,78,73,9.4487,
FD004,78,74,7.2295,
FD004,78,75,8.8793,
FD004,78,76,5.9198,
FD004,78,77,5.2482,
FD004,78,78,7.229,
FD004,78,79,11.1039,
FD004,78,80,10.6822,
FD004,78,81,10.8046,
FD004,78,82,11.104,
FD004,78,83,12.3872,
FD004,78,84,11.1122,
FD004,78,85,15.1151,
FD004,78,86,15.3525,
FD004,78,87,17.3365,
FD004,78,88,15.7752,
FD004,78,89,14.6829,
FD004,78,90,14.5684,
FD004,78,91,14.5298,
FD004,78,92,11.4847,
FD004,78,93,11.1343,
FD004,78,94,10.9271,
FD004,78,95,9.818,
FD004,78,96,10.8688,
FD004,78,97,10.5145,
FD004,78,98,9.7241,
FD004,78,99,11.3038,
FD004,78,100,12.7836,
FD004,78,101,9.495,
FD004,78,102,10.3914,
FD004,78,103,6.3647,
FD004,78,104,5.1712,
FD004,78,105,9.7051,
FD004,78,106,7.4814,
FD004,79,1,0.0,
FD004,79,2,0.0,
FD004,79,3,0.0,
FD004,79,4,0.0,
FD004,79,5,0.0,
FD004,79,6,0.0,
FD004,79,7,0.0,
FD004,79,8,0.0,
FD004,79,9,0.0,
FD004,79,10,0.0,
FD004,79,11,0.0,
FD004,79,12,0.0,
FD004,79,13,0.0,
FD004,79,14,0.0,
FD004,79,15,0.0,
FD004,79,16,0.0,
FD004,79,17,0.0,
FD004,79,18,0.0,
FD004,79,19,0.0,
FD004,79,20,0.0,
FD004,79,21,0.0,
FD004,79,22,0.0,
FD004,79,23,0.0,
FD004,79,24,0.0,
FD004,79,25,0.0,
FD004,79,26,0.0,
FD004,79,27,0.0,
FD004,79,28,0.0,
FD004,79,29,0.0,
FD004,79,30,0.0,
FD004,79,31,0.0,
FD004,79,32,0.0,
FD004,79,33,0.0,
FD004,79,34,0.0,
FD004,79,35,0.0,
FD004,79,36,0.0,
FD004,79,37,0.0,
FD004,79,38,0.0,
FD004,79,39,0.0,
FD004,79,40,0.0,
FD004,79,41,0.0,
FD004,79,42,0.0,
FD004,79,43,0.0,
FD004,79,44,0.0,
FD004,79,45,0.0,
FD004,79,46,0.0,
FD004,79,47,0.0,
FD004,79,48,0.0,
FD004,79,49,0.0,
FD004,79,50,5.4771,
FD004,79,51,8.5656,
FD004,79,52,7.9248,
FD004,79,53,8.249,
FD004,79,54,8.6834,
FD004,79,55,8.9664,
FD004,79,56,11.5718,
FD004,79,57,8.4906,
FD004,79,58,7.0147,
FD004,79,59,5.6609,
FD004,79,60,6.5294,
FD004,79,61,7.3235,
FD004,79,62,7.127,
FD004,79,63,10.444,
FD004,79,64,7.7848,
FD004,79,65,8.6325,
FD004,79,66,7.611,
FD004,79,67,9.2946,
FD004,79,68,11.1408,
FD004,79,69,11.4166,
FD004,79,70,10.6895,
FD004,79,71,11.5849,
FD004,79,72,9.3713,
FD004,79,73,12.2266,
FD004,79,74,11.3717,
FD004,79,75,6.1243,
FD004,79,76,10.2145,
FD004,79,77,10.4537,
FD004,79,78,11.2888,
FD004,79,79,10.5406,
FD004,79,80,8.3395,
FD004,79,81,8.7934,
FD004,79,82,8.9603,
FD004,79,83,8.7833,
FD004,79,84,10.1399,
FD004,79,85,8.1795,
FD004,79,86,10.7065,
FD004,79,87,11.2378,
FD004,79,88,8.7452,
FD004,79,89,8.265,
FD004,79,90,7.6772,
FD004,79,91,7.6548,
FD004,79,92,10.5965,
FD004,79,93,11.6767,
FD004,79,94,11.6283,
FD004,79,95,13.533,
FD004,79,96,12.5532,
FD004,79,97,14.1177,
FD004,79,98,13.0855,
FD004,79,99,13.2116,
FD004,79,100,13.9637,
FD004,79,101,15.6538,
FD004,79,102,13.8925,
FD004,79,103,9.1593,
FD004,79,104,8.4467,
FD004,79,105,8.1485,
FD004,79,106,7.4839,
FD004,79,107,5.3838,
FD004,79,108,6.1624,
FD004,79,109,7.927,
FD004,79,110,7.0182,
FD004,79,111,8.3651,
FD004,79,112,9.155,
FD004,79,113,11.8724,
FD004,79,114,9.292,
FD004,79,115,11.5222,
FD004,79,116,12.6533,
FD004,79,117,14.0696,
FD004,79,118,11.7774,
FD004,79,119,11.6824,
FD004,79,120,11.4881,
FD004,79,121,11.3969,
FD004,79,122,12.8273,
FD004,79,123,13.4524,
FD004,79,124,11.5486,
FD004,79,125,11.5879,
FD004,79,126,14.0474,
FD004,79,127,12.351,
FD004,79,128,10.5124,
FD004,79,129,10.3932,
FD004,79,130,15.629,
FD004,79,131,15.9505,
FD004,79,132,11.2482,
FD004,79,133,8.5562,
FD004,79,134,7.887,
FD004,79,135,7.7678,
FD004,79,136,11.6149,
FD004,79,137,15.172,
FD004,79,138,13.0848,
FD004,79,139,13.1596,
FD004,79,140,13.3268,
FD004,79,141,13.2799,
FD004,79,142,12.6507,
FD004,79,143,13.7358,
FD004,79,144,10.8186,
FD004,79,145,13.7927,
FD004,79,146,12.4404,
FD004,79,147,13.0342,
FD004,79,148,8.4099,
FD004,79,149,7.2779,
FD004,79,150,9.5922,
FD004,79,151,10.2563,
FD004,79,152,10.948,
FD004,79,153,9.9608,
FD004,79,154,6.7121,
FD004,79,155,8.8236,
FD004,79,156,7.4637,
FD004,79,157,9.2738,
FD004,79,158,8.8261,
FD004,79,159,9.9238,
FD004,79,160,9.2637,
FD004,79,161,9.805,
FD004,79,162,12.4856,
FD004,79,163,14.0532,
FD004,79,164,14.6596,
FD004,79,165,14.3499,
FD004,79,166,13.8282,
FD004,79,167,9.1231,
FD004,79,168,9.3186,
FD004,79,169,9.3888,
FD004,79,170,9.7692,
FD004,79,171,8.7749,
FD004,79,172,8.6256,
FD004,79,173,6.824,
FD004,79,174,6.3119,
FD004,79,175,6.1316,
FD004,79,176,5.6543,
FD004,79,177,5.5282,
FD004,79,178,7.8139,
FD004,79,179,7.0761,
FD004,79,180,7.187,
FD004,79,181,8.6903,
FD004,79,182,11.8279,
FD004,79,183,6.6906,
FD004,79,184,7.3705,
FD004,80,1,0.0,
FD004,80,2,0.0,
FD004,80,3,0.0,
FD004,80,4,0.0,
FD004,80,5,0.0,
FD004,80,6,0.0,
FD004,80,7,0.0,
FD004,80,8,0.0,
FD004,80,9,0.0,
FD004,80,10,0.0,
FD004,80,11,0.0,
FD004,80,12,0.0,
FD004,80,13,0.0,
FD004,80,14,0.0,
FD004,80,15,0.0,
FD004,80,16,0.0,
FD004,80,17,0.0,
FD004,80,18,0.0,
FD004,80,19,0.0,
FD004,80,20,0.0,
FD004,80,21,0.0,
FD004,80,22,0.0,
FD004,80,23,0.0,
FD004,80,24,0.0,
FD004,80,25,0.0,
FD004,80,26,0.0,
FD004,80,27,0.0,
FD004,80,28,0.0,
FD004,80,29,0.0,
FD004,80,30,0.0,
FD004,80,31,0.0,
FD004,80,32,0.0,
FD004,80,33,0.0,
FD004,80,34,0.0,
FD004,80,35,0.0,
FD004,80,36,0.0,
FD004,80,37,0.0,
FD004,80,38,0.0,
FD004,80,39,0.0,
FD004,80,40,0.0,
FD004,80,41,0.0,
FD004,80,42,0.0,
FD004,80,43,0.0,
FD004,80,44,0.0,
FD004,80,45,0.0,
FD004,80,46,0.0,
FD004,80,47,0.0,
FD004,80,48,0.0,
FD004,80,49,0.0,
FD004,80,50,5.8837,
FD004,80,51,5.8294,
FD004,80,52,5.4365,
FD004,80,53,5.8799,
FD004,80,54,3.9878,
FD004,80,55,5.5669,
FD004,80,56,4.2661,
FD004,80,57,5.1023,
FD004,80,58,5.615,
FD004,80,59,5.5857,
FD004,80,60,7.3294,
FD004,80,61,6.0642,
FD004,80,62,15.6773,
FD004,80,63,13.24,
FD004,80,64,12.7557,
FD004,80,65,5.9865,
FD004,80,66,8.8683,
FD004,80,67,7.5416,
FD004,80,68,7.9013,
FD004,80,69,10.8065,
FD004,80,70,7.7379,
FD004,80,71,8.5576,
FD004,80,72,6.7644,
FD004,80,73,8.3574,
FD004,80,74,8.9858,
FD004,80,75,6.9096,
FD004,80,76,6.8061,
FD004,80,77,7.7066,
FD004,80,78,6.4117,
FD004,80,79,7.2232,
FD004,80,80,8.2372,
FD004,80,81,8.2195,
FD004,80,82,11.213,
FD004,80,83,7.291,
FD004,80,84,9.362,
FD004,80,85,8.7203,
FD004,80,86,8.3546,
FD004,80,87,7.0517,
FD004,80,88,7.9348,
FD004,80,89,9.9057,
FD004,80,90,8.0803,
FD004,80,91,8.1291,
FD004,80,92,8.6568,
FD004,80,93,8.5607,
FD004,80,94,8.1148,
FD004,80,95,8.0607,
FD004,80,96,6.8513,
FD004,80,97,8.1098,
FD004,80,98,6.229,
FD004,80,99,5.7405,
FD004,80,100,7.6662,
FD004,80,101,5.8595,
FD004,80,102,6.0908,
FD004,80,103,6.5323,
FD004,80,104,5.5056,
FD004,80,105,6.0698,
FD004,80,106,6.6917,
FD004,80,107,6.7853,
FD004,80,108,9.7436,
FD004,80,109,8.7191,
FD004,80,110,11.0923,
FD004,80,111,12.5436,
FD004,80,112,14.0338,
FD004,81,1,0.0,
FD004,81,2,0.0,
FD004,81,3,0.0,
FD004,81,4,0.0,
FD004,81,5,0.0,
FD004,81,6,0.0,
FD004,81,7,0.0,
FD004,81,8,0.0,
FD004,81,9,0.0,
FD004,81,10,0.0,
FD004,81,11,0.0,
FD004,81,12,0.0,
FD004,81,13,0.0,
FD004,81,14,0.0,
FD004,81,15,0.0,
FD004,81,16,0.0,
FD004,81,17,0.0,
FD004,81,18,0.0,
FD004,81,19,0.0,
FD004,81,20,0.0,
FD004,81,21,0.0,
FD004,81,22,0.0,
FD004,81,23,0.0,
FD004,81,24,0.0,
FD004,81,25,0.0,
FD004,81,26,0.0,
FD004,81,27,0.0,
FD004,81,28,0.0,
FD004,81,29,0.0,
FD004,81,30,0.0,
FD004,81,31,0.0,
FD004,81,32,0.0,
FD004,81,33,0.0,
FD004,81,34,0.0,
FD004,81,35,0.0,
FD004,81,36,0.0,
FD004,81,37,0.0,
FD004,81,38,0.0,
FD004,81,39,0.0,
FD004,81,40,0.0,
FD004,81,41,0.0,
FD004,81,42,0.0,
FD004,81,43,0.0,
FD004,81,44,0.0,
FD004,81,45,0.0,
FD004,81,46,0.0,
FD004,81,47,0.0,
FD004,81,48,0.0,
FD004,81,49,0.0,
FD004,81,50,9.6642,
FD004,81,51,10.4458,
FD004,81,52,8.7597,
FD004,81,53,7.9131,
FD004,81,54,6.442,
FD004,81,55,8.2276,
FD004,81,56,8.1514,
FD004,81,57,8.2991,
FD004,81,58,9.2721,
FD004,81,59,9.3851,
FD004,81,60,8.3017,
FD004,82,1,0.0,
FD004,82,2,0.0,
FD004,82,3,0.0,
FD004,82,4,0.0,
FD004,82,5,0.0,
FD004,82,6,0.0,
FD004,82,7,0.0,
FD004,82,8,0.0,
FD004,82,9,0.0,
FD004,82,10,0.0,
FD004,82,11,0.0,
FD004,82,12,0.0,
FD004,82,13,0.0,
FD004,82,14,0.0,
FD004,82,15,0.0,
FD004,82,16,0.0,
FD004,82,17,0.0,
FD004,82,18,0.0,
FD004,82,19,0.0,
FD004,82,20,0.0,
FD004,82,21,0.0,
FD004,82,22,0.0,
FD004,82,23,0.0,
FD004,82,24,0.0,
FD004,82,25,0.0,
FD004,82,26,0.0,
FD004,82,27,0.0,
FD004,82,28,0.0,
FD004,82,29,0.0,
FD004,82,30,0.0,
FD004,82,31,0.0,
FD004,82,32,0.0,
FD004,82,33,0.0,
FD004,82,34,0.0,
FD004,82,35,0.0,
FD004,82,36,0.0,
FD004,82,37,0.0,
FD004,82,38,0.0,
FD004,82,39,0.0,
FD004,82,40,0.0,
FD004,82,41,0.0,
FD004,82,42,0.0,
FD004,82,43,0.0,
FD004,82,44,0.0,
FD004,82,45,0.0,
FD004,82,46,0.0,
FD004,82,47,0.0,
FD004,82,48,0.0,
FD004,82,49,0.0,
FD004,82,50,10.3566,
FD004,82,51,10.6963,
FD004,82,52,9.5953,
FD004,82,53,9.9726,
FD004,82,54,17.7755,
FD004,82,55,16.2428,
FD004,82,56,13.2415,
FD004,82,57,12.1147,
FD004,82,58,13.4473,
FD004,82,59,10.4222,
FD004,82,60,11.0267,
FD004,82,61,11.5215,
FD004,82,62,10.7139,
FD004,82,63,10.2963,
FD004,82,64,9.1454,
FD004,82,65,9.5809,
FD004,82,66,10.4035,
FD004,82,67,13.894,
FD004,82,68,10.1399,
FD004,82,69,9.8685,
FD004,82,70,9.785,
FD004,82,71,11.0808,
FD004,82,72,7.4837,
FD004,82,73,6.0046,
FD004,82,74,9.9758,
FD004,82,75,7.6988,
FD004,82,76,11.2215,
FD004,82,77,9.5725,
FD004,82,78,6.3805,
FD004,82,79,9.9047,
FD004,82,80,9.15,
FD004,82,81,7.7041,
FD004,82,82,6.8116,
FD004,82,83,6.3392,
FD004,82,84,8.4815,
FD004,82,85,7.5347,
FD004,82,86,8.4595,
FD004,82,87,8.7662,
FD004,82,88,8.535,
FD004,82,89,10.8006,
FD004,82,90,7.179,
FD004,82,91,9.5012,
FD004,82,92,8.8475,
FD004,82,93,9.7935,
FD004,82,94,9.285,
FD004,82,95,7.9498,
FD004,82,96,11.8025,
FD004,82,97,8.4173,
FD004,82,98,7.4948,
FD004,82,99,10.2641,
FD004,82,100,10.4485,
FD004,82,101,14.9817,
FD004,82,102,9.786,
FD004,82,103,9.3495,
FD004,82,104,8.8615,
FD004,82,105,10.6636,
FD004,82,106,9.9917,
FD004,82,107,12.0198,
FD004,82,108,9.578,
FD004,82,109,13.0665,
FD004,82,110,13.2229,
FD004,82,111,12.3104,
FD004,82,112,12.0938,
FD004,82,113,11.6824,
FD004,82,114,10.3367,
FD004,82,115,8.4939,
FD004,82,116,7.5107,
FD004,82,117,8.269,
FD004,82,118,7.7195,
FD004,82,119,8.0682,
FD004,82,120,6.8882,
FD004,82,121,6.4696,
FD004,82,122,6.9021,
FD004,82,123,7.872,
FD004,82,124,8.2181,
FD004,82,125,7.2064,
FD004,82,126,8.337,
FD004,82,127,7.5557,
FD004,82,128,8.6101,
FD004,82,129,8.7829,
FD004,82,130,8.4446,
FD004,82,131,6.354,
FD004,82,132,7.9532,
FD004,82,133,8.7159,
FD004,82,134,7.5134,
FD004,82,135,10.9227,
FD004,82,136,8.4155,
FD004,82,137,9.194,
FD004,82,138,9.7395,
FD004,82,139,9.5106,
FD004,82,140,10.0079,
FD004,82,141,9.7378,
FD004,82,142,9.7588,
FD004,82,143,10.4375,
FD004,82,144,9.1372,
FD004,82,145,10.1654,
FD004,82,146,9.7108,
FD004,83,1,0.0,
FD004,83,2,0.0,
FD004,83,3,0.0,
FD004,83,4,0.0,
FD004,83,5,0.0,
FD004,83,6,0.0,
FD004,83,7,0.0,
FD004,83,8,0.0,
FD004,83,9,0.0,
FD004,83,10,0.0,
FD004,83,11,0.0,
FD004,83,12,0.0,
FD004,83,13,0.0,
FD004,83,14,0.0,
FD004,83,15,0.0,
FD004,83,16,0.0,
FD004,83,17,0.0,
FD004,83,18,0.0,
FD004,83,19,0.0,
FD004,83,20,0.0,
FD004,83,21,0.0,
FD004,83,22,0.0,
FD004,83,23,0.0,
FD004,83,24,0.0,
FD004,83,25,0.0,
FD004,83,26,0.0,
FD004,83,27,0.0,
FD004,83,28,0.0,
FD004,83,29,0.0,
FD004,83,30,0.0,
FD004,83,31,0.0,
FD004,83,32,0.0,
FD004,83,33,0.0,
FD004,83,34,0.0,
FD004,83,35,0.0,
FD004,83,36,0.0,
FD004,83,37,0.0,
FD004,83,38,0.0,
FD004,83,39,0.0,
FD004,83,40,0.0,
FD004,83,41,0.0,
FD004,83,42,0.0,
FD004,83,43,0.0,
FD004,83,44,0.0,
FD004,83,45,0.0,
FD004,83,46,0.0,
FD004,83,47,0.0,
FD004,83,48,0.0,
FD004,83,49,0.0,
FD004,83,50,12.1874,
FD004,83,51,12.2063,
FD004,83,52,15.2103,
FD004,83,53,13.3739,
FD004,83,54,13.1712,
FD004,83,55,10.8191,
FD004,83,56,10.3543,
FD004,83,57,12.0532,
FD004,83,58,11.0559,
FD004,83,59,10.3404,
FD004,83,60,9.2669,
FD004,83,61,8.9314,
FD004,83,62,6.6894,
FD004,83,63,6.1815,
FD004,83,64,8.2343,
FD004,83,65,7.6429,
FD004,83,66,10.1646,
FD004,83,67,10.0631,
FD004,83,68,8.3702,
FD004,83,69,8.0846,
FD004,83,70,7.2053,
FD004,83,71,7.0505,
FD004,83,72,6.7317,
FD004,83,73,6.434,
FD004,83,74,6.8644,
FD004,83,75,7.521,
FD004,83,76,5.9711,
FD004,83,77,6.5051,
FD004,83,78,7.596,
FD004,83,79,7.0646,
FD004,83,80,7.2384,
FD004,83,81,7.1698,
FD004,83,82,9.128,
FD004,83,83,9.463,
FD004,83,84,11.356,
FD004,83,85,14.828,
FD004,83,86,14.751,
FD004,83,87,14.2585,
FD004,83,88,14.3025,
FD004,83,89,15.0974,
FD004,83,90,15.5612,
FD004,83,91,14.9054,
FD004,83,92,15.005,
FD004,83,93,14.109,
FD004,83,94,14.0767,
FD004,83,95,10.6509,
FD004,83,96,11.0876,
FD004,83,97,8.9359,
FD004,83,98,10.3592,
FD004,83,99,10.3478,
FD004,83,100,10.4979,
FD004,83,101,14.902,
FD004,83,102,17.1401,
FD004,83,103,16.0283,
FD004,83,104,24.1392,
FD004,83,105,29.325,
FD004,83,106,32.6234,
FD004,83,107,31.6691,
FD004,83,108,33.8896,
FD004,83,109,20.1155,
FD004,83,110,12.1255,
FD004,83,111,10.8092,
FD004,83,112,11.0436,
FD004,83,113,10.0527,
FD004,83,114,9.4263,
FD004,83,115,9.4658,
FD004,83,116,9.4448,
FD004,83,117,9.3498,
FD004,83,118,9.0874,
FD004,83,119,9.0306,
FD004,83,120,7.8658,
FD004,83,121,7.8772,
FD004,83,122,10.2102,
FD004,83,123,10.2357,
FD004,83,124,10.4149,
FD004,83,125,10.8527,
FD004,83,126,9.4613,
FD004,83,127,10.0236,
FD004,83,128,9.1533,
FD004,83,129,8.5767,
FD004,83,130,8.2032,
FD004,83,131,12.3549,
FD004,83,132,9.7252,
FD004,83,133,9.0249,
FD004,83,134,8.2955,
FD004,83,135,7.923,
FD004,83,136,8.4098,
FD004,83,137,9.7237,
FD004,83,138,10.9878,
FD004,83,139,10.5346,
FD004,83,140,9.9544,
FD004,83,141,9.4265,
FD004,83,142,10.4358,
FD004,83,143,10.9844,
FD004,83,144,11.9374,
FD004,83,145,10.7307,
FD004,83,146,12.0744,
FD004,83,147,13.087,
FD004,83,148,12.0997,
FD004,83,149,10.9181,
FD004,83,150,12.1517,
FD004,83,151,13.3156,
FD004,83,152,10.3305,
FD004,83,153,9.9461,
FD004,83,154,10.6706,
FD004,83,155,10.1952,
FD004,83,156,11.9707,
FD004,83,157,13.4374,
FD004,83,158,11.3114,
FD004,83,159,11.0292,
FD004,83,160,13.1514,
FD004,83,161,9.9522,
FD004,83,162,10.4779,
FD004,83,163,10.7961,
FD004,83,164,9.7741,
FD004,83,165,9.3778,
FD004,83,166,9.9585,
FD004,83,167,10.5354,
FD004,83,168,7.2225,
FD004,83,169,7.9598,
FD004,83,170,7.5886,
FD004,83,171,7.9363,
FD004,83,172,6.9933,
FD004,83,173,7.4179,
FD004,83,174,8.4697,
FD004,83,175,9.0134,
FD004,83,176,9.034,
FD004,83,177,9.5663,
FD004,83,178,9.5336,
FD004,83,179,7.1403,
FD004,83,180,11.3721,
FD004,83,181,12.0733,
FD004,83,182,14.1422,
FD004,83,183,9.7316,
FD004,83,184,11.3582,
FD004,83,185,13.9179,
FD004,83,186,9.8886,
FD004,83,187,9.8404,
FD004,83,188,9.7354,
FD004,83,189,9.6409,
FD004,83,190,8.4353,
FD004,83,191,9.6337,
FD004,83,192,9.4917,
FD004,83,193,9.855,
FD004,83,194,10.9862,
FD004,83,195,9.896,
FD004,83,196,9.418,
FD004,83,197,10.2098,
FD004,83,198,12.3042,
FD004,83,199,11.2164,
FD004,83,200,10.7287,
FD004,83,201,11.2245,
FD004,83,202,10.8273,
FD004,83,203,10.6099,
FD004,83,204,9.4964,
FD004,83,205,10.3737,
FD004,83,206,9.8444,
FD004,83,207,9.8868,
FD004,83,208,8.2738,
FD004,83,209,7.6341,
FD004,83,210,8.276,
FD004,83,211,9.0035,
FD004,83,212,8.5995,
FD004,83,213,9.0268,
FD004,83,214,7.9225,
FD004,83,215,8.8617,
FD004,83,216,8.4537,
FD004,83,217,7.1973,
FD004,83,218,7.4764,
FD004,83,219,9.1925,
FD004,83,220,8.4223,
FD004,83,221,8.3646,
FD004,83,222,10.5056,
FD004,83,223,9.7047,
FD004,83,224,11.0446,
FD004,83,225,10.7483,
FD004,83,226,10.5794,
FD004,83,227,10.6682,
FD004,83,228,10.9454,
FD004,83,229,10.995,
FD004,83,230,10.5557,
FD004,83,231,15.8332,
FD004,83,232,13.6593,
FD004,83,233,13.7315,
FD004,83,234,12.7131,
FD004,83,235,13.8328,
FD004,83,236,11.4148,
FD004,83,237,13.0404,
FD004,83,238,11.9707,
FD004,83,239,11.2356,
FD004,83,240,9.4644,
FD004,83,241,8.2163,
FD004,83,242,9.7235,
FD004,83,243,11.5051,
FD004,83,244,8.6348,
FD004,83,245,9.4243,
FD004,83,246,11.3795,
FD004,83,247,13.2006,
FD004,83,248,12.1965,
FD004,83,249,12.6775,
FD004,83,250,12.6813,
FD004,83,251,11.6363,
FD004,83,252,11.8839,
FD004,83,253,12.915,
FD004,83,254,12.7382,
FD004,83,255,16.429,
FD004,83,256,16.0304,
FD004,83,257,15.6943,
FD004,83,258,15.0261,
FD004,83,259,19.5143,
FD004,83,260,16.5782,
FD004,83,261,18.0117,
FD004,83,262,19.8946,
FD004,83,263,19.4926,
FD004,83,264,11.2422,
FD004,83,265,11.0232,
FD004,83,266,10.9353,
FD004,83,267,12.0052,
FD004,83,268,8.7404,
FD004,83,269,9.4645,
FD004,83,270,10.0886,
FD004,83,271,9.1404,
FD004,83,272,8.3538,
FD004,83,273,10.6345,
FD004,83,274,8.3258,
FD004,84,1,0.0,
FD004,84,2,0.0,
FD004,84,3,0.0,
FD004,84,4,0.0,
FD004,84,5,0.0,
FD004,84,6,0.0,
FD004,84,7,0.0,
FD004,84,8,0.0,
FD004,84,9,0.0,
FD004,84,10,0.0,
FD004,84,11,0.0,
FD004,84,12,0.0,
FD004,84,13,0.0,
FD004,84,14,0.0,
FD004,84,15,0.0,
FD004,84,16,0.0,
FD004,84,17,0.0,
FD004,84,18,0.0,
FD004,84,19,0.0,
FD004,84,20,0.0,
FD004,84,21,0.0,
FD004,84,22,0.0,
FD004,84,23,0.0,
FD004,84,24,0.0,
FD004,84,25,0.0,
FD004,84,26,0.0,
FD004,84,27,0.0,
FD004,84,28,0.0,
FD004,84,29,0.0,
FD004,84,30,0.0,
FD004,84,31,0.0,
FD004,84,32,0.0,
FD004,84,33,0.0,
FD004,84,34,0.0,
FD004,84,35,0.0,
FD004,84,36,0.0,
FD004,84,37,0.0,
FD004,84,38,0.0,
FD004,84,39,0.0,
FD004,84,40,0.0,
FD004,84,41,0.0,
FD004,84,42,0.0,
FD004,84,43,0.0,
FD004,84,44,0.0,
FD004,84,45,0.0,
FD004,84,46,0.0,
FD004,84,47,0.0,
FD004,84,48,0.0,
FD004,84,49,0.0,
FD004,84,50,3.5369,
FD004,84,51,3.7385,
FD004,84,52,9.2728,
FD004,84,53,10.7138,
FD004,84,54,9.9716,
FD004,84,55,9.5102,
FD004,84,56,7.8459,
FD004,84,57,6.33,
FD004,84,58,8.0581,
FD004,84,59,8.2226,
FD004,84,60,12.2151,
FD004,84,61,12.1347,
FD004,84,62,8.2679,
FD004,84,63,7.1796,
FD004,84,64,6.2604,
FD004,84,65,8.1717,
FD004,84,66,6.7269,
FD004,84,67,6.267,
FD004,84,68,4.4385,
FD004,84,69,5.7802,
FD004,84,70,5.1533,
FD004,84,71,6.3754,
FD004,84,72,7.3228,
FD004,84,73,8.9046,
FD004,84,74,7.2704,
FD004,84,75,7.9395,
FD004,84,76,8.8815,
FD004,84,77,7.061,
FD004,84,78,8.6886,
FD004,84,79,9.5231,
FD004,84,80,9.4302,
FD004,84,81,9.2462,
FD004,84,82,9.7313,
FD004,84,83,9.1866,
FD004,84,84,9.9576,
FD004,84,85,18.9148,
FD004,84,86,12.763,
FD004,84,87,17.4731,
FD004,84,88,12.1999,
FD004,85,1,0.0,
FD004,85,2,0.0,
FD004,85,3,0.0,
FD004,85,4,0.0,
FD004,85,5,0.0,
FD004,85,6,0.0,
FD004,85,7,0.0,
FD004,85,8,0.0,
FD004,85,9,0.0,
FD004,85,10,0.0,
FD004,85,11,0.0,
FD004,85,12,0.0,
FD004,85,13,0.0,
FD004,85,14,0.0,
FD004,85,15,0.0,
FD004,85,16,0.0,
FD004,85,17,0.0,
FD004,85,18,0.0,
FD004,85,19,0.0,
FD004,85,20,0.0,
FD004,85,21,0.0,
FD004,85,22,0.0,
FD004,85,23,0.0,
FD004,85,24,0.0,
FD004,85,25,0.0,
FD004,85,26,0.0,
FD004,85,27,0.0,
FD004,85,28,0.0,
FD004,85,29,0.0,
FD004,85,30,0.0,
FD004,85,31,0.0,
FD004,85,32,0.0,
FD004,85,33,0.0,
FD004,85,34,0.0,
FD004,85,35,0.0,
FD004,85,36,0.0,
FD004,85,37,0.0,
FD004,85,38,0.0,
FD004,85,39,0.0,
FD004,85,40,0.0,
FD004,85,41,0.0,
FD004,85,42,0.0,
FD004,85,43,0.0,
FD004,85,44,0.0,
FD004,85,45,0.0,
FD004,85,46,0.0,
FD004,85,47,0.0,
FD004,85,48,0.0,
FD004,85,49,0.0,
FD004,85,50,11.2186,
FD004,85,51,8.5058,
FD004,85,52,10.8362,
FD004,85,53,12.6126,
FD004,85,54,12.0136,
FD004,85,55,13.9475,
FD004,85,56,12.4024,
FD004,85,57,14.8179,
FD004,85,58,14.6542,
FD004,85,59,9.6636,
FD004,85,60,9.7281,
FD004,85,61,8.7733,
FD004,85,62,8.9522,
FD004,85,63,10.0938,
FD004,85,64,8.6322,
FD004,85,65,7.3018,
FD004,85,66,7.6067,
FD004,85,67,6.2249,
FD004,85,68,5.3502,
FD004,85,69,5.2608,
FD004,85,70,6.1159,
FD004,85,71,7.425,
FD004,85,72,6.2823,
FD004,85,73,6.9358,
FD004,85,74,7.0091,
FD004,85,75,7.5547,
FD004,85,76,8.4142,
FD004,85,77,7.9557,
FD004,85,78,8.3338,
FD004,85,79,8.2383,
FD004,85,80,7.7899,
FD004,85,81,9.4791,
FD004,85,82,7.4382,
FD004,85,83,7.0381,
FD004,85,84,6.2097,
FD004,85,85,6.4504,
FD004,85,86,5.7599,
FD004,85,87,5.7379,
FD004,85,88,5.7766,
FD004,85,89,6.1086,
FD004,85,90,5.9633,
FD004,85,91,8.1605,
FD004,85,92,10.487,
FD004,85,93,8.4259,
FD004,85,94,7.6014,
FD004,85,95,7.3211,
FD004,85,96,7.2012,
FD004,85,97,6.8629,
FD004,85,98,6.2087,
FD004,85,99,5.7211,
FD004,85,100,5.8354,
FD004,85,101,6.0918,
FD004,85,102,6.0515,
FD004,85,103,6.5781,
FD004,85,104,7.0079,
FD004,85,105,8.3346,
FD004,85,106,8.0861,
FD004,85,107,9.1986,
FD004,85,108,8.8801,
FD004,85,109,8.3687,
FD004,85,110,9.4235,
FD004,85,111,9.0509,
FD004,85,112,6.7089,
FD004,85,113,5.7587,
FD004,85,114,5.9628,
FD004,85,115,5.8518,
FD004,85,116,6.8048,
FD004,85,117,9.0126,
FD004,85,118,8.2365,
FD004,85,119,8.0196,
FD004,85,120,7.177,
FD004,85,121,5.6338,
FD004,85,122,6.2521,
FD004,85,123,6.2816,
FD004,85,124,5.6255,
FD004,85,125,8.4206,
FD004,85,126,7.7013,
FD004,85,127,5.887,
FD004,85,128,7.0535,
FD004,85,129,7.0147,
FD004,85,130,6.8337,
FD004,85,131,6.8364,
FD004,85,132,9.5311,
FD004,85,133,9.7095,
FD004,85,134,11.7117,
FD004,85,135,9.5538,
FD004,85,136,9.6853,
FD004,85,137,10.242,
FD004,85,138,8.0485,
FD004,85,139,12.8867,
FD004,85,140,9.5211,
FD004,85,141,10.8024,
FD004,85,142,12.7523,
FD004,85,143,9.2113,
FD004,85,144,10.0266,
FD004,85,145,8.7302,
FD004,85,146,8.4788,
FD004,85,147,7.4782,
FD004,85,148,8.1646,
FD004,85,149,9.3708,
FD004,85,150,8.6054,
FD004,85,151,10.1476,
FD004,85,152,9.6386,
FD004,85,153,8.9214,
FD004,85,154,8.2559,
FD004,85,155,7.7525,
FD004,85,156,11.4666,
FD004,85,157,11.276,
FD004,85,158,10.887,
FD004,85,159,10.9084,
FD004,85,160,12.1097,
FD004,85,161,12.1958,
FD004,85,162,12.7284,
FD004,85,163,12.3648,
FD004,85,164,12.7801,
FD004,85,165,13.0475,
FD004,85,166,13.2961,
FD004,85,167,13.7012,
FD004,85,168,12.7505,
FD004,85,169,13.0669,
FD004,85,170,11.5969,
FD004,85,171,12.2264,
FD004,85,172,13.1504,
FD004,85,173,11.7622,
FD004,85,174,12.1328,
FD004,86,1,0.0,
FD004,86,2,0.0,
FD004,86,3,0.0,
FD004,86,4,0.0,
FD004,86,5,0.0,
FD004,86,6,0.0,
FD004,86,7,0.0,
FD004,86,8,0.0,
FD004,86,9,0.0,
FD004,86,10,0.0,
FD004,86,11,0.0,
FD004,86,12,0.0,
FD004,86,13,0.0,
FD004,86,14,0.0,
FD004,86,15,0.0,
FD004,86,16,0.0,
FD004,86,17,0.0,
FD004,86,18,0.0,
FD004,86,19,0.0,
FD004,86,20,0.0,
FD004,86,21,0.0,
FD004,86,22,0.0,
FD004,86,23,0.0,
FD004,86,24,0.0,
FD004,86,25,0.0,
FD004,86,26,0.0,
FD004,86,27,0.0,
FD004,86,28,0.0,
FD004,86,29,0.0,
FD004,86,30,0.0,
FD004,86,31,0.0,
FD004,86,32,0.0,
FD004,86,33,0.0,
FD004,86,34,0.0,
FD004,86,35,0.0,
FD004,86,36,0.0,
FD004,86,37,0.0,
FD004,86,38,0.0,
FD004,86,39,0.0,
FD004,86,40,0.0,
FD004,86,41,0.0,
FD004,86,42,0.0,
FD004,86,43,0.0,
FD004,86,44,0.0,
FD004,86,45,0.0,
FD004,86,46,0.0,
FD004,86,47,0.0,
FD004,86,48,0.0,
FD004,86,49,0.0,
FD004,86,50,6.0625,
FD004,86,51,6.2493,
FD004,86,52,7.9725,
FD004,86,53,6.566,
FD004,86,54,7.8218,
FD004,86,55,6.4657,
FD004,86,56,6.8586,
FD004,86,57,6.7228,
FD004,86,58,7.17,
FD004,86,59,7.4055,
FD004,86,60,6.9948,
FD004,86,61,8.665,
FD004,86,62,6.7233,
FD004,86,63,8.8765,
FD004,86,64,7.9005,
FD004,86,65,7.2654,
FD004,86,66,5.9028,
FD004,86,67,6.0824,
FD004,86,68,9.4906,
FD004,86,69,10.2868,
FD004,86,70,11.5585,
FD004,86,71,10.746,
FD004,86,72,12.4055,
FD004,86,73,13.9109,
FD004,86,74,15.778,
FD004,86,75,16.5114,
FD004,86,76,16.4117,
FD004,86,77,17.5259,
FD004,86,78,17.2856,
FD004,86,79,16.5597,
FD004,86,80,17.4707,
FD004,86,81,16.1381,
FD004,86,82,13.5194,
FD004,86,83,14.3775,
FD004,86,84,12.8271,
FD004,86,85,10.0143,
FD004,86,86,9.1933,
FD004,86,87,8.7766,
FD004,86,88,6.3759,
FD004,86,89,8.3093,
FD004,86,90,7.2933,
FD004,86,91,7.5349,
FD004,86,92,8.7322,
FD004,86,93,10.3439,
FD004,86,94,14.0987,
FD004,86,95,10.8075,
FD004,86,96,12.376,
FD004,86,97,12.6644,
FD004,86,98,13.2067,
FD004,86,99,11.9038,
FD004,86,100,13.4972,
FD004,86,101,11.2813,
FD004,86,102,14.4787,
FD004,86,103,17.1283,
FD004,86,104,16.0294,
FD004,86,105,14.9157,
FD004,86,106,12.2715,
FD004,86,107,11.9576,
FD004,86,108,13.0899,
FD004,86,109,11.3537,
FD004,86,110,14.3454,
FD004,86,111,11.9238,
FD004,86,112,10.9162,
FD004,86,113,8.9915,
FD004,86,114,8.3864,
FD004,86,115,8.1879,
FD004,86,116,8.7351,
FD004,86,117,7.9324,
FD004,86,118,8.4956,
FD004,86,119,8.6441,
FD004,86,120,6.7571,
FD004,86,121,5.4567,
FD004,86,122,7.7702,
FD004,86,123,6.7675,
FD004,86,124,6.1245,
FD004,86,125,6.3497,
FD004,86,126,6.4301,
FD004,86,127,6.4291,
FD004,86,128,6.2595,
FD004,86,129,7.116,
FD004,86,130,8.3528,
FD004,86,131,8.5117,
FD004,86,132,9.2415,
FD004,86,133,10.4555,
FD004,86,134,8.6436,
FD004,86,135,8.2261,
FD004,86,136,11.4943,
FD004,86,137,10.5448,
FD004,86,138,11.2289,
FD004,86,139,11.2108,
FD004,86,140,11.4644,
FD004,86,141,11.2401,
FD004,86,142,12.0663,
FD004,86,143,12.2728,
FD004,86,144,13.8587,
FD004,86,145,12.15,
FD004,86,146,13.1066,
FD004,86,147,10.7757,
FD004,86,148,10.4168,
FD004,86,149,10.2184,
FD004,86,150,10.4787,
FD004,86,151,10.5942,
FD004,86,152,10.0967,
FD004,86,153,9.913,
FD004,86,154,10.1657,
FD004,86,155,8.9133,
FD004,86,156,7.176,
FD004,86,157,10.313,
FD004,86,158,10.7126,
FD004,86,159,9.7572,
FD004,86,160,11.9569,
FD004,86,161,10.6058,
FD004,86,162,10.1136,
FD004,86,163,9.8923,
FD004,86,164,10.0785,
FD004,86,165,8.4173,
FD004,86,166,7.5736,
FD004,86,167,7.2119,
FD004,86,168,7.1364,
FD004,86,169,7.065,
FD004,86,170,7.0383,
FD004,86,171,6.8113,
FD004,86,172,18.0142,
FD004,86,173,13.9189,
FD004,86,174,14.5811,
FD004,86,175,10.6422,
FD004,86,176,8.798,
FD004,86,177,10.6637,
FD004,86,178,9.2929,
FD004,86,179,8.8302,
FD004,86,180,9.4979,
FD004,86,181,10.63,
FD004,86,182,13.4284,
FD004,86,183,12.2113,
FD004,86,184,12.8289,
FD004,86,185,12.7894,
FD004,86,186,11.6038,
FD004,86,187,11.6098,
FD004,86,188,10.5879,
FD004,86,189,7.252,
FD004,86,190,7.288,
FD004,86,191,11.0855,
FD004,86,192,10.0705,
FD004,86,193,8.1345,
FD004,86,194,7.5232,
FD004,86,195,6.6306,
FD004,86,196,6.2705,
FD004,86,197,6.7187,
FD004,86,198,6.8091,
FD004,86,199,6.2837,
FD004,86,200,5.9473,
FD004,86,201,7.2709,
FD004,86,202,7.307,
FD004,86,203,5.9178,
FD004,86,204,5.879,
FD004,86,205,7.8354,
FD004,86,206,9.2971,
FD004,86,207,13.1399,
FD004,86,208,13.428,
FD004,86,209,12.347,
FD004,86,210,10.7802,
FD004,86,211,15.0237,
FD004,86,212,14.7029,
FD004,86,213,14.0897,
FD004,86,214,13.8787,
FD004,86,215,16.2835,
FD004,86,216,14.8426,
FD004,86,217,13.5873,
FD004,86,218,12.363,
FD004,86,219,11.7506,
FD004,86,220,11.0453,
FD004,86,221,12.564,
FD004,86,222,12.819,
FD004,86,223,13.7024,
FD004,86,224,14.2161,
FD004,86,225,14.1904,
FD004,86,226,9.1928,
FD004,86,227,12.7922,
FD004,86,228,11.0232,
FD004,86,229,10.3646,
FD004,86,230,11.0579,
FD004,86,231,6.9594,
FD004,86,232,6.3995,
FD004,86,233,6.7845,
FD004,86,234,6.4818,
FD004,86,235,6.4048,
FD004,86,236,6.9261,
FD004,86,237,7.2544,
FD004,86,238,8.2459,
FD004,86,239,11.0715,
FD004,86,240,11.3273,
FD004,86,241,9.4251,
FD004,86,242,8.7008,
FD004,86,243,11.8493,
FD004,86,244,8.7938,
FD004,86,245,8.0703,
FD004,86,246,7.9847,
FD004,86,247,8.4452,
FD004,86,248,10.6528,
FD004,86,249,10.8268,
FD004,86,250,13.8754,
FD004,86,251,13.4064,
FD004,86,252,11.6153,
FD004,86,253,12.1343,
FD004,86,254,17.1558,
FD004,87,1,0.0,
FD004,87,2,0.0,
FD004,87,3,0.0,
FD004,87,4,0.0,
FD004,87,5,0.0,
FD004,87,6,0.0,
FD004,87,7,0.0,
FD004,87,8,0.0,
FD004,87,9,0.0,
FD004,87,10,0.0,
FD004,87,11,0.0,
FD004,87,12,0.0,
FD004,87,13,0.0,
FD004,87,14,0.0,
FD004,87,15,0.0,
FD004,87,16,0.0,
FD004,87,17,0.0,
FD004,87,18,0.0,
FD004,87,19,0.0,
FD004,87,20,0.0,
FD004,87,21,0.0,
FD004,87,22,0.0,
FD004,87,23,0.0,
FD004,87,24,0.0,
FD004,87,25,0.0,
FD004,87,26,0.0,
FD004,87,27,0.0,
FD004,87,28,0.0,
FD004,87,29,0.0,
FD004,87,30,0.0,
FD004,87,31,0.0,
FD004,87,32,0.0,
FD004,87,33,0.0,
FD004,87,34,0.0,
FD004,87,35,0.0,
FD004,87,36,0.0,
FD004,87,37,0.0,
FD004,87,38,0.0,
FD004,87,39,0.0,
FD004,87,40,0.0,
FD004,87,41,0.0,
FD004,87,42,0.0,
FD004,87,43,0.0,
FD004,87,44,0.0,
FD004,87,45,0.0,
FD004,87,46,0.0,
FD004,87,47,0.0,
FD004,87,48,0.0,
FD004,87,49,0.0,
FD004,87,50,10.2309,
FD004,87,51,9.7759,
FD004,87,52,11.2383,
FD004,87,53,12.6866,
FD004,87,54,11.6314,
FD004,87,55,11.0013,
FD004,87,56,13.3517,
FD004,87,57,10.7571,
FD004,87,58,13.1313,
FD004,87,59,11.7651,
FD004,87,60,10.9854,
FD004,87,61,11.1224,
FD004,87,62,9.9252,
FD004,87,63,8.5684,
FD004,87,64,7.8461,
FD004,87,65,9.3848,
FD004,87,66,11.5683,
FD004,87,67,11.0198,
FD004,87,68,12.148,
FD004,87,69,10.9854,
FD004,87,70,12.6173,
FD004,87,71,12.1869,
FD004,87,72,17.4105,
FD004,87,73,16.0631,
FD004,87,74,15.7691,
FD004,87,75,8.8474,
FD004,87,76,15.0938,
FD004,87,77,16.4545,
FD004,87,78,14.9293,
FD004,87,79,13.0975,
FD004,87,80,10.1501,
FD004,87,81,6.9319,
FD004,87,82,5.4438,
FD004,87,83,5.5238,
FD004,87,84,5.7815,
FD004,87,85,5.8853,
FD004,87,86,5.5794,
FD004,87,87,6.345,
FD004,87,88,7.4531,
FD004,87,89,7.2913,
FD004,87,90,6.6868,
FD004,87,91,7.2032,
FD004,87,92,7.5253,
FD004,87,93,18.9381,
FD004,87,94,11.6414,
FD004,87,95,10.9217,
FD004,87,96,10.5938,
FD004,87,97,10.4365,
FD004,87,98,9.9148,
FD004,87,99,10.0726,
FD004,87,100,8.5881,
FD004,87,101,8.9466,
FD004,87,102,9.8638,
FD004,87,103,10.201,
FD004,87,104,8.2421,
FD004,87,105,9.0964,
FD004,87,106,8.279,
FD004,87,107,8.8876,
FD004,87,108,9.2298,
FD004,87,109,9.9195,
FD004,87,110,10.4352,
FD004,87,111,12.7401,
FD004,87,112,12.951,
FD004,87,113,9.7542,
FD004,87,114,9.6635,
FD004,87,115,7.4492,
FD004,87,116,8.5344,
FD004,87,117,7.7243,
FD004,87,118,8.1979,
FD004,87,119,14.6416,
FD004,87,120,13.7456,
FD004,87,121,15.4052,
FD004,87,122,13.4661,
FD004,87,123,10.6029,
FD004,87,124,9.1098,
FD004,87,125,10.6656,
FD004,87,126,9.0616,
FD004,87,127,11.2689,
FD004,87,128,9.1454,
FD004,87,129,9.6405,
FD004,87,130,9.7873,
FD004,87,131,9.4539,
FD004,87,132,9.2149,
FD004,87,133,8.1689,
FD004,87,134,10.0431,
FD004,87,135,9.3178,
FD004,87,136,8.5206,
FD004,87,137,8.5865,
FD004,87,138,9.953,
FD004,87,139,9.1452,
FD004,87,140,8.1261,
FD004,87,141,9.0996,
FD004,87,142,8.7623,
FD004,87,143,8.6196,
FD004,87,144,7.8693,
FD004,87,145,7.3945,
FD004,87,146,8.6678,
FD004,87,147,8.6327,
FD004,87,148,11.0659,
FD004,87,149,10.5068,
FD004,87,150,11.76,
FD004,87,151,10.4096,
FD004,87,152,12.8219,
FD004,87,153,12.1393,
FD004,87,154,9.9328,
FD004,87,155,9.0677,
FD004,87,156,9.3854,
FD004,87,157,11.6652,
FD004,87,158,6.6981,
FD004,87,159,8.6617,
FD004,87,160,8.1691,
FD004,87,161,10.0043,
FD004,87,162,9.7809,
FD004,87,163,10.2028,
FD004,87,164,10.1043,
FD004,87,165,10.2723,
FD004,87,166,11.0524,
FD004,87,167,11.7422,
FD004,88,1,0.0,
FD004,88,2,0.0,
FD004,88,3,0.0,
FD004,88,4,0.0,
FD004,88,5,0.0,
FD004,88,6,0.0,
FD004,88,7,0.0,
FD004,88,8,0.0,
FD004,88,9,0.0,
FD004,88,10,0.0,
FD004,88,11,0.0,
FD004,88,12,0.0,
FD004,88,13,0.0,
FD004,88,14,0.0,
FD004,88,15,0.0,
FD004,88,16,0.0,
FD004,88,17,0.0,
FD004,88,18,0.0,
FD004,88,19,0.0,
FD004,88,20,0.0,
FD004,88,21,0.0,
FD004,88,22,0.0,
FD004,88,23,0.0,
FD004,88,24,0.0,
FD004,88,25,0.0,
FD004,88,26,0.0,
FD004,88,27,0.0,
FD004,88,28,0.0,
FD004,88,29,0.0,
FD004,88,30,0.0,
FD004,88,31,0.0,
FD004,88,32,0.0,
FD004,88,33,0.0,
FD004,88,34,0.0,
FD004,88,35,0.0,
FD004,88,36,0.0,
FD004,88,37,0.0,
FD004,88,38,0.0,
FD004,88,39,0.0,
FD004,88,40,0.0,
FD004,88,41,0.0,
FD004,88,42,0.0,
FD004,88,43,0.0,
FD004,88,44,0.0,
FD004,88,45,0.0,
FD004,88,46,0.0,
FD004,88,47,0.0,
FD004,88,48,0.0,
FD004,88,49,0.0,
FD004,88,50,6.5411,
FD004,88,51,8.0089,
FD004,88,52,5.1001,
FD004,88,53,4.654,
FD004,88,54,8.6156,
FD004,88,55,8.4701,
FD004,88,56,10.1745,
FD004,88,57,6.1758,
FD004,88,58,6.4926,
FD004,88,59,6.7223,
FD004,88,60,8.1437,
FD004,88,61,8.1019,
FD004,88,62,7.6552,
FD004,88,63,8.2389,
FD004,88,64,5.8015,
FD004,88,65,5.3864,
FD004,88,66,6.3091,
FD004,88,67,10.9629,
FD004,88,68,15.0507,
FD004,88,69,12.3527,
FD004,88,70,9.9352,
FD004,88,71,7.1987,
FD004,88,72,7.9847,
FD004,88,73,7.8341,
FD004,88,74,7.421,
FD004,88,75,6.7847,
FD004,88,76,6.5624,
FD004,88,77,6.5838,
FD004,88,78,5.9141,
FD004,88,79,6.6485,
FD004,88,80,7.2465,
FD004,88,81,8.5608,
FD004,88,82,7.0625,
FD004,88,83,6.5643,
FD004,88,84,6.702,
FD004,88,85,7.1956,
FD004,88,86,5.7378,
FD004,88,87,6.5208,
FD004,88,88,5.3455,
FD004,88,89,7.2771,
FD004,88,90,8.0294,
FD004,88,91,12.0603,
FD004,88,92,9.1865,
FD004,88,93,10.3239,
FD004,88,94,11.7514,
FD004,88,95,10.0133,
FD004,88,96,9.5549,
FD004,88,97,8.7491,
FD004,88,98,9.2191,
FD004,88,99,8.0974,
FD004,88,100,9.4814,
FD004,88,101,10.7212,
FD004,88,102,10.4455,
FD004,88,103,8.7175,
FD004,88,104,9.7291,
FD004,88,105,8.2331,
FD004,88,106,7.0985,
FD004,88,107,6.4774,
FD004,88,108,8.3061,
FD004,88,109,8.933,
FD004,88,110,7.5293,
FD004,88,111,10.6485,
FD004,88,112,10.8261,
FD004,88,113,11.4573,
FD004,88,114,11.6476,
FD004,88,115,10.1177,
FD004,88,116,13.7122,
FD004,88,117,12.0427,
FD004,88,118,10.7452,
FD004,88,119,13.3668,
FD004,88,120,12.3545,
FD004,88,121,11.8638,
FD004,88,122,13.2319,
FD004,88,123,9.4906,
FD004,88,124,9.5044,
FD004,88,125,10.549,
FD004,88,126,12.2962,
FD004,88,127,10.5537,
FD004,88,128,8.9152,
FD004,88,129,11.1677,
FD004,88,130,11.5339,
FD004,88,131,10.6071,
FD004,88,132,5.9124,
FD004,88,133,7.0036,
FD004,88,134,6.8771,
FD004,88,135,8.5849,
FD004,88,136,7.3006,
FD004,88,137,8.7659,
FD004,88,138,6.8538,
FD004,88,139,8.1096,
FD004,88,140,9.1591,
FD004,89,1,0.0,
FD004,89,2,0.0,
FD004,89,3,0.0,
FD004,89,4,0.0,
FD004,89,5,0.0,
FD004,89,6,0.0,
FD004,89,7,0.0,
FD004,89,8,0.0,
FD004,89,9,0.0,
FD004,89,10,0.0,
FD004,89,11,0.0,
FD004,89,12,0.0,
FD004,89,13,0.0,
FD004,89,14,0.0,
FD004,89,15,0.0,
FD004,89,16,0.0,
FD004,89,17,0.0,
FD004,89,18,0.0,
FD004,89,19,0.0,
FD004,89,20,0.0,
FD004,89,21,0.0,
FD004,89,22,0.0,
FD004,89,23,0.0,
FD004,89,24,0.0,
FD004,89,25,0.0,
FD004,89,26,0.0,
FD004,89,27,0.0,
FD004,89,28,0.0,
FD004,89,29,0.0,
FD004,89,30,0.0,
FD004,89,31,0.0,
FD004,89,32,0.0,
FD004,89,33,0.0,
FD004,89,34,0.0,
FD004,89,35,0.0,
FD004,89,36,0.0,
FD004,89,37,0.0,
FD004,89,38,0.0,
FD004,89,39,0.0,
FD004,89,40,0.0,
FD004,89,41,0.0,
FD004,89,42,0.0,
FD004,89,43,0.0,
FD004,89,44,0.0,
FD004,89,45,0.0,
FD004,89,46,0.0,
FD004,89,47,0.0,
FD004,89,48,0.0,
FD004,89,49,0.0,
FD004,89,50,10.0222,
FD004,89,51,11.0123,
FD004,89,52,10.9769,
FD004,89,53,8.9053,
FD004,89,54,10.8028,
FD004,89,55,10.5437,
FD004,89,56,10.2247,
FD004,89,57,8.7367,
FD004,89,58,9.0144,
FD004,89,59,7.1174,
FD004,89,60,4.8044,
FD004,89,61,5.092,
FD004,89,62,5.6835,
FD004,89,63,7.2464,
FD004,89,64,8.5557,
FD004,89,65,8.7246,
FD004,89,66,10.8639,
FD004,89,67,11.6271,
FD004,89,68,12.262,
FD004,89,69,12.9436,
FD004,89,70,13.239,
FD004,89,71,14.5056,
FD004,89,72,14.0863,
FD004,89,73,14.2369,
FD004,89,74,8.5143,
FD004,89,75,8.5548,
FD004,89,76,8.2148,
FD004,89,77,10.4982,
FD004,89,78,9.3018,
FD004,89,79,8.0241,
FD004,89,80,8.4383,
FD004,89,81,10.2977,
FD004,89,82,7.758,
FD004,89,83,7.7166,
FD004,89,84,8.6153,
FD004,89,85,8.572,
FD004,89,86,11.0206,
FD004,89,87,10.5243,
FD004,89,88,10.2894,
FD004,89,89,10.3893,
FD004,89,90,10.0284,
FD004,89,91,10.2552,
FD004,89,92,12.1348,
FD004,89,93,11.2461,
FD004,89,94,12.8551,
FD004,89,95,12.02,
FD004,89,96,15.1106,
FD004,89,97,13.8694,
FD004,89,98,14.2071,
FD004,89,99,14.0039,
FD004,89,100,14.738,
FD004,89,101,12.8106,
FD004,89,102,11.8146,
FD004,89,103,11.8003,
FD004,89,104,12.0697,
FD004,89,105,11.6541,
FD004,89,106,12.5036,
FD004,89,107,11.5624,
FD004,89,108,9.9181,
FD004,89,109,10.1622,
FD004,89,110,10.732,
FD004,89,111,11.6788,
FD004,89,112,11.6457,
FD004,89,113,11.814,
FD004,89,114,11.822,
FD004,89,115,11.5927,
FD004,89,116,9.6482,
FD004,89,117,9.0946,
FD004,89,118,6.5774,
FD004,89,119,7.9065,
FD004,89,120,7.8432,
FD004,89,121,8.0979,
FD004,89,122,8.148,
FD004,89,123,9.5357,
FD004,89,124,14.3273,
FD004,89,125,12.9097,
FD004,89,126,10.4735,
FD004,89,127,18.6428,
FD004,89,128,11.1896,
FD004,89,129,11.6649,
FD004,89,130,11.8698,
FD004,89,131,10.7773,
FD004,89,132,6.3708,
FD004,89,133,7.169,
FD004,89,134,7.4085,
FD004,89,135,6.5166,
FD004,89,136,7.1395,
FD004,89,137,6.6621,
FD004,89,138,8.1019,
FD004,89,139,12.6032,
FD004,89,140,9.2851,
FD004,89,141,8.6383,
FD004,89,142,8.5597,
FD004,89,143,7.1025,
FD004,89,144,7.8667,
FD004,89,145,8.6845,
FD004,89,146,8.4138,
FD004,89,147,8.1191,
FD004,89,148,8.171,
FD004,89,149,7.5809,
FD004,89,150,8.0315,
FD004,89,151,8.0328,
FD004,89,152,8.1308,
FD004,89,153,7.3718,
FD004,89,154,7.5892,
FD004,89,155,7.8276,
FD004,89,156,7.7745,
FD004,89,157,7.1426,
FD004,89,158,8.3726,
FD004,89,159,6.4648,
FD004,89,160,10.0424,
FD004,89,161,8.035,
FD004,89,162,7.7718,
FD004,89,163,12.6703,
FD004,89,164,13.4287,
FD004,89,165,10.6775,
FD004,89,166,5.6471,
FD004,89,167,10.3861,
FD004,89,168,8.4059,
FD004,89,169,6.9679,
FD004,89,170,6.3694,
FD004,89,171,7.0082,
FD004,89,172,5.3286,
FD004,89,173,9.4973,
FD004,89,174,6.2851,
FD004,89,175,7.3663,
FD004,89,176,7.3539,
FD004,89,177,6.3754,
FD004,89,178,12.2612,
FD004,89,179,10.2906,
FD004,89,180,10.7129,
FD004,89,181,11.4317,
FD004,89,182,12.7605,
FD004,89,183,12.978,
FD004,89,184,8.6077,
FD004,89,185,8.5496,
FD004,89,186,7.6631,
FD004,89,187,7.3195,
FD004,89,188,6.9974,
FD004,89,189,8.3957,
FD004,89,190,5.7546,
FD004,89,191,5.2638,
FD004,89,192,5.6191,
FD004,89,193,7.8959,
FD004,89,194,7.7832,
FD004,89,195,7.599,
FD004,89,196,7.8853,
FD004,89,197,5.6229,
FD004,89,198,6.073,
FD004,89,199,6.8006,
FD004,89,200,7.3106,
FD004,89,201,6.341,
FD004,89,202,5.4326,
FD004,89,203,6.5566,
FD004,89,204,7.4319,
FD004,89,205,8.6834,
FD004,89,206,7.822,
FD004,89,207,7.036,
FD004,89,208,4.9219,
FD004,89,209,6.3387,
FD004,89,210,6.0532,
FD004,89,211,5.1514,
FD004,89,212,4.6842,
FD004,89,213,4.8505,
FD004,89,214,6.3818,
FD004,89,215,11.5671,
FD004,89,216,10.6134,
FD004,89,217,9.7623,
FD004,89,218,8.5442,
FD004,89,219,8.5066,
FD004,89,220,8.6707,
FD004,89,221,7.8211,
FD004,89,222,8.0539,
FD004,89,223,12.7531,
FD004,89,224,9.1309,
FD004,89,225,7.1756,
FD004,89,226,8.2601,
FD004,89,227,8.7877,
FD004,89,228,10.8282,
FD004,89,229,7.1162,
FD004,89,230,8.8267,
FD004,89,231,7.1002,
FD004,89,232,6.0391,
FD004,89,233,7.8266,
FD004,89,234,8.948,
FD004,89,235,9.028,
FD004,89,236,8.3373,
FD004,89,237,11.4086,
FD004,89,238,10.249,
FD004,89,239,10.1663,
FD004,89,240,9.4317,
FD004,89,241,9.4479,
FD004,89,242,8.5574,
FD004,89,243,11.0252,
FD004,89,244,11.0715,
FD004,89,245,7.1924,
FD004,89,246,6.1266,
FD004,89,247,7.9798,
FD004,89,248,8.7229,
FD004,89,249,9.517,
FD004,89,250,7.374,
FD004,89,251,6.7454,
FD004,89,252,5.4288,
FD004,89,253,8.094,
FD004,89,254,8.9962,
FD004,89,255,7.4476,
FD004,89,256,7.1316,
FD004,89,257,8.3298,
FD004,89,258,8.1427,
FD004,89,259,10.8749,
FD004,89,260,11.7927,
FD004,89,261,10.8362,
FD004,89,262,8.603,
FD004,89,263,9.4753,
FD004,89,264,9.63,
FD004,89,265,9.9107,
FD004,89,266,8.9691,
FD004,89,267,9.6946,
FD004,89,268,8.8707,
FD004,89,269,8.9804,
FD004,89,270,9.2663,
FD004,89,271,8.4212,
FD004,89,272,8.4707,
FD004,89,273,9.5227,
FD004,89,274,9.5738,
FD004,89,275,9.3459,
FD004,89,276,8.8073,
FD004,89,277,9.2563,
FD004,89,278,9.0035,
FD004,89,279,9.4267,
FD004,89,280,6.5356,
FD004,89,281,6.0001,
FD004,89,282,5.7891,
FD004,89,283,5.4946,
FD004,89,284,5.7471,
FD004,89,285,7.0507,
FD004,90,1,0.0,
FD004,90,2,0.0,
FD004,90,3,0.0,
FD004,90,4,0.0,
FD004,90,5,0.0,
FD004,90,6,0.0,
FD004,90,7,0.0,
FD004,90,8,0.0,
FD004,90,9,0.0,
FD004,90,10,0.0,
FD004,90,11,0.0,
FD004,90,12,0.0,
FD004,90,13,0.0,
FD004,90,14,0.0,
FD004,90,15,0.0,
FD004,90,16,0.0,
FD004,90,17,0.0,
FD004,90,18,0.0,
FD004,90,19,0.0,
FD004,90,20,0.0,
FD004,90,21,0.0,
FD004,90,22,0.0,
FD004,90,23,0.0,
FD004,90,24,0.0,
FD004,90,25,0.0,
FD004,90,26,0.0,
FD004,90,27,0.0,
FD004,90,28,0.0,
FD004,90,29,0.0,
FD004,90,30,0.0,
FD004,90,31,0.0,
FD004,90,32,0.0,
FD004,90,33,0.0,
FD004,90,34,0.0,
FD004,90,35,0.0,
FD004,90,36,0.0,
FD004,90,37,0.0,
FD004,90,38,0.0,
FD004,90,39,0.0,
FD004,90,40,0.0,
FD004,90,41,0.0,
FD004,90,42,0.0,
FD004,90,43,0.0,
FD004,90,44,0.0,
FD004,90,45,0.0,
FD004,90,46,0.0,
FD004,90,47,0.0,
FD004,90,48,0.0,
FD004,90,49,0.0,
FD004,90,50,12.8562,
FD004,90,51,9.9161,
FD004,90,52,12.0618,
FD004,90,53,13.9684,
FD004,90,54,13.5429,
FD004,90,55,12.566,
FD004,90,56,13.4908,
FD004,90,57,12.1401,
FD004,90,58,10.1149,
FD004,90,59,10.3267,
FD004,90,60,10.693,
FD004,90,61,11.0979,
FD004,90,62,11.9506,
FD004,90,63,22.0964,
FD004,90,64,9.693,
FD004,90,65,12.5075,
FD004,90,66,11.114,
FD004,90,67,8.2655,
FD004,90,68,8.8377,
FD004,90,69,8.6303,
FD004,90,70,9.3727,
FD004,90,71,9.7633,
FD004,90,72,8.1449,
FD004,90,73,8.9432,
FD004,90,74,8.4385,
FD004,90,75,7.3009,
FD004,90,76,10.8897,
FD004,90,77,8.5899,
FD004,90,78,7.0735,
FD004,90,79,12.1726,
FD004,90,80,14.2663,
FD004,90,81,10.4888,
FD004,90,82,11.9196,
FD004,90,83,10.8616,
FD004,90,84,11.6406,
FD004,90,85,12.8584,
FD004,90,86,8.5301,
FD004,90,87,6.312,
FD004,90,88,8.7762,
FD004,90,89,9.0562,
FD004,90,90,10.192,
FD004,90,91,11.2572,
FD004,90,92,10.9486,
FD004,90,93,10.2846,
FD004,90,94,11.0824,
FD004,90,95,11.2492,
FD004,90,96,12.0225,
FD004,90,97,12.0428,
FD004,90,98,12.1484,
FD004,90,99,8.0093,
FD004,90,100,7.2918,
FD004,90,101,5.7607,
FD004,90,102,5.8179,
FD004,90,103,7.5262,
FD004,90,104,8.0788,
FD004,90,105,8.0676,
FD004,90,106,7.0772,
FD004,90,107,5.5943,
FD004,90,108,6.1455,
FD004,90,109,6.8003,
FD004,90,110,7.1125,
FD004,90,111,7.6271,
FD004,90,112,8.7267,
FD004,90,113,9.7795,
FD004,90,114,9.6628,
FD004,90,115,10.7875,
FD004,90,116,9.7262,
FD004,90,117,10.0047,
FD004,90,118,9.4605,
FD004,91,1,0.0,
FD004,91,2,0.0,
FD004,91,3,0.0,
FD004,91,4,0.0,
FD004,91,5,0.0,
FD004,91,6,0.0,
FD004,91,7,0.0,
FD004,91,8,0.0,
FD004,91,9,0.0,
FD004,91,10,0.0,
FD004,91,11,0.0,
FD004,91,12,0.0,
FD004,91,13,0.0,
FD004,91,14,0.0,
FD004,91,15,0.0,
FD004,91,16,0.0,
FD004,91,17,0.0,
FD004,91,18,0.0,
FD004,91,19,0.0,
FD004,91,20,0.0,
FD004,91,21,0.0,
FD004,91,22,0.0,
FD004,91,23,0.0,
FD004,91,24,0.0,
FD004,91,25,0.0,
FD004,91,26,0.0,
FD004,91,27,0.0,
FD004,91,28,0.0,
FD004,91,29,0.0,
FD004,91,30,0.0,
FD004,91,31,0.0,
FD004,91,32,0.0,
FD004,91,33,0.0,
FD004,91,34,0.0,
FD004,91,35,0.0,
FD004,91,36,0.0,
FD004,91,37,0.0,
FD004,91,38,0.0,
FD004,91,39,0.0,
FD004,91,40,0.0,
FD004,91,41,0.0,
FD004,91,42,0.0,
FD004,91,43,0.0,
FD004,91,44,0.0,
FD004,91,45,0.0,
FD004,91,46,0.0,
FD004,91,47,0.0,
FD004,91,48,0.0,
FD004,91,49,0.0,
FD004,91,50,7.5752,
FD004,91,51,8.5133,
FD004,91,52,8.616,
FD004,91,53,6.4685,
FD004,91,54,7.5598,
FD004,91,55,8.2135,
FD004,91,56,7.7756,
FD004,91,57,7.6107,
FD004,91,58,7.8582,
FD004,91,59,8.0957,
FD004,91,60,7.7595,
FD004,91,61,7.2253,
FD004,91,62,10.374,
FD004,91,63,10.185,
FD004,91,64,9.3305,
FD004,91,65,9.8083,
FD004,91,66,7.6891,
FD004,91,67,10.3059,
FD004,91,68,9.2651,
FD004,91,69,10.2715,
FD004,91,70,11.5609,
FD004,91,71,10.7645,
FD004,91,72,11.3218,
FD004,91,73,11.4198,
FD004,91,74,11.1174,
FD004,91,75,11.4769,
FD004,91,76,11.5633,
FD004,91,77,11.5592,
FD004,91,78,10.1592,
FD004,91,79,8.1403,
FD004,91,80,9.8224,
FD004,91,81,9.2588,
FD004,91,82,7.5144,
FD004,91,83,7.5728,
FD004,91,84,7.21,
FD004,91,85,7.5384,
FD004,91,86,6.8136,
FD004,91,87,7.8893,
FD004,91,88,9.0608,
FD004,91,89,9.7515,
FD004,91,90,8.6887,
FD004,91,91,7.0853,
FD004,91,92,12.7263,
FD004,91,93,11.4128,
FD004,91,94,13.6221,
FD004,91,95,12.3784,
FD004,91,96,11.2665,
FD004,91,97,12.7901,
FD004,91,98,13.2024,
FD004,91,99,10.0011,
FD004,91,100,14.2581,
FD004,91,101,9.9096,
FD004,91,102,12.6724,
FD004,91,103,15.7345,
FD004,91,104,14.9041,
FD004,91,105,12.6442,
FD004,91,106,13.435,
FD004,91,107,18.3916,
FD004,91,108,8.3988,
FD004,91,109,12.5805,
FD004,91,110,12.0067,
FD004,91,111,15.6308,
FD004,91,112,13.4742,
FD004,91,113,11.3294,
FD004,91,114,12.0518,
FD004,91,115,12.3746,
FD004,91,116,9.1357,
FD004,91,117,10.914,
FD004,91,118,10.5572,
FD004,91,119,10.4888,
FD004,91,120,13.6076,
FD004,91,121,5.7289,
FD004,91,122,6.2272,
FD004,91,123,7.0032,
FD004,91,124,7.6885,
FD004,91,125,7.9226,
FD004,91,126,10.8672,
FD004,91,127,11.3791,
FD004,91,128,7.8783,
FD004,91,129,8.1406,
FD004,91,130,10.1521,
FD004,91,131,10.7279,
FD004,91,132,8.9582,
FD004,91,133,7.2962,
FD004,91,134,7.3184,
FD004,91,135,7.3812,
FD004,91,136,8.439,
FD004,91,137,8.2633,
FD004,91,138,13.8747,
FD004,91,139,8.699,
FD004,91,140,7.704,
FD004,91,141,7.1966,
FD004,91,142,8.1698,
FD004,91,143,10.4383,
FD004,91,144,11.1794,
FD004,92,1,0.0,
FD004,92,2,0.0,
FD004,92,3,0.0,
FD004,92,4,0.0,
FD004,92,5,0.0,
FD004,92,6,0.0,
FD004,92,7,0.0,
FD004,92,8,0.0,
FD004,92,9,0.0,
FD004,92,10,0.0,
FD004,92,11,0.0,
FD004,92,12,0.0,
FD004,92,13,0.0,
FD004,92,14,0.0,
FD004,92,15,0.0,
FD004,92,16,0.0,
FD004,92,17,0.0,
FD004,92,18,0.0,
FD004,92,19,0.0,
FD004,92,20,0.0,
FD004,92,21,0.0,
FD004,92,22,0.0,
FD004,92,23,0.0,
FD004,92,24,0.0,
FD004,92,25,0.0,
FD004,92,26,0.0,
FD004,92,27,0.0,
FD004,92,28,0.0,
FD004,92,29,0.0,
FD004,92,30,0.0,
FD004,92,31,0.0,
FD004,92,32,0.0,
FD004,92,33,0.0,
FD004,92,34,0.0,
FD004,92,35,0.0,
FD004,92,36,0.0,
FD004,92,37,0.0,
FD004,92,38,0.0,
FD004,92,39,0.0,
FD004,92,40,0.0,
FD004,92,41,0.0,
FD004,92,42,0.0,
FD004,92,43,0.0,
FD004,92,44,0.0,
FD004,92,45,0.0,
FD004,92,46,0.0,
FD004,92,47,0.0,
FD004,92,48,0.0,
FD004,92,49,0.0,
FD004,92,50,12.2576,
FD004,92,51,9.4496,
FD004,92,52,12.0792,
FD004,92,53,15.1132,
FD004,92,54,13.4542,
FD004,92,55,12.9056,
FD004,92,56,13.8467,
FD004,92,57,13.4171,
FD004,92,58,13.5439,
FD004,92,59,13.435,
FD004,92,60,13.5164,
FD004,92,61,13.136,
FD004,92,62,14.8043,
FD004,92,63,14.9935,
FD004,92,64,14.4815,
FD004,92,65,13.7047,
FD004,92,66,9.443,
FD004,92,67,10.4155,
FD004,92,68,11.4441,
FD004,92,69,8.9797,
FD004,92,70,6.9098,
FD004,92,71,6.3674,
FD004,92,72,6.2029,
FD004,92,73,4.8975,
FD004,92,74,5.172,
FD004,92,75,4.9697,
FD004,92,76,4.0417,
FD004,92,77,6.2454,
FD004,92,78,4.2593,
FD004,92,79,4.6078,
FD004,92,80,7.7365,
FD004,92,81,8.8071,
FD004,92,82,12.0183,
FD004,92,83,11.2594,
FD004,92,84,11.9348,
FD004,92,85,9.0779,
FD004,92,86,8.5518,
FD004,92,87,6.8954,
FD004,92,88,6.6677,
FD004,92,89,4.4394,
FD004,92,90,5.2687,
FD004,92,91,5.195,
FD004,92,92,5.499,
FD004,92,93,7.9454,
FD004,92,94,7.8916,
FD004,92,95,8.2501,
FD004,92,96,9.4753,
FD004,92,97,7.2852,
FD004,92,98,6.5853,
FD004,92,99,7.4282,
FD004,92,100,9.5343,
FD004,92,101,7.4849,
FD004,92,102,9.115,
FD004,92,103,8.471,
FD004,92,104,7.686,
FD004,92,105,6.0456,
FD004,92,106,8.1514,
FD004,92,107,9.7292,
FD004,92,108,8.881,
FD004,92,109,10.623,
FD004,92,110,11.4336,
FD004,92,111,11.8426,
FD004,92,112,10.0595,
FD004,92,113,8.4961,
FD004,92,114,9.7236,
FD004,92,115,9.4296,
FD004,92,116,9.997,
FD004,93,1,0.0,
FD004,93,2,0.0,
FD004,93,3,0.0,
FD004,93,4,0.0,
FD004,93,5,0.0,
FD004,93,6,0.0,
FD004,93,7,0.0,
FD004,93,8,0.0,
FD004,93,9,0.0,
FD004,93,10,0.0,
FD004,93,11,0.0,
FD004,93,12,0.0,
FD004,93,13,0.0,
FD004,93,14,0.0,
FD004,93,15,0.0,
FD004,93,16,0.0,
FD004,93,17,0.0,
FD004,93,18,0.0,
FD004,93,19,0.0,
FD004,93,20,0.0,
FD004,93,21,0.0,
FD004,93,22,0.0,
FD004,93,23,0.0,
FD004,93,24,0.0,
FD004,93,25,0.0,
FD004,93,26,0.0,
FD004,93,27,0.0,
FD004,93,28,0.0,
FD004,93,29,0.0,
FD004,93,30,0.0,
FD004,93,31,0.0,
FD004,93,32,0.0,
FD004,93,33,0.0,
FD004,93,34,0.0,
FD004,93,35,0.0,
FD004,93,36,0.0,
FD004,93,37,0.0,
FD004,93,38,0.0,
FD004,93,39,0.0,
FD004,93,40,0.0,
FD004,93,41,0.0,
FD004,93,42,0.0,
FD004,93,43,0.0,
FD004,93,44,0.0,
FD004,93,45,0.0,
FD004,93,46,0.0,
FD004,93,47,0.0,
FD004,93,48,0.0,
FD004,93,49,0.0,
FD004,93,50,11.6179,
FD004,93,51,10.0715,
FD004,93,52,13.1788,
FD004,93,53,11.1025,
FD004,93,54,9.866,
FD004,93,55,13.8756,
FD004,93,56,12.6113,
FD004,93,57,10.235,
FD004,93,58,7.6116,
FD004,93,59,13.4397,
FD004,93,60,11.5901,
FD004,93,61,12.7077,
FD004,93,62,12.6467,
FD004,93,63,12.0178,
FD004,93,64,9.2018,
FD004,93,65,8.9959,
FD004,93,66,9.0072,
FD004,93,67,8.0457,
FD004,93,68,7.6254,
FD004,93,69,7.5128,
FD004,93,70,8.1148,
FD004,93,71,8.0353,
FD004,93,72,7.8709,
FD004,93,73,8.781,
FD004,93,74,10.5285,
FD004,93,75,9.7136,
FD004,93,76,12.2891,
FD004,93,77,12.2353,
FD004,93,78,10.3546,
FD004,93,79,9.3773,
FD004,93,80,10.5387,
FD004,93,81,11.3372,
FD004,93,82,12.4318,
FD004,93,83,12.263,
FD004,93,84,12.3293,
FD004,93,85,9.7924,
FD004,93,86,9.4983,
FD004,93,87,10.307,
FD004,93,88,9.9995,
FD004,93,89,8.8502,
FD004,93,90,7.9049,
FD004,93,91,7.5729,
FD004,93,92,7.1062,
FD004,93,93,5.9128,
FD004,93,94,9.3614,
FD004,93,95,6.7483,
FD004,93,96,6.2069,
FD004,93,97,5.6094,
FD004,93,98,5.397,
FD004,93,99,5.9658,
FD004,93,100,7.8389,
FD004,93,101,6.6719,
FD004,93,102,6.6355,
FD004,93,103,6.5639,
FD004,93,104,6.5262,
FD004,93,105,7.0601,
FD004,93,106,8.1351,
FD004,93,107,12.9873,
FD004,93,108,11.2479,
FD004,93,109,10.9361,
FD004,93,110,10.8912,
FD004,93,111,9.5434,
FD004,93,112,8.7975,
FD004,93,113,11.8584,
FD004,93,114,8.5286,
FD004,93,115,8.494,
FD004,93,116,8.6443,
FD004,93,117,8.6848,
FD004,93,118,10.2434,
FD004,93,119,8.5299,
FD004,93,120,8.4022,
FD004,93,121,7.0874,
FD004,93,122,7.0975,
FD004,93,123,7.4882,
FD004,93,124,8.3088,
FD004,93,125,8.8134,
FD004,93,126,7.0061,
FD004,93,127,7.1201,
FD004,93,128,7.4907,
FD004,93,129,7.4598,
FD004,93,130,6.5954,
FD004,93,131,9.7049,
FD004,93,132,14.4079,
FD004,93,133,11.062,
FD004,93,134,9.4875,
FD004,93,135,12.4009,
FD004,93,136,8.9921,
FD004,93,137,8.2989,
FD004,93,138,5.9133,
FD004,93,139,9.7442,
FD004,93,140,9.2578,
FD004,93,141,7.2356,
FD004,93,142,7.6085,
FD004,93,143,9.0124,
FD004,93,144,7.6776,
FD004,93,145,7.6938,
FD004,93,146,8.7007,
FD004,93,147,8.0022,
FD004,93,148,6.7026,
FD004,93,149,9.4416,
FD004,93,150,7.2405,
FD004,93,151,9.6397,
FD004,93,152,5.9126,
FD004,93,153,6.8785,
FD004,93,154,6.5629,
FD004,93,155,6.6677,
FD004,93,156,6.4922,
FD004,93,157,9.1307,
FD004,93,158,9.1386,
FD004,93,159,8.7145,
FD004,93,160,6.4936,
FD004,93,161,6.7981,
FD004,93,162,10.478,
FD004,93,163,11.2805,
FD004,93,164,10.5585,
FD004,93,165,12.0524,
FD004,93,166,7.6422,
FD004,93,167,7.2743,
FD004,93,168,6.6915,
FD004,93,169,6.137,
FD004,93,170,9.2104,
FD004,93,171,6.389,
FD004,93,172,9.895,
FD004,93,173,10.4329,
FD004,93,174,9.6818,
FD004,93,175,9.5931,
FD004,93,176,9.6241,
FD004,93,177,9.3623,
FD004,93,178,9.7671,
FD004,93,179,9.396,
FD004,93,180,7.0306,
FD004,93,181,7.2975,
FD004,93,182,7.5584,
FD004,93,183,7.2258,
FD004,93,184,6.8875,
FD004,93,185,7.277,
FD004,93,186,6.3381,
FD004,93,187,7.2449,
FD004,93,188,6.9542,
FD004,93,189,6.0569,
FD004,93,190,5.9332,
FD004,93,191,4.9012,
FD004,93,192,5.2603,
FD004,93,193,4.5411,
FD004,93,194,8.3868,
FD004,93,195,6.5334,
FD004,93,196,6.2244,
FD004,93,197,7.0371,
FD004,93,198,10.9736,
FD004,93,199,9.478,
FD004,93,200,9.8798,
FD004,94,1,0.0,
FD004,94,2,0.0,
FD004,94,3,0.0,
FD004,94,4,0.0,
FD004,94,5,0.0,
FD004,94,6,0.0,
FD004,94,7,0.0,
FD004,94,8,0.0,
FD004,94,9,0.0,
FD004,94,10,0.0,
FD004,94,11,0.0,
FD004,94,12,0.0,
FD004,94,13,0.0,
FD004,94,14,0.0,
FD004,94,15,0.0,
FD004,94,16,0.0,
FD004,94,17,0.0,
FD004,94,18,0.0,
FD004,94,19,0.0,
FD004,94,20,0.0,
FD004,94,21,0.0,
FD004,94,22,0.0,
FD004,94,23,0.0,
FD004,94,24,0.0,
FD004,94,25,0.0,
FD004,94,26,0.0,
FD004,94,27,0.0,
FD004,94,28,0.0,
FD004,94,29,0.0,
FD004,94,30,0.0,
FD004,94,31,0.0,
FD004,94,32,0.0,
FD004,94,33,0.0,
FD004,94,34,0.0,
FD004,94,35,0.0,
FD004,94,36,0.0,
FD004,94,37,0.0,
FD004,94,38,0.0,
FD004,94,39,0.0,
FD004,94,40,0.0,
FD004,94,41,0.0,
FD004,94,42,0.0,
FD004,94,43,0.0,
FD004,94,44,0.0,
FD004,94,45,0.0,
FD004,94,46,0.0,
FD004,94,47,0.0,
FD004,94,48,0.0,
FD004,94,49,0.0,
FD004,94,50,4.5275,
FD004,94,51,5.9809,
FD004,94,52,5.9327,
FD004,94,53,9.1686,
FD004,94,54,8.9324,
FD004,94,55,10.6939,
FD004,94,56,8.3244,
FD004,94,57,7.0216,
FD004,94,58,6.8861,
FD004,94,59,7.6512,
FD004,94,60,7.1396,
FD004,94,61,5.7332,
FD004,94,62,6.8971,
FD004,94,63,6.8234,
FD004,94,64,7.9532,
FD004,94,65,9.6944,
FD004,94,66,6.7701,
FD004,94,67,8.083,
FD004,94,68,7.555,
FD004,94,69,9.0095,
FD004,94,70,9.617,
FD004,94,71,8.4858,
FD004,94,72,7.0545,
FD004,94,73,6.8537,
FD004,94,74,7.2892,
FD004,94,75,7.4039,
FD004,94,76,7.4653,
FD004,94,77,6.8911,
FD004,94,78,10.3671,
FD004,94,79,7.5182,
FD004,94,80,8.9846,
FD004,94,81,7.8421,
FD004,94,82,7.4978,
FD004,94,83,7.2963,
FD004,94,84,7.875,
FD004,94,85,9.4667,
FD004,94,86,9.3636,
FD004,94,87,9.9615,
FD004,94,88,13.6404,
FD004,94,89,13.072,
FD004,94,90,10.939,
FD004,94,91,12.7812,
FD004,94,92,10.7699,
FD004,94,93,10.2817,
FD004,94,94,13.1519,
FD004,94,95,10.7565,
FD004,94,96,13.7559,
FD004,94,97,10.3622,
FD004,94,98,10.4705,
FD004,94,99,10.6387,
FD004,94,100,10.8924,
FD004,94,101,8.7782,
FD004,94,102,11.0527,
FD004,94,103,12.2219,
FD004,94,104,9.2901,
FD004,94,105,8.9634,
FD004,95,1,0.0,
FD004,95,2,0.0,
FD004,95,3,0.0,
FD004,95,4,0.0,
FD004,95,5,0.0,
FD004,95,6,0.0,
FD004,95,7,0.0,
FD004,95,8,0.0,
FD004,95,9,0.0,
FD004,95,10,0.0,
FD004,95,11,0.0,
FD004,95,12,0.0,
FD004,95,13,0.0,
FD004,95,14,0.0,
FD004,95,15,0.0,
FD004,95,16,0.0,
FD004,95,17,0.0,
FD004,95,18,0.0,
FD004,95,19,0.0,
FD004,95,20,0.0,
FD004,95,21,0.0,
FD004,95,22,0.0,
FD004,95,23,0.0,
FD004,95,24,0.0,
FD004,95,25,0.0,
FD004,95,26,0.0,
FD004,95,27,0.0,
FD004,95,28,0.0,
FD004,95,29,0.0,
FD004,95,30,0.0,
FD004,95,31,0.0,
FD004,95,32,0.0,
FD004,95,33,0.0,
FD004,95,34,0.0,
FD004,95,35,0.0,
FD004,95,36,0.0,
FD004,95,37,0.0,
FD004,95,38,0.0,
FD004,95,39,0.0,
FD004,95,40,0.0,
FD004,95,41,0.0,
FD004,95,42,0.0,
FD004,95,43,0.0,
FD004,95,44,0.0,
FD004,95,45,0.0,
FD004,95,46,0.0,
FD004,95,47,0.0,
FD004,95,48,0.0,
FD004,95,49,0.0,
FD004,95,50,5.4978,
FD004,95,51,6.2066,
FD004,95,52,11.5049,
FD004,95,53,8.9538,
FD004,95,54,8.1412,
FD004,95,55,7.9957,
FD004,95,56,6.3131,
FD004,95,57,4.626,
FD004,95,58,6.4884,
FD004,95,59,5.3045,
FD004,95,60,6.5358,
FD004,95,61,5.9358,
FD004,95,62,7.2909,
FD004,95,63,7.0482,
FD004,95,64,8.7714,
FD004,95,65,8.7832,
FD004,95,66,9.152,
FD004,95,67,9.9305,
FD004,95,68,9.3538,
FD004,95,69,9.5322,
FD004,95,70,10.9916,
FD004,95,71,10.3114,
FD004,95,72,9.492,
FD004,95,73,7.8916,
FD004,95,74,8.6286,
FD004,95,75,9.3446,
FD004,95,76,9.939,
FD004,95,77,10.2176,
FD004,95,78,9.4113,
FD004,95,79,11.157,
FD004,95,80,12.4623,
FD004,95,81,12.4273,
FD004,95,82,10.2758,
FD004,95,83,13.4546,
FD004,95,84,12.1465,
FD004,95,85,16.0165,
FD004,95,86,12.944,
FD004,95,87,13.5981,
FD004,95,88,21.6122,
FD004,95,89,17.3358,
FD004,95,90,18.2643,
FD004,95,91,18.8457,
FD004,95,92,11.2705,
FD004,95,93,10.3813,
FD004,95,94,10.4476,
FD004,95,95,7.9136,
FD004,95,96,7.8327,
FD004,95,97,6.9047,
FD004,95,98,6.8334,
FD004,95,99,8.0807,
FD004,95,100,10.4136,
FD004,95,101,11.6866,
FD004,95,102,9.974,
FD004,95,103,11.1823,
FD004,95,104,7.0633,
FD004,95,105,6.5858,
FD004,95,106,7.2717,
FD004,95,107,7.2771,
FD004,95,108,8.5102,
FD004,95,109,8.4855,
FD004,95,110,8.563,
FD004,96,1,0.0,
FD004,96,2,0.0,
FD004,96,3,0.0,
FD004,96,4,0.0,
FD004,96,5,0.0,
FD004,96,6,0.0,
FD004,96,7,0.0,
FD004,96,8,0.0,
FD004,96,9,0.0,
FD004,96,10,0.0,
FD004,96,11,0.0,
FD004,96,12,0.0,
FD004,96,13,0.0,
FD004,96,14,0.0,
FD004,96,15,0.0,
FD004,96,16,0.0,
FD004,96,17,0.0,
FD004,96,18,0.0,
FD004,96,19,0.0,
FD004,96,20,0.0,
FD004,96,21,0.0,
FD004,96,22,0.0,
FD004,96,23,0.0,
FD004,96,24,0.0,
FD004,96,25,0.0,
FD004,96,26,0.0,
FD004,96,27,0.0,
FD004,96,28,0.0,
FD004,96,29,0.0,
FD004,96,30,0.0,
FD004,96,31,0.0,
FD004,96,32,0.0,
FD004,96,33,0.0,
FD004,96,34,0.0,
FD004,96,35,0.0,
FD004,96,36,0.0,
FD004,96,37,0.0,
FD004,96,38,0.0,
FD004,96,39,0.0,
FD004,96,40,0.0,
FD004,96,41,0.0,
FD004,96,42,0.0,
FD004,96,43,0.0,
FD004,96,44,0.0,
FD004,96,45,0.0,
FD004,96,46,0.0,
FD004,96,47,0.0,
FD004,96,48,0.0,
FD004,96,49,0.0,
FD004,96,50,6.9719,
FD004,96,51,7.1791,
FD004,96,52,6.9581,
FD004,96,53,10.1129,
FD004,96,54,9.8179,
FD004,96,55,14.5134,
FD004,96,56,6.8733,
FD004,96,57,7.1591,
FD004,96,58,11.5517,
FD004,96,59,8.594,
FD004,96,60,7.8233,
FD004,96,61,9.2372,
FD004,96,62,11.4118,
FD004,96,63,11.7619,
FD004,96,64,11.2234,
FD004,96,65,11.2379,
FD004,96,66,10.9965,
FD004,96,67,11.4948,
FD004,96,68,11.1527,
FD004,96,69,12.235,
FD004,96,70,17.1729,
FD004,96,71,17.7452,
FD004,96,72,17.1162,
FD004,96,73,14.7531,
FD004,96,74,11.4634,
FD004,96,75,8.0018,
FD004,96,76,10.1084,
FD004,96,77,9.5711,
FD004,96,78,11.2509,
FD004,96,79,11.4415,
FD004,96,80,10.2198,
FD004,96,81,11.351,
FD004,96,82,9.8182,
FD004,96,83,9.6871,
FD004,96,84,10.1258,
FD004,96,85,10.1167,
FD004,96,86,11.4359,
FD004,96,87,10.5506,
FD004,96,88,11.9535,
FD004,96,89,8.8822,
FD004,96,90,9.8003,
FD004,96,91,9.7664,
FD004,96,92,9.2974,
FD004,96,93,9.5432,
FD004,96,94,9.0012,
FD004,96,95,9.5926,
FD004,96,96,12.5862,
FD004,96,97,12.6323,
FD004,96,98,11.4699,
FD004,96,99,10.1595,
FD004,96,100,9.3162,
FD004,96,101,10.7036,
FD004,96,102,13.7514,
FD004,96,103,10.6693,
FD004,96,104,10.1502,
FD004,96,105,10.2715,
FD004,96,106,10.4017,
FD004,96,107,10.0173,
FD004,96,108,8.6157,
FD004,96,109,9.9732,
FD004,96,110,11.1221,
FD004,96,111,11.9378,
FD004,96,112,11.754,
FD004,96,113,7.7409,
FD004,96,114,8.8979,
FD004,96,115,10.5535,
FD004,96,116,7.8557,
FD004,96,117,8.2079,
FD004,96,118,8.3304,
FD004,96,119,9.1325,
FD004,96,120,7.6492,
FD004,96,121,7.5062,
FD004,96,122,7.4891,
FD004,96,123,9.5804,
FD004,97,1,0.0,
FD004,97,2,0.0,
FD004,97,3,0.0,
FD004,97,4,0.0,
FD004,97,5,0.0,
FD004,97,6,0.0,
FD004,97,7,0.0,
FD004,97,8,0.0,
FD004,97,9,0.0,
FD004,97,10,0.0,
FD004,97,11,0.0,
FD004,97,12,0.0,
FD004,97,13,0.0,
FD004,97,14,0.0,
FD004,97,15,0.0,
FD004,97,16,0.0,
FD004,97,17,0.0,
FD004,97,18,0.0,
FD004,97,19,0.0,
FD004,97,20,0.0,
FD004,97,21,0.0,
FD004,97,22,0.0,
FD004,97,23,0.0,
FD004,97,24,0.0,
FD004,97,25,0.0,
FD004,97,26,0.0,
FD004,97,27,0.0,
FD004,97,28,0.0,
FD004,97,29,0.0,
FD004,97,30,0.0,
FD004,97,31,0.0,
FD004,97,32,0.0,
FD004,97,33,0.0,
FD004,97,34,0.0,
FD004,97,35,0.0,
FD004,97,36,0.0,
FD004,97,37,0.0,
FD004,97,38,0.0,
FD004,97,39,0.0,
FD004,97,40,0.0,
FD004,97,41,0.0,
FD004,97,42,0.0,
FD004,97,43,0.0,
FD004,97,44,0.0,
FD004,97,45,0.0,
FD004,97,46,0.0,
FD004,97,47,0.0,
FD004,97,48,0.0,
FD004,97,49,0.0,
FD004,97,50,10.2906,
FD004,97,51,11.2227,
FD004,98,1,0.0,
FD004,98,2,0.0,
FD004,98,3,0.0,
FD004,98,4,0.0,
FD004,98,5,0.0,
FD004,98,6,0.0,
FD004,98,7,0.0,
FD004,98,8,0.0,
FD004,98,9,0.0,
FD004,98,10,0.0,
FD004,98,11,0.0,
FD004,98,12,0.0,
FD004,98,13,0.0,
FD004,98,14,0.0,
FD004,98,15,0.0,
FD004,98,16,0.0,
FD004,98,17,0.0,
FD004,98,18,0.0,
FD004,98,19,0.0,
FD004,98,20,0.0,
FD004,98,21,0.0,
FD004,98,22,0.0,
FD004,98,23,0.0,
FD004,98,24,0.0,
FD004,98,25,0.0,
FD004,98,26,0.0,
FD004,98,27,0.0,
FD004,98,28,0.0,
FD004,98,29,0.0,
FD004,98,30,0.0,
FD004,98,31,0.0,
FD004,98,32,0.0,
FD004,98,33,0.0,
FD004,98,34,0.0,
FD004,98,35,0.0,
FD004,98,36,0.0,
FD004,98,37,0.0,
FD004,98,38,0.0,
FD004,98,39,0.0,
FD004,98,40,0.0,
FD004,98,41,0.0,
FD004,98,42,0.0,
FD004,98,43,0.0,
FD004,98,44,0.0,
FD004,98,45,0.0,
FD004,98,46,0.0,
FD004,98,47,0.0,
FD004,98,48,0.0,
FD004,98,49,0.0,
FD004,98,50,8.4014,
FD004,98,51,5.7711,
FD004,98,52,6.1503,
FD004,98,53,7.3469,
FD004,98,54,6.8738,
FD004,98,55,6.6482,
FD004,98,56,6.7667,
FD004,98,57,9.6099,
FD004,98,58,6.9275,
FD004,98,59,7.7952,
FD004,98,60,8.3921,
FD004,98,61,6.4471,
FD004,98,62,9.4,
FD004,98,63,6.6193,
FD004,98,64,6.7938,
FD004,98,65,7.4433,
FD004,98,66,7.2508,
FD004,98,67,8.3525,
FD004,98,68,8.3798,
FD004,98,69,12.0328,
FD004,98,70,10.875,
FD004,98,71,6.2802,
FD004,98,72,13.2497,
FD004,98,73,10.1298,
FD004,98,74,9.9303,
FD004,98,75,8.9573,
FD004,98,76,9.7912,
FD004,98,77,10.913,
FD004,98,78,11.0822,
FD004,98,79,10.1949,
FD004,98,80,9.4341,
FD004,98,81,7.7442,
FD004,98,82,11.3465,
FD004,99,1,0.0,
FD004,99,2,0.0,
FD004,99,3,0.0,
FD004,99,4,0.0,
FD004,99,5,0.0,
FD004,99,6,0.0,
FD004,99,7,0.0,
FD004,99,8,0.0,
FD004,99,9,0.0,
FD004,99,10,0.0,
FD004,99,11,0.0,
FD004,99,12,0.0,
FD004,99,13,0.0,
FD004,99,14,0.0,
FD004,99,15,0.0,
FD004,99,16,0.0,
FD004,99,17,0.0,
FD004,99,18,0.0,
FD004,99,19,0.0,
FD004,99,20,0.0,
FD004,99,21,0.0,
FD004,99,22,0.0,
FD004,99,23,0.0,
FD004,99,24,0.0,
FD004,99,25,0.0,
FD004,99,26,0.0,
FD004,99,27,0.0,
FD004,99,28,0.0,
FD004,99,29,0.0,
FD004,99,30,0.0,
FD004,99,31,0.0,
FD004,99,32,0.0,
FD004,99,33,0.0,
FD004,99,34,0.0,
FD004,99,35,0.0,
FD004,99,36,0.0,
FD004,99,37,0.0,
FD004,99,38,0.0,
FD004,99,39,0.0,
FD004,99,40,0.0,
FD004,99,41,0.0,
FD004,99,42,0.0,
FD004,99,43,0.0,
FD004,99,44,0.0,
FD004,99,45,0.0,
FD004,99,46,0.0,
FD004,99,47,0.0,
FD004,99,48,0.0,
FD004,99,49,0.0,
FD004,99,50,9.2095,
FD004,99,51,9.9058,
FD004,99,52,10.7683,
FD004,99,53,9.9727,
FD004,99,54,7.3418,
FD004,99,55,7.5369,
FD004,99,56,7.3119,
FD004,99,57,7.4232,
FD004,99,58,8.8056,
FD004,99,59,6.623,
FD004,99,60,7.4171,
FD004,99,61,7.2043,
FD004,99,62,7.5396,
FD004,99,63,8.0224,
FD004,99,64,8.9663,
FD004,99,65,7.6666,
FD004,99,66,9.0393,
FD004,99,67,11.7808,
FD004,99,68,10.8483,
FD004,99,69,9.1118,
FD004,99,70,9.0137,
FD004,99,71,21.0143,
FD004,99,72,12.0286,
FD004,99,73,12.3728,
FD004,99,74,14.1117,
FD004,99,75,13.9506,
FD004,99,76,15.0466,
FD004,99,77,14.817,
FD004,99,78,12.8379,
FD004,99,79,10.8015,
FD004,99,80,12.5975,
FD004,99,81,12.3402,
FD004,99,82,11.5674,
FD004,99,83,6.7276,
FD004,99,84,8.9122,
FD004,99,85,9.6062,
FD004,99,86,8.4106,
FD004,99,87,8.5045,
FD004,99,88,8.8275,
FD004,99,89,9.3952,
FD004,99,90,9.6906,
FD004,99,91,11.6606,
FD004,99,92,10.2678,
FD004,99,93,9.0016,
FD004,99,94,11.6065,
FD004,99,95,9.8826,
FD004,99,96,8.0187,
FD004,99,97,9.3596,
FD004,99,98,6.8254,
FD004,99,99,7.8202,
FD004,99,100,7.4184,
FD004,99,101,6.4506,
FD004,99,102,6.5237,
FD004,99,103,7.3575,
FD004,99,104,8.9073,
FD004,99,105,9.1167,
FD004,99,106,7.5622,
FD004,99,107,7.6201,
FD004,99,108,7.3253,
FD004,99,109,10.0951,
FD004,99,110,8.5479,
FD004,99,111,7.6061,
FD004,99,112,6.6353,
FD004,99,113,7.6088,
FD004,99,114,8.7518,
FD004,99,115,10.3315,
FD004,99,116,17.3238,
FD004,99,117,17.9849,
FD004,99,118,19.2732,
FD004,99,119,23.7479,
FD004,99,120,21.9394,
FD004,99,121,22.6843,
FD004,99,122,12.7422,
FD004,99,123,13.4564,
FD004,99,124,5.9148,
FD004,99,125,7.0021,
FD004,99,126,8.4046,
FD004,99,127,7.517,
FD004,99,128,7.1867,
FD004,99,129,7.9374,
FD004,99,130,7.5552,
FD004,99,131,7.769,
FD004,99,132,7.6822,
FD004,99,133,7.9005,
FD004,99,134,8.1415,
FD004,99,135,6.5526,
FD004,99,136,10.9245,
FD004,99,137,12.3283,
FD004,99,138,12.6178,
FD004,99,139,9.5155,
FD004,99,140,8.3249,
FD004,99,141,8.7907,
FD004,99,142,8.6151,
FD004,99,143,9.7865,
FD004,99,144,8.2443,
FD004,99,145,9.5294,
FD004,99,146,9.8174,
FD004,99,147,10.8155,
FD004,99,148,9.8178,
FD004,99,149,10.1465,
FD004,99,150,10.6414,
FD004,99,151,17.325,
FD004,99,152,14.1404,
FD004,99,153,14.0269,
FD004,99,154,13.5832,
FD004,99,155,13.571,
FD004,99,156,19.5405,
FD004,99,157,21.4199,
FD004,99,158,16.9296,
FD004,99,159,18.6309,
FD004,99,160,17.1363,
FD004,99,161,10.7598,
FD004,99,162,9.162,
FD004,99,163,8.7097,
FD004,99,164,8.4192,
FD004,99,165,8.1792,
FD004,99,166,10.8013,
FD004,99,167,10.9236,
FD004,99,168,14.417,
FD004,99,169,12.5147,
FD004,99,170,11.7112,
FD004,99,171,11.8341,
FD004,99,172,14.8202,
FD004,99,173,12.2308,
FD004,99,174,14.2784,
FD004,99,175,13.5557,
FD004,99,176,13.9599,
FD004,99,177,13.2515,
FD004,99,178,12.5624,
FD004,99,179,8.9046,
FD004,99,180,9.1377,
FD004,99,181,11.2286,
FD004,99,182,8.3387,
FD004,99,183,9.1385,
FD004,99,184,8.6706,
FD004,99,185,9.4839,
FD004,99,186,9.3087,
FD004,99,187,10.0645,
FD004,99,188,10.6302,
FD004,99,189,12.1166,
FD004,99,190,10.3895,
FD004,99,191,11.4741,
FD004,99,192,10.9192,
FD004,99,193,9.6311,
FD004,99,194,11.0887,
FD004,99,195,9.2559,
FD004,99,196,7.2424,
FD004,99,197,6.3633,
FD004,99,198,8.2719,
FD004,99,199,6.6825,
FD004,99,200,7.5211,
FD004,99,201,11.1756,
FD004,99,202,9.5268,
FD004,99,203,9.0813,
FD004,99,204,9.6857,
FD004,99,205,9.2995,
FD004,99,206,8.8599,
FD004,99,207,11.3236,
FD004,99,208,9.352,
FD004,99,209,7.8371,
FD004,99,210,7.1308,
FD004,99,211,7.2176,
FD004,99,212,7.2358,
FD004,99,213,7.6781,
FD004,99,214,8.8683,
FD004,99,215,9.1539,
FD004,99,216,10.7644,
FD004,99,217,10.0242,
FD004,99,218,9.1429,
FD004,99,219,6.8528,
FD004,99,220,7.0183,
FD004,99,221,6.7215,
FD004,99,222,7.7456,
FD004,99,223,8.23,
FD004,99,224,7.2945,
FD004,99,225,6.9789,
FD004,99,226,8.0364,
FD004,99,227,7.9452,
FD004,99,228,7.8138,
FD004,99,229,8.6468,
FD004,99,230,9.0183,
FD004,99,231,10.3486,
FD004,99,232,14.3146,
FD004,99,233,11.3898,
FD004,99,234,9.5995,
FD004,99,235,9.0562,
FD004,99,236,9.7379,
FD004,99,237,10.4125,
FD004,100,1,0.0,
FD004,100,2,0.0,
FD004,100,3,0.0,
FD004,100,4,0.0,
FD004,100,5,0.0,
FD004,100,6,0.0,
FD004,100,7,0.0,
FD004,100,8,0.0,
FD004,100,9,0.0,
FD004,100,10,0.0,
FD004,100,11,0.0,
FD004,100,12,0.0,
FD004,100,13,0.0,
FD004,100,14,0.0,
FD004,100,15,0.0,
FD004,100,16,0.0,
FD004,100,17,0.0,
FD004,100,18,0.0,
FD004,100,19,0.0,
FD004,100,20,0.0,
FD004,100,21,0.0,
FD004,100,22,0.0,
FD004,100,23,0.0,
FD004,100,24,0.0,
FD004,100,25,0.0,
FD004,100,26,0.0,
FD004,100,27,0.0,
FD004,100,28,0.0,
FD004,100,29,0.0,
FD004,100,30,0.0,
FD004,100,31,0.0,
FD004,100,32,0.0,
FD004,100,33,0.0,
FD004,100,34,0.0,
FD004,100,35,0.0,
FD004,100,36,0.0,
FD004,100,37,0.0,
FD004,100,38,0.0,
FD004,100,39,0.0,
FD004,100,40,0.0,
FD004,100,41,0.0,
FD004,100,42,0.0,
FD004,100,43,0.0,
FD004,100,44,0.0,
FD004,100,45,0.0,
FD004,100,46,0.0,
FD004,100,47,0.0,
FD004,100,48,0.0,
FD004,100,49,0.0,
FD004,100,50,7.5282,
FD004,100,51,6.7647,
FD004,100,52,7.2627,
FD004,100,53,7.7108,
FD004,100,54,7.7461,
FD004,100,55,8.6798,
FD004,100,56,8.5056,
FD004,100,57,10.9505,
FD004,100,58,10.927,
FD004,100,59,10.8595,
FD004,100,60,13.0147,
FD004,100,61,14.0149,
FD004,100,62,23.6514,
FD004,100,63,16.8403,
FD004,100,64,16.6371,
FD004,100,65,19.709,
FD004,100,66,18.5323,
FD004,100,67,15.2124,
FD004,100,68,12.3907,
FD004,100,69,11.501,
FD004,100,70,11.1183,
FD004,100,71,9.2194,
FD004,100,72,9.4772,
FD004,100,73,9.5449,
FD004,100,74,9.0034,
FD004,100,75,8.0145,
FD004,100,76,11.6731,
FD004,100,77,8.7126,
FD004,100,78,9.6103,
FD004,100,79,10.412,
FD004,100,80,11.5117,
FD004,100,81,9.0133,
FD004,100,82,8.4383,
FD004,100,83,7.4115,
FD004,100,84,8.1134,
FD004,100,85,8.7724,
FD004,100,86,9.2968,
FD004,100,87,12.4269,
FD004,100,88,18.2068,
FD004,100,89,12.9764,
FD004,100,90,9.0597,
FD004,100,91,7.7116,
FD004,100,92,7.8648,
FD004,100,93,9.5379,
FD004,100,94,11.2489,
FD004,100,95,13.9819,
FD004,100,96,8.5448,
FD004,100,97,9.7586,
FD004,100,98,10.1799,
FD004,100,99,9.4633,
FD004,100,100,8.4109,
FD004,100,101,10.2493,
FD004,100,102,10.1831,
FD004,100,103,10.795,
FD004,100,104,10.3372,
FD004,100,105,9.6357,
FD004,100,106,9.8003,
FD004,100,107,9.0874,
FD004,100,108,8.4238,
FD004,100,109,9.486,
FD004,100,110,10.2019,
FD004,100,111,10.037,
FD004,100,112,10.4004,
FD004,100,113,10.1288,
FD004,100,114,11.3276,
FD004,100,115,9.4354,
FD004,100,116,9.2166,
FD004,100,117,9.216,
FD004,100,118,8.6768,
FD004,100,119,7.9652,
FD004,100,120,10.9873,
FD004,100,121,12.4886,
FD004,100,122,15.6113,
FD004,100,123,15.988,
FD004,100,124,16.7595,
FD004,100,125,16.8759,
FD004,100,126,15.8564,
FD004,100,127,18.6349,
FD004,100,128,15.896,
FD004,100,129,14.9555,
FD004,100,130,13.9327,
FD004,100,131,14.6381,
FD004,100,132,8.72,
FD004,100,133,7.5953,
FD004,100,134,7.7561,
FD004,100,135,8.9572,
FD004,100,136,9.7486,
FD004,100,137,11.3514,
FD004,100,138,9.9183,
FD004,100,139,9.8231,
FD004,100,140,10.3712,
FD004,100,141,10.9025,
FD004,100,142,11.3702,
FD004,100,143,10.1832,
FD004,100,144,9.5362,
FD004,100,145,8.1597,
FD004,100,146,9.1238,
FD004,100,147,8.0449,
FD004,100,148,10.7229,
FD004,100,149,9.0082,
FD004,100,150,9.438,
FD004,100,151,8.7651,
FD004,100,152,8.5987,
FD004,100,153,7.3348,
FD004,100,154,8.952,
FD004,100,155,8.6952,
FD004,100,156,7.2878,
FD004,100,157,8.415,
FD004,100,158,8.1021,
FD004,100,159,7.6671,
FD004,100,160,9.893,
FD004,100,161,9.6917,
FD004,100,162,10.2083,
FD004,100,163,8.5224,
FD004,100,164,7.4553,
FD004,100,165,9.1967,
FD004,100,166,8.3467,
FD004,100,167,8.1882,
FD004,100,168,9.9217,
FD004,100,169,9.686,
FD004,100,170,9.7963,
FD004,100,171,10.1629,
FD004,100,172,9.396,
FD004,100,173,10.2657,
FD004,100,174,9.5661,
FD004,100,175,9.5129,
FD004,100,176,9.7835,
FD004,100,177,9.0776,
FD004,100,178,10.6237,
FD004,100,179,10.9281,
FD004,100,180,10.5795,
FD004,100,181,11.1444,
FD004,100,182,11.1491,
FD004,100,183,11.8981,
FD004,100,184,11.0512,
FD004,100,185,11.2788,
FD004,100,186,10.9965,
FD004,100,187,13.7741,
FD004,100,188,13.2713,
FD004,100,189,12.6236,
FD004,100,190,13.5134,
FD004,100,191,10.9981,
FD004,100,192,13.0758,
FD004,100,193,14.8582,
FD004,100,194,11.9793,
FD004,100,195,13.546,
FD004,100,196,12.2018,
FD004,101,1,0.0,
FD004,101,2,0.0,
FD004,101,3,0.0,
FD004,101,4,0.0,
FD004,101,5,0.0,
FD004,101,6,0.0,
FD004,101,7,0.0,
FD004,101,8,0.0,
FD004,101,9,0.0,
FD004,101,10,0.0,
FD004,101,11,0.0,
FD004,101,12,0.0,
FD004,101,13,0.0,
FD004,101,14,0.0,
FD004,101,15,0.0,
FD004,101,16,0.0,
FD004,101,17,0.0,
FD004,101,18,0.0,
FD004,101,19,0.0,
FD004,101,20,0.0,
FD004,101,21,0.0,
FD004,101,22,0.0,
FD004,101,23,0.0,
FD004,101,24,0.0,
FD004,101,25,0.0,
FD004,101,26,0.0,
FD004,101,27,0.0,
FD004,101,28,0.0,
FD004,101,29,0.0,
FD004,101,30,0.0,
FD004,101,31,0.0,
FD004,101,32,0.0,
FD004,101,33,0.0,
FD004,101,34,0.0,
FD004,101,35,0.0,
FD004,101,36,0.0,
FD004,101,37,0.0,
FD004,101,38,0.0,
FD004,101,39,0.0,
FD004,101,40,0.0,
FD004,101,41,0.0,
FD004,101,42,0.0,
FD004,101,43,0.0,
FD004,101,44,0.0,
FD004,101,45,0.0,
FD004,101,46,0.0,
FD004,101,47,0.0,
FD004,101,48,0.0,
FD004,101,49,0.0,
FD004,101,50,8.7062,
FD004,101,51,6.4506,
FD004,101,52,7.9944,
FD004,101,53,7.5719,
FD004,101,54,10.074,
FD004,101,55,10.2577,
FD004,101,56,6.4927,
FD004,101,57,6.9969,
FD004,101,58,8.4257,
FD004,101,59,8.7074,
FD004,101,60,8.3058,
FD004,101,61,9.1796,
FD004,101,62,8.0868,
FD004,101,63,7.6583,
FD004,101,64,8.578,
FD004,101,65,7.9339,
FD004,101,66,7.813,
FD004,101,67,8.1936,
FD004,101,68,9.0351,
FD004,101,69,9.1023,
FD004,101,70,8.821,
FD004,101,71,8.1202,
FD004,101,72,7.8507,
FD004,101,73,9.4044,
FD004,101,74,12.8024,
FD004,101,75,9.4567,
FD004,101,76,7.3725,
FD004,101,77,7.295,
FD004,101,78,7.4987,
FD004,101,79,8.5647,
FD004,101,80,5.8212,
FD004,101,81,6.1383,
FD004,101,82,5.1168,
FD004,101,83,6.9553,
FD004,101,84,8.1778,
FD004,101,85,7.8514,
FD004,101,86,7.7034,
FD004,101,87,7.4319,
FD004,101,88,7.5854,
FD004,101,89,7.5706,
FD004,101,90,8.6541,
FD004,101,91,8.2102,
FD004,101,92,9.678,
FD004,101,93,10.2069,
FD004,101,94,13.0745,
FD004,101,95,9.7346,
FD004,101,96,7.9706,
FD004,101,97,6.9959,
FD004,101,98,7.6583,
FD004,101,99,6.8542,
FD004,101,100,6.7064,
FD004,101,101,6.5986,
FD004,101,102,7.8418,
FD004,101,103,8.3581,
FD004,101,104,6.1033,
FD004,101,105,6.6725,
FD004,101,106,7.5023,
FD004,101,107,7.9967,
FD004,101,108,7.8828,
FD004,101,109,7.5711,
FD004,101,110,8.1514,
FD004,101,111,9.3097,
FD004,101,112,9.1249,
FD004,101,113,9.0762,
FD004,101,114,15.1023,
FD004,101,115,17.0239,
FD004,101,116,12.2058,
FD004,101,117,14.1685,
FD004,101,118,14.7215,
FD004,101,119,14.3793,
FD004,101,120,9.5224,
FD004,101,121,11.5423,
FD004,101,122,10.4501,
FD004,101,123,11.1869,
FD004,101,124,11.3539,
FD004,101,125,11.5047,
FD004,101,126,11.7328,
FD004,101,127,12.562,
FD004,101,128,10.1851,
FD004,101,129,8.9226,
FD004,101,130,9.6565,
FD004,101,131,9.4209,
FD004,101,132,9.8297,
FD004,101,133,12.5555,
FD004,101,134,10.1044,
FD004,101,135,13.1163,
FD004,101,136,10.3567,
FD004,101,137,10.0923,
FD004,101,138,7.3332,
FD004,101,139,7.2013,
FD004,101,140,9.5608,
FD004,101,141,10.6505,
FD004,101,142,9.0382,
FD004,101,143,11.3306,
FD004,101,144,11.225,
FD004,101,145,9.9867,
FD004,101,146,8.7497,
FD004,101,147,8.9517,
FD004,101,148,8.9807,
FD004,101,149,8.0668,
FD004,101,150,9.1897,
FD004,101,151,8.0977,
FD004,101,152,7.3544,
FD004,101,153,6.4962,
FD004,101,154,7.0086,
FD004,101,155,9.2973,
FD004,101,156,9.2922,
FD004,101,157,7.4137,
FD004,101,158,6.8647,
FD004,101,159,7.9424,
FD004,101,160,12.7907,
FD004,101,161,11.6856,
FD004,101,162,9.0285,
FD004,101,163,9.5555,
FD004,101,164,14.4141,
FD004,101,165,9.1056,
FD004,101,166,7.0259,
FD004,102,1,0.0,
FD004,102,2,0.0,
FD004,102,3,0.0,
FD004,102,4,0.0,
FD004,102,5,0.0,
FD004,102,6,0.0,
FD004,102,7,0.0,
FD004,102,8,0.0,
FD004,102,9,0.0,
FD004,102,10,0.0,
FD004,102,11,0.0,
FD004,102,12,0.0,
FD004,102,13,0.0,
FD004,102,14,0.0,
FD004,102,15,0.0,
FD004,102,16,0.0,
FD004,102,17,0.0,
FD004,102,18,0.0,
FD004,102,19,0.0,
FD004,102,20,0.0,
FD004,102,21,0.0,
FD004,102,22,0.0,
FD004,102,23,0.0,
FD004,102,24,0.0,
FD004,102,25,0.0,
FD004,102,26,0.0,
FD004,102,27,0.0,
FD004,102,28,0.0,
FD004,102,29,0.0,
FD004,102,30,0.0,
FD004,102,31,0.0,
FD004,102,32,0.0,
FD004,102,33,0.0,
FD004,102,34,0.0,
FD004,102,35,0.0,
FD004,102,36,0.0,
FD004,102,37,0.0,
FD004,102,38,0.0,
FD004,102,39,0.0,
FD004,102,40,0.0,
FD004,102,41,0.0,
FD004,102,42,0.0,
FD004,102,43,0.0,
FD004,102,44,0.0,
FD004,102,45,0.0,
FD004,102,46,0.0,
FD004,102,47,0.0,
FD004,102,48,0.0,
FD004,102,49,0.0,
FD004,102,50,4.6858,
FD004,102,51,4.6106,
FD004,102,52,5.1482,
FD004,102,53,5.3222,
FD004,102,54,6.8019,
FD004,102,55,6.8858,
FD004,102,56,13.9702,
FD004,102,57,10.5594,
FD004,102,58,11.1257,
FD004,102,59,12.8768,
FD004,102,60,12.9047,
FD004,102,61,14.8713,
FD004,102,62,11.3839,
FD004,102,63,8.5184,
FD004,102,64,5.3891,
FD004,102,65,6.71,
FD004,102,66,8.1955,
FD004,102,67,7.6243,
FD004,102,68,6.7437,
FD004,102,69,6.1775,
FD004,102,70,5.3597,
FD004,102,71,4.8886,
FD004,102,72,4.4799,
FD004,102,73,4.8153,
FD004,102,74,6.1385,
FD004,102,75,6.3152,
FD004,102,76,8.5545,
FD004,102,77,12.9581,
FD004,102,78,13.2319,
FD004,102,79,14.7131,
FD004,102,80,14.7895,
FD004,102,81,16.3314,
FD004,102,82,18.1519,
FD004,102,83,16.8015,
FD004,102,84,25.5801,
FD004,102,85,27.2501,
FD004,102,86,26.0764,
FD004,102,87,14.0153,
FD004,102,88,19.2753,
FD004,102,89,20.3268,
FD004,102,90,9.3139,
FD004,102,91,5.3413,
FD004,102,92,7.7557,
FD004,102,93,6.8273,
FD004,102,94,8.6688,
FD004,102,95,8.8374,
FD004,102,96,8.0948,
FD004,102,97,8.6556,
FD004,102,98,6.8561,
FD004,102,99,10.3492,
FD004,102,100,7.8764,
FD004,102,101,7.7578,
FD004,102,102,10.7081,
FD004,102,103,17.2652,
FD004,102,104,8.636,
FD004,102,105,11.8051,
FD004,102,106,9.9139,
FD004,102,107,11.4398,
FD004,102,108,9.8846,
FD004,102,109,9.811,
FD004,102,110,10.1435,
FD004,102,111,9.1904,
FD004,102,112,8.7675,
FD004,102,113,8.4971,
FD004,102,114,7.7556,
FD004,102,115,5.2672,
FD004,102,116,9.5217,
FD004,102,117,7.9664,
FD004,102,118,7.9703,
FD004,102,119,10.1106,
FD004,102,120,10.8952,
FD004,102,121,11.9512,
FD004,102,122,11.9487,
FD004,102,123,8.5681,
FD004,102,124,11.3209,
FD004,102,125,7.9501,
FD004,102,126,6.6061,
FD004,102,127,7.5602,
FD004,102,128,5.7114,
FD004,102,129,5.1804,
FD004,102,130,5.7362,
FD004,102,131,6.181,
FD004,102,132,6.071,
FD004,102,133,10.0029,
FD004,102,134,10.6267,
FD004,102,135,11.7412,
FD004,102,136,8.5524,
FD004,102,137,12.8418,
FD004,102,138,9.4957,
FD004,102,139,11.828,
FD004,102,140,15.9879,
FD004,102,141,17.8346,
FD004,102,142,16.6298,
FD004,102,143,18.4036,
FD004,102,144,20.7216,
FD004,102,145,20.0394,
FD004,102,146,21.3727,
FD004,102,147,21.8583,
FD004,102,148,25.1244,
FD004,102,149,25.5482,
FD004,102,150,30.7919,
FD004,102,151,28.5122,
FD004,102,152,23.7981,
FD004,102,153,23.9232,
FD004,102,154,28.3689,
FD004,102,155,28.5818,
FD004,102,156,25.8222,
FD004,102,157,21.5149,
FD004,102,158,13.1033,
FD004,102,159,13.6043,
FD004,102,160,13.2529,
FD004,102,161,11.7029,
FD004,102,162,10.9533,
FD004,102,163,10.8102,
FD004,102,164,11.9725,
FD004,102,165,10.9636,
FD004,102,166,13.6222,
FD004,102,167,11.3864,
FD004,102,168,13.0258,
FD004,102,169,7.4501,
FD004,102,170,14.6205,
FD004,102,171,13.5287,
FD004,102,172,9.0361,
FD004,102,173,9.2707,
FD004,102,174,7.7773,
FD004,102,175,7.7145,
FD004,102,176,6.5101,
FD004,102,177,8.6857,
FD004,102,178,8.1778,
FD004,102,179,8.0621,
FD004,102,180,8.0509,
FD004,102,181,7.0105,
FD004,102,182,9.0267,
FD004,102,183,8.5195,
FD004,102,184,10.385,
FD004,102,185,11.1111,
FD004,102,186,13.8127,
FD004,102,187,15.4811,
FD004,102,188,15.922,
FD004,102,189,20.7445,
FD004,102,190,18.8717,
FD004,102,191,20.5222,
FD004,102,192,19.328,
FD004,102,193,20.8686,
FD004,102,194,20.0983,
FD004,102,195,18.9979,
FD004,102,196,21.6638,
FD004,102,197,21.1674,
FD004,102,198,22.0005,
FD004,102,199,21.2996,
FD004,102,200,20.9856,
FD004,102,201,39.3877,
FD004,102,202,44.3362,
FD004,102,203,17.5311,
FD004,102,204,14.6548,
FD004,102,205,14.2246,
FD004,102,206,14.3413,
FD004,102,207,13.7579,
FD004,102,208,14.6569,
FD004,102,209,11.9852,
FD004,102,210,9.8944,
FD004,102,211,8.8449,
FD004,102,212,7.0261,
FD004,102,213,7.2499,
FD004,102,214,7.9988,
FD004,102,215,11.413,
FD004,102,216,8.3838,
FD004,102,217,8.8599,
FD004,102,218,8.7109,
FD004,102,219,5.8871,
FD004,102,220,5.986,
FD004,102,221,9.216,
FD004,102,222,7.4165,
FD004,102,223,7.185,
FD004,102,224,9.5145,
FD004,102,225,9.9005,
FD004,102,226,8.3298,
FD004,102,227,8.0573,
FD004,102,228,7.2572,
FD004,102,229,6.7271,
FD004,102,230,8.4807,
FD004,102,231,9.6835,
FD004,102,232,9.5447,
FD004,102,233,8.5361,
FD004,102,234,8.5551,
FD004,102,235,9.6046,
FD004,102,236,6.3476,
FD004,102,237,7.1907,
FD004,102,238,7.9013,
FD004,102,239,8.3813,
FD004,102,240,10.0996,
FD004,102,241,9.0431,
FD004,102,242,7.0841,
FD004,102,243,7.8061,
FD004,102,244,6.0847,
FD004,102,245,5.8632,
FD004,102,246,8.7421,
FD004,102,247,7.054,
FD004,102,248,7.1679,
FD004,102,249,8.6768,
FD004,102,250,7.3081,
FD004,102,251,7.457,
FD004,102,252,8.489,
FD004,102,253,8.0405,
FD004,102,254,9.4704,
FD004,102,255,8.9705,
FD004,102,256,8.6682,
FD004,102,257,8.58,
FD004,102,258,9.0887,
FD004,102,259,8.7531,
FD004,102,260,11.9649,
FD004,102,261,10.9927,
FD004,102,262,14.8301,
FD004,102,263,13.0966,
FD004,102,264,14.9265,
FD004,102,265,17.4347,
FD004,102,266,16.9561,
FD004,102,267,13.4408,
FD004,102,268,11.6203,
FD004,102,269,12.7628,
FD004,102,270,13.9259,
FD004,102,271,9.6459,
FD004,102,272,6.1366,
FD004,102,273,7.3499,
FD004,102,274,7.6994,
FD004,102,275,8.759,
FD004,102,276,9.3483,
FD004,102,277,8.5336,
FD004,102,278,6.6769,
FD004,102,279,9.2,
FD004,102,280,10.276,
FD004,102,281,6.7159,
FD004,102,282,4.539,
FD004,102,283,12.5916,
FD004,102,284,10.4134,
FD004,102,285,10.6979,
FD004,102,286,8.9027,
FD004,102,287,10.0043,
FD004,102,288,10.2018,
FD004,102,289,9.6684,
FD004,102,290,11.5654,
FD004,102,291,11.3532,
FD004,102,292,11.8674,
FD004,102,293,11.7852,
FD004,102,294,14.2953,
FD004,102,295,12.2575,
FD004,102,296,13.922,
FD004,102,297,12.7281,
FD004,102,298,12.4656,
FD004,102,299,21.7715,
FD004,102,300,19.1945,
FD004,102,301,20.6936,
FD004,102,302,20.3818,
FD004,102,303,24.7138,
FD004,102,304,22.2188,
FD004,102,305,22.8483,
FD004,102,306,21.3663,
FD004,102,307,11.8681,
FD004,102,308,13.5117,
FD004,102,309,14.1695,
FD004,102,310,16.1546,
FD004,102,311,8.9239,
FD004,102,312,9.1197,
FD004,102,313,9.9763,
FD004,102,314,9.9031,
FD004,102,315,9.6293,
FD004,102,316,9.3994,
FD004,102,317,11.1692,
FD004,102,318,10.3393,
FD004,102,319,11.9986,
FD004,102,320,9.7891,
FD004,102,321,10.4337,
FD004,102,322,11.675,
FD004,102,323,12.5986,
FD004,102,324,16.6215,
FD004,102,325,15.1807,
FD004,102,326,12.0072,
FD004,102,327,11.9992,
FD004,102,328,15.2122,
FD004,102,329,10.5686,
FD004,102,330,13.4586,
FD004,102,331,16.0923,
FD004,102,332,15.6083,
FD004,102,333,13.3228,
FD004,102,334,12.5797,
FD004,102,335,16.6659,
FD004,102,336,12.6823,
FD004,102,337,16.7169,
FD004,102,338,9.0321,
FD004,102,339,12.0414,
FD004,102,340,14.0441,
FD004,102,341,13.7699,
FD004,102,342,10.0514,
FD004,102,343,11.4617,
FD004,102,344,11.7444,
FD004,102,345,10.547,
FD004,102,346,10.3713,
FD004,102,347,9.8486,
FD004,102,348,13.7306,
FD004,102,349,10.6682,
FD004,102,350,22.209,
FD004,102,351,17.413,
FD004,102,352,9.6686,
FD004,102,353,9.1586,
FD004,102,354,9.6744,
FD004,102,355,6.8134,
FD004,102,356,8.6327,
FD004,102,357,9.3694,
FD004,102,358,9.2863,
FD004,102,359,9.9779,
FD004,102,360,10.0242,
FD004,102,361,11.2356,
FD004,102,362,15.5631,
FD004,102,363,10.9032,
FD004,102,364,13.8727,
FD004,102,365,14.4106,
FD004,102,366,18.3383,
FD004,102,367,20.6966,
FD004,102,368,16.0513,
FD004,102,369,16.8192,
FD004,102,370,17.1523,
FD004,102,371,16.5869,
FD004,102,372,14.9383,
FD004,102,373,12.614,
FD004,102,374,13.9758,
FD004,102,375,13.742,
FD004,102,376,8.0335,
FD004,102,377,7.1169,
FD004,102,378,5.6216,
FD004,102,379,5.2956,
FD004,102,380,7.2496,
FD004,102,381,6.405,
FD004,102,382,7.601,
FD004,102,383,9.2878,
FD004,102,384,9.8941,
FD004,102,385,9.3502,
FD004,102,386,11.967,
FD004,102,387,12.6928,
FD004,102,388,18.5522,
FD004,102,389,14.2611,
FD004,102,390,11.9732,
FD004,102,391,15.5287,
FD004,102,392,11.0104,
FD004,102,393,10.4316,
FD004,102,394,10.9828,
FD004,102,395,7.9759,
FD004,102,396,10.0194,
FD004,102,397,8.5299,
FD004,102,398,6.3464,
FD004,102,399,6.2035,
FD004,102,400,4.8777,
FD004,102,401,5.4869,
FD004,102,402,6.649,
FD004,102,403,6.6622,
FD004,102,404,9.1543,
FD004,102,405,11.2068,
FD004,102,406,6.6128,
FD004,102,407,7.2936,
FD004,102,408,6.2819,
FD004,102,409,7.4174,
FD004,102,410,7.8814,
FD004,102,411,11.2335,
FD004,102,412,8.3424,
FD004,102,413,10.8039,
FD004,102,414,8.9342,
FD004,102,415,9.7835,
FD004,102,416,7.5617,
FD004,102,417,7.3143,
FD004,102,418,11.3046,
FD004,102,419,13.6743,
FD004,102,420,17.4407,
FD004,102,421,14.1836,
FD004,102,422,14.8581,
FD004,102,423,8.9874,
FD004,102,424,15.3295,
FD004,102,425,9.5401,
FD004,102,426,8.4279,
FD004,102,427,10.1609,
FD004,102,428,8.7691,
FD004,102,429,8.2725,
FD004,102,430,8.3437,
FD004,102,431,8.3772,
FD004,102,432,8.0942,
FD004,102,433,8.8644,
FD004,102,434,9.5268,
FD004,102,435,7.8338,
FD004,102,436,7.5268,
FD004,102,437,6.8533,
FD004,102,438,9.2181,
FD004,102,439,6.7066,
FD004,102,440,8.6644,
FD004,102,441,11.0887,
FD004,102,442,8.4891,
FD004,102,443,8.438,
FD004,103,1,0.0,
FD004,103,2,0.0,
FD004,103,3,0.0,
FD004,103,4,0.0,
FD004,103,5,0.0,
FD004,103,6,0.0,
FD004,103,7,0.0,
FD004,103,8,0.0,
FD004,103,9,0.0,
FD004,103,10,0.0,
FD004,103,11,0.0,
FD004,103,12,0.0,
FD004,103,13,0.0,
FD004,103,14,0.0,
FD004,103,15,0.0,
FD004,103,16,0.0,
FD004,103,17,0.0,
FD004,103,18,0.0,
FD004,103,19,0.0,
FD004,103,20,0.0,
FD004,103,21,0.0,
FD004,103,22,0.0,
FD004,103,23,0.0,
FD004,103,24,0.0,
FD004,103,25,0.0,
FD004,103,26,0.0,
FD004,103,27,0.0,
FD004,103,28,0.0,
FD004,103,29,0.0,
FD004,103,30,0.0,
FD004,103,31,0.0,
FD004,103,32,0.0,
FD004,103,33,0.0,
FD004,103,34,0.0,
FD004,103,35,0.0,
FD004,103,36,0.0,
FD004,103,37,0.0,
FD004,103,38,0.0,
FD004,103,39,0.0,
FD004,103,40,0.0,
FD004,103,41,0.0,
FD004,103,42,0.0,
FD004,103,43,0.0,
FD004,103,44,0.0,
FD004,103,45,0.0,
FD004,103,46,0.0,
FD004,103,47,0.0,
FD004,103,48,0.0,
FD004,103,49,0.0,
FD004,103,50,11.8686,
FD004,103,51,10.4725,
FD004,103,52,18.2401,
FD004,103,53,18.6748,
FD004,103,54,19.4912,
FD004,103,55,9.6645,
FD004,103,56,11.5187,
FD004,103,57,8.2095,
FD004,103,58,8.1135,
FD004,103,59,8.7144,
FD004,103,60,7.5578,
FD004,103,61,7.6707,
FD004,103,62,7.4814,
FD004,103,63,6.9374,
FD004,103,64,7.5622,
FD004,103,65,8.4977,
FD004,103,66,8.4154,
FD004,103,67,14.8909,
FD004,103,68,12.0485,
FD004,103,69,16.6467,
FD004,103,70,15.1772,
FD004,103,71,22.0092,
FD004,103,72,14.723,
FD004,103,73,15.2573,
FD004,103,74,19.8638,
FD004,103,75,16.626,
FD004,103,76,19.3263,
FD004,103,77,13.8924,
FD004,103,78,13.277,
FD004,103,79,10.8786,
FD004,103,80,10.9971,
FD004,103,81,9.8738,
FD004,103,82,11.9261,
FD004,103,83,9.5847,
FD004,103,84,9.5407,
FD004,103,85,10.0169,
FD004,103,86,10.2049,
FD004,103,87,9.3761,
FD004,103,88,9.0538,
FD004,103,89,9.2202,
FD004,103,90,8.695,
FD004,103,91,8.3549,
FD004,103,92,8.9291,
FD004,103,93,8.2479,
FD004,103,94,9.6763,
FD004,103,95,8.4618,
FD004,103,96,10.9464,
FD004,103,97,10.5025,
FD004,103,98,11.9178,
FD004,103,99,12.0317,
FD004,103,100,13.2874,
FD004,103,101,16.2732,
FD004,103,102,17.5402,
FD004,103,103,18.6601,
FD004,103,104,18.6076,
FD004,103,105,19.388,
FD004,103,106,19.7218,
FD004,103,107,16.8125,
FD004,103,108,14.9726,
FD004,103,109,15.3488,
FD004,103,110,14.8604,
FD004,103,111,15.5187,
FD004,103,112,11.4402,
FD004,103,113,10.7236,
FD004,103,114,10.7643,
FD004,103,115,9.512,
FD004,103,116,9.0142,
FD004,103,117,9.4707,
FD004,103,118,10.0602,
FD004,103,119,11.8139,
FD004,103,120,12.2424,
FD004,103,121,11.0592,
FD004,103,122,11.2285,
FD004,103,123,13.9555,
FD004,103,124,11.1634,
FD004,103,125,9.8761,
FD004,103,126,9.0965,
FD004,103,127,9.7013,
FD004,103,128,8.8162,
FD004,103,129,8.3468,
FD004,103,130,7.3057,
FD004,103,131,6.2158,
FD004,103,132,11.5268,
FD004,103,133,9.424,
FD004,103,134,8.8494,
FD004,103,135,7.8079,
FD004,103,136,13.9384,
FD004,103,137,11.29,
FD004,103,138,12.7426,
FD004,103,139,10.854,
FD004,103,140,8.3377,
FD004,103,141,9.4166,
FD004,103,142,7.9886,
FD004,103,143,8.1074,
FD004,103,144,9.5686,
FD004,103,145,8.7944,
FD004,104,1,0.0,
FD004,104,2,0.0,
FD004,104,3,0.0,
FD004,104,4,0.0,
FD004,104,5,0.0,
FD004,104,6,0.0,
FD004,104,7,0.0,
FD004,104,8,0.0,
FD004,104,9,0.0,
FD004,104,10,0.0,
FD004,104,11,0.0,
FD004,104,12,0.0,
FD004,104,13,0.0,
FD004,104,14,0.0,
FD004,104,15,0.0,
FD004,104,16,0.0,
FD004,104,17,0.0,
FD004,104,18,0.0,
FD004,104,19,0.0,
FD004,104,20,0.0,
FD004,104,21,0.0,
FD004,104,22,0.0,
FD004,104,23,0.0,
FD004,104,24,0.0,
FD004,104,25,0.0,
FD004,104,26,0.0,
FD004,104,27,0.0,
FD004,104,28,0.0,
FD004,104,29,0.0,
FD004,104,30,0.0,
FD004,104,31,0.0,
FD004,104,32,0.0,
FD004,104,33,0.0,
FD004,104,34,0.0,
FD004,104,35,0.0,
FD004,104,36,0.0,
FD004,104,37,0.0,
FD004,104,38,0.0,
FD004,104,39,0.0,
FD004,104,40,0.0,
FD004,104,41,0.0,
FD004,104,42,0.0,
FD004,104,43,0.0,
FD004,104,44,0.0,
FD004,104,45,0.0,
FD004,104,46,0.0,
FD004,104,47,0.0,
FD004,104,48,0.0,
FD004,104,49,0.0,
FD004,104,50,5.083,
FD004,104,51,5.3241,
FD004,104,52,5.7974,
FD004,104,53,6.9625,
FD004,104,54,6.0462,
FD004,104,55,6.2599,
FD004,104,56,9.2213,
FD004,104,57,13.6923,
FD004,104,58,11.3204,
FD004,104,59,11.6922,
FD004,104,60,11.5836,
FD004,104,61,10.3918,
FD004,104,62,9.8157,
FD004,104,63,6.7209,
FD004,104,64,8.4266,
FD004,104,65,9.0662,
FD004,105,1,0.0,
FD004,105,2,0.0,
FD004,105,3,0.0,
FD004,105,4,0.0,
FD004,105,5,0.0,
FD004,105,6,0.0,
FD004,105,7,0.0,
FD004,105,8,0.0,
FD004,105,9,0.0,
FD004,105,10,0.0,
FD004,105,11,0.0,
FD004,105,12,0.0,
FD004,105,13,0.0,
FD004,105,14,0.0,
FD004,105,15,0.0,
FD004,105,16,0.0,
FD004,105,17,0.0,
FD004,105,18,0.0,
FD004,105,19,0.0,
FD004,105,20,0.0,
FD004,105,21,0.0,
FD004,105,22,0.0,
FD004,105,23,0.0,
FD004,105,24,0.0,
FD004,105,25,0.0,
FD004,105,26,0.0,
FD004,105,27,0.0,
FD004,105,28,0.0,
FD004,105,29,0.0,
FD004,105,30,0.0,
FD004,105,31,0.0,
FD004,105,32,0.0,
FD004,105,33,0.0,
FD004,105,34,0.0,
FD004,105,35,0.0,
FD004,105,36,0.0,
FD004,105,37,0.0,
FD004,105,38,0.0,
FD004,105,39,0.0,
FD004,105,40,0.0,
FD004,105,41,0.0,
FD004,105,42,0.0,
FD004,105,43,0.0,
FD004,105,44,0.0,
FD004,105,45,0.0,
FD004,105,46,0.0,
FD004,105,47,0.0,
FD004,105,48,0.0,
FD004,105,49,0.0,
FD004,105,50,7.1993,
FD004,105,51,7.1727,
FD004,105,52,5.4655,
FD004,105,53,6.3963,
FD004,105,54,6.8576,
FD004,105,55,8.5794,
FD004,105,56,8.9066,
FD004,105,57,9.6671,
FD004,105,58,8.4951,
FD004,105,59,8.1571,
FD004,105,60,8.2848,
FD004,105,61,7.5445,
FD004,105,62,5.4557,
FD004,105,63,6.2885,
FD004,105,64,4.4222,
FD004,105,65,5.4078,
FD004,105,66,5.3813,
FD004,105,67,6.4196,
FD004,105,68,5.4494,
FD004,105,69,8.4122,
FD004,105,70,6.9541,
FD004,105,71,8.2128,
FD004,105,72,10.2377,
FD004,105,73,7.7711,
FD004,105,74,7.4857,
FD004,105,75,7.7362,
FD004,105,76,7.4347,
FD004,105,77,8.3674,
FD004,105,78,8.3259,
FD004,105,79,8.7836,
FD004,105,80,8.5654,
FD004,105,81,9.6577,
FD004,105,82,10.1796,
FD004,105,83,11.154,
FD004,105,84,8.5825,
FD004,105,85,9.3853,
FD004,105,86,11.2791,
FD004,105,87,11.1217,
FD004,105,88,10.4344,
FD004,105,89,7.8072,
FD004,105,90,10.6545,
FD004,105,91,11.6082,
FD004,105,92,11.3092,
FD004,105,93,11.4552,
FD004,105,94,12.659,
FD004,105,95,14.8726,
FD004,105,96,10.9633,
FD004,105,97,10.4817,
FD004,105,98,11.8631,
FD004,105,99,8.1069,
FD004,105,100,7.8325,
FD004,105,101,7.3522,
FD004,105,102,7.366,
FD004,105,103,7.3019,
FD004,105,104,7.082,
FD004,105,105,7.4719,
FD004,105,106,8.684,
FD004,105,107,6.1589,
FD004,105,108,8.2794,
FD004,105,109,11.967,
FD004,105,110,15.0255,
FD004,105,111,11.6411,
FD004,105,112,9.6858,
FD004,105,113,11.149,
FD004,105,114,9.5869,
FD004,105,115,10.5155,
FD004,105,116,11.0059,
FD004,105,117,11.0966,
FD004,105,118,12.19,
FD004,105,119,8.97,
FD004,105,120,6.4454,
FD004,105,121,6.1764,
FD004,105,122,6.6044,
FD004,105,123,8.9954,
FD004,105,124,6.9618,
FD004,105,125,6.852,
FD004,105,126,7.7834,
FD004,105,127,8.3774,
FD004,105,128,7.7471,
FD004,105,129,6.3727,
FD004,105,130,8.3518,
FD004,105,131,6.5869,
FD004,105,132,8.7429,
FD004,105,133,8.6284,
FD004,105,134,11.0703,
FD004,105,135,8.8419,
FD004,105,136,9.8064,
FD004,105,137,10.89,
FD004,105,138,10.5071,
FD004,105,139,11.7692,
FD004,105,140,9.37,
FD004,105,141,8.3185,
FD004,105,142,9.1006,
FD004,105,143,9.2952,
FD004,105,144,8.1124,
FD004,105,145,7.5244,
FD004,105,146,8.0683,
FD004,105,147,7.4863,
FD004,105,148,8.7758,
FD004,105,149,10.6741,
FD004,105,150,11.8112,
FD004,105,151,8.7099,
FD004,105,152,8.2948,
FD004,105,153,9.701,
FD004,105,154,9.7974,
FD004,105,155,10.044,
FD004,105,156,11.8498,
FD004,105,157,13.4612,
FD004,105,158,17.6419,
FD004,105,159,11.7681,
FD004,105,160,7.6578,
FD004,105,161,7.3437,
FD004,105,162,7.6502,
FD004,105,163,9.6213,
FD004,105,164,7.3832,
FD004,105,165,7.1339,
FD004,105,166,7.3157,
FD004,105,167,10.68,
FD004,105,168,12.6384,
FD004,105,169,9.7265,
FD004,105,170,9.0265,
FD004,105,171,6.9552,
FD004,105,172,10.7556,
FD004,105,173,11.135,
FD004,105,174,11.6464,
FD004,105,175,11.3604,
FD004,105,176,12.1673,
FD004,105,177,11.2461,
FD004,105,178,10.6663,
FD004,105,179,10.7567,
FD004,105,180,8.1217,
FD004,105,181,11.0659,
FD004,105,182,9.9597,
FD004,105,183,9.6632,
FD004,105,184,9.304,
FD004,105,185,8.8449,
FD004,105,186,8.145,
FD004,105,187,9.1765,
FD004,105,188,19.5887,
FD004,105,189,18.6737,
FD004,105,190,19.6198,
FD004,105,191,17.5117,
FD004,105,192,17.4501,
FD004,105,193,17.1805,
FD004,105,194,17.1496,
FD004,105,195,17.4131,
FD004,105,196,14.2375,
FD004,105,197,13.4008,
FD004,105,198,11.5376,
FD004,105,199,10.012,
FD004,105,200,9.3467,
FD004,105,201,10.9181,
FD004,105,202,10.6497,
FD004,105,203,7.3457,
FD004,105,204,9.1573,
FD004,105,205,9.0406,
FD004,105,206,9.0193,
FD004,105,207,9.3116,
FD004,105,208,9.1377,
FD004,105,209,10.1064,
FD004,105,210,16.0429,
FD004,105,211,10.562,
FD004,105,212,14.9979,
FD004,105,213,14.1477,
FD004,105,214,9.8279,
FD004,105,215,9.1936,
FD004,105,216,8.2739,
FD004,105,217,7.4542,
FD004,105,218,9.0495,
FD004,105,219,5.2506,
FD004,105,220,4.996,
FD004,105,221,5.8845,
FD004,105,222,8.1201,
FD004,105,223,9.1321,
FD004,105,224,10.7471,
FD004,105,225,10.231,
FD004,105,226,9.5176,
FD004,105,227,12.9274,
FD004,105,228,11.0815,
FD004,105,229,10.64,
FD004,105,230,11.7928,
FD004,105,231,13.9127,
FD004,105,232,10.9308,
FD004,105,233,11.5671,
FD004,105,234,8.2805,
FD004,105,235,11.2671,
FD004,105,236,7.6114,
FD004,105,237,12.5389,
FD004,105,238,10.7828,
FD004,105,239,11.2133,
FD004,105,240,11.5037,
FD004,105,241,12.9381,
FD004,105,242,14.1048,
FD004,105,243,13.633,
FD004,105,244,13.8824,
FD004,105,245,14.2489,
FD004,105,246,13.5021,
FD004,105,247,10.8175,
FD004,105,248,11.1126,
FD004,105,249,10.5461,
FD004,105,250,9.8884,
FD004,105,251,9.9588,
FD004,105,252,7.5129,
FD004,105,253,6.5024,
FD004,105,254,6.7369,
FD004,105,255,6.6221,
FD004,105,256,7.7911,
FD004,105,257,8.512,
FD004,105,258,8.4379,
FD004,105,259,9.9877,
FD004,105,260,8.8514,
FD004,105,261,9.2192,
FD004,105,262,8.4732,
FD004,105,263,11.2403,
FD004,105,264,5.8206,
FD004,105,265,6.156,
FD004,105,266,4.9201,
FD004,105,267,7.9946,
FD004,105,268,8.0322,
FD004,105,269,8.5052,
FD004,105,270,8.8138,
FD004,105,271,9.0949,
FD004,105,272,7.0636,
FD004,105,273,9.7563,
FD004,105,274,6.6985,
FD004,105,275,12.5214,
FD004,105,276,7.1985,
FD004,105,277,10.9122,
FD004,105,278,11.1765,
FD004,105,279,9.5442,
FD004,105,280,7.9865,
FD004,105,281,7.4466,
FD004,105,282,9.2373,
FD004,105,283,7.9593,
FD004,105,284,7.9952,
FD004,105,285,8.7637,
FD004,105,286,8.5293,
FD004,105,287,10.7697,
FD004,105,288,12.7782,
FD004,105,289,14.2952,
FD004,105,290,12.9568,
FD004,105,291,10.7483,
FD004,105,292,12.3366,
FD004,105,293,12.4685,
FD004,105,294,13.766,
FD004,105,295,14.5748,
FD004,105,296,13.7246,
FD004,105,297,12.4549,
FD004,105,298,15.4748,
FD004,105,299,14.4764,
FD004,105,300,14.0897,
FD004,105,301,12.1047,
FD004,105,302,10.726,
FD004,105,303,11.1292,
FD004,105,304,11.0471,
FD004,105,305,8.2665,
FD004,105,306,8.332,
FD004,105,307,9.2843,
FD004,105,308,9.6423,
FD004,105,309,12.2008,
FD004,105,310,10.9807,
FD004,105,311,9.2825,
FD004,105,312,12.1745,
FD004,105,313,14.7767,
FD004,105,314,11.6004,
FD004,105,315,11.4888,
FD004,105,316,10.58,
FD004,105,317,9.553,
FD004,105,318,10.6194,
FD004,105,319,11.3115,
FD004,105,320,11.6837,
FD004,105,321,13.1596,
FD004,105,322,13.2522,
FD004,105,323,12.5383,
FD004,105,324,15.1022,
FD004,105,325,9.9442,
FD004,105,326,12.9858,
FD004,105,327,12.6429,
FD004,105,328,11.4867,
FD004,105,329,13.9707,
FD004,105,330,12.0659,
FD004,105,331,12.3985,
FD004,105,332,14.3183,
FD004,105,333,15.0895,
FD004,105,334,12.0581,
FD004,105,335,12.8717,
FD004,105,336,12.5048,
FD004,105,337,10.9558,
FD004,105,338,11.3572,
FD004,105,339,10.0706,
FD004,105,340,8.84,
FD004,105,341,8.7039,
FD004,105,342,8.8212,
FD004,105,343,8.268,
FD004,105,344,10.3016,
FD004,105,345,9.0702,
FD004,105,346,10.799,
FD004,105,347,10.5326,
FD004,105,348,9.3042,
FD004,105,349,8.9308,
FD004,105,350,7.8001,
FD004,105,351,9.0907,
FD004,106,1,0.0,
FD004,106,2,0.0,
FD004,106,3,0.0,
FD004,106,4,0.0,
FD004,106,5,0.0,
FD004,106,6,0.0,
FD004,106,7,0.0,
FD004,106,8,0.0,
FD004,106,9,0.0,
FD004,106,10,0.0,
FD004,106,11,0.0,
FD004,106,12,0.0,
FD004,106,13,0.0,
FD004,106,14,0.0,
FD004,106,15,0.0,
FD004,106,16,0.0,
FD004,106,17,0.0,
FD004,106,18,0.0,
FD004,106,19,0.0,
FD004,106,20,0.0,
FD004,106,21,0.0,
FD004,106,22,0.0,
FD004,106,23,0.0,
FD004,106,24,0.0,
FD004,106,25,0.0,
FD004,106,26,0.0,
FD004,106,27,0.0,
FD004,106,28,0.0,
FD004,106,29,0.0,
FD004,106,30,0.0,
FD004,106,31,0.0,
FD004,106,32,0.0,
FD004,106,33,0.0,
FD004,106,34,0.0,
FD004,106,35,0.0,
FD004,106,36,0.0,
FD004,106,37,0.0,
FD004,106,38,0.0,
FD004,106,39,0.0,
FD004,106,40,0.0,
FD004,106,41,0.0,
FD004,106,42,0.0,
FD004,106,43,0.0,
FD004,106,44,0.0,
FD004,106,45,0.0,
FD004,106,46,0.0,
FD004,106,47,0.0,
FD004,106,48,0.0,
FD004,106,49,0.0,
FD004,106,50,5.5861,
FD004,106,51,5.7356,
FD004,106,52,6.0807,
FD004,106,53,6.079,
FD004,106,54,5.7069,
FD004,106,55,6.5558,
FD004,106,56,7.7364,
FD004,106,57,7.5796,
FD004,106,58,6.9805,
FD004,106,59,6.5079,
FD004,106,60,6.3788,
FD004,106,61,6.674,
FD004,106,62,6.8828,
FD004,106,63,9.1308,
FD004,106,64,9.4303,
FD004,106,65,8.8229,
FD004,106,66,8.2234,
FD004,106,67,9.1273,
FD004,106,68,9.2256,
FD004,106,69,8.8701,
FD004,106,70,11.0448,
FD004,106,71,7.9399,
FD004,106,72,7.8502,
FD004,106,73,7.7978,
FD004,106,74,8.2485,
FD004,106,75,8.328,
FD004,106,76,13.0807,
FD004,106,77,12.484,
FD004,106,78,18.6104,
FD004,106,79,22.769,
FD004,106,80,10.8732,
FD004,106,81,14.5066,
FD004,106,82,12.5051,
FD004,106,83,13.5222,
FD004,106,84,13.8554,
FD004,106,85,12.4987,
FD004,106,86,11.7938,
FD004,106,87,11.8261,
FD004,106,88,16.763,
FD004,106,89,15.9824,
FD004,106,90,10.8047,
FD004,106,91,9.9295,
FD004,106,92,12.7645,
FD004,106,93,8.4184,
FD004,106,94,9.0836,
FD004,106,95,8.5463,
FD004,106,96,7.6759,
FD004,106,97,6.9956,
FD004,106,98,7.1093,
FD004,106,99,8.8081,
FD004,106,100,7.5512,
FD004,106,101,7.6214,
FD004,106,102,8.1517,
FD004,106,103,7.3359,
FD004,106,104,6.5923,
FD004,106,105,6.7099,
FD004,106,106,6.5165,
FD004,106,107,7.8207,
FD004,106,108,7.1309,
FD004,106,109,7.6628,
FD004,106,110,7.2518,
FD004,106,111,8.0502,
FD004,106,112,7.4959,
FD004,106,113,9.4985,
FD004,106,114,11.533,
FD004,106,115,9.226,
FD004,106,116,9.8793,
FD004,106,117,13.8218,
FD004,106,118,9.4771,
FD004,106,119,15.4222,
FD004,106,120,10.7871,
FD004,106,121,7.4965,
FD004,106,122,6.9519,
FD004,106,123,6.7319,
FD004,106,124,8.3196,
FD004,106,125,6.032,
FD004,106,126,6.8059,
FD004,106,127,7.7783,
FD004,106,128,5.8939,
FD004,106,129,5.7486,
FD004,106,130,5.9829,
FD004,106,131,7.1307,
FD004,106,132,8.4714,
FD004,106,133,11.747,
FD004,106,134,16.491,
FD004,106,135,15.0553,
FD004,106,136,15.5484,
FD004,106,137,21.1307,
FD004,106,138,15.7703,
FD004,106,139,18.5889,
FD004,106,140,12.1271,
FD004,106,141,14.5521,
FD004,106,142,15.718,
FD004,106,143,13.0455,
FD004,106,144,8.2157,
FD004,106,145,8.0402,
FD004,106,146,9.2236,
FD004,106,147,7.8573,
FD004,106,148,8.2162,
FD004,107,1,0.0,
FD004,107,2,0.0,
FD004,107,3,0.0,
FD004,107,4,0.0,
FD004,107,5,0.0,
FD004,107,6,0.0,
FD004,107,7,0.0,
FD004,107,8,0.0,
FD004,107,9,0.0,
FD004,107,10,0.0,
FD004,107,11,0.0,
FD004,107,12,0.0,
FD004,107,13,0.0,
FD004,107,14,0.0,
FD004,107,15,0.0,
FD004,107,16,0.0,
FD004,107,17,0.0,
FD004,107,18,0.0,
FD004,107,19,0.0,
FD004,107,20,0.0,
FD004,107,21,0.0,
FD004,107,22,0.0,
FD004,107,23,0.0,
FD004,107,24,0.0,
FD004,107,25,0.0,
FD004,107,26,0.0,
FD004,107,27,0.0,
FD004,107,28,0.0,
FD004,107,29,0.0,
FD004,107,30,0.0,
FD004,107,31,0.0,
FD004,107,32,0.0,
FD004,107,33,0.0,
FD004,107,34,0.0,
FD004,107,35,0.0,
FD004,107,36,0.0,
FD004,107,37,0.0,
FD004,107,38,0.0,
FD004,107,39,0.0,
FD004,107,40,0.0,
FD004,107,41,0.0,
FD004,107,42,0.0,
FD004,107,43,0.0,
FD004,107,44,0.0,
FD004,107,45,0.0,
FD004,107,46,0.0,
FD004,107,47,0.0,
FD004,107,48,0.0,
FD004,107,49,0.0,
FD004,107,50,9.907,
FD004,107,51,8.8109,
FD004,107,52,9.5385,
FD004,107,53,10.8065,
FD004,107,54,8.2867,
FD004,107,55,13.85,
FD004,107,56,18.0227,
FD004,107,57,21.1931,
FD004,107,58,10.744,
FD004,107,59,12.6458,
FD004,107,60,12.0881,
FD004,107,61,11.9999,
FD004,107,62,8.6394,
FD004,107,63,9.455,
FD004,107,64,9.5966,
FD004,107,65,9.9367,
FD004,107,66,9.4379,
FD004,107,67,8.6268,
FD004,107,68,9.0823,
FD004,107,69,13.3238,
FD004,107,70,19.4865,
FD004,107,71,17.2501,
FD004,107,72,15.6961,
FD004,107,73,15.4655,
FD004,107,74,14.597,
FD004,107,75,13.1587,
FD004,107,76,7.0072,
FD004,107,77,8.6676,
FD004,107,78,9.7984,
FD004,107,79,8.1102,
FD004,107,80,6.4742,
FD004,107,81,6.4141,
FD004,107,82,7.5344,
FD004,107,83,6.2436,
FD004,107,84,8.7595,
FD004,107,85,9.2335,
FD004,107,86,9.5215,
FD004,107,87,9.5288,
FD004,107,88,13.0022,
FD004,107,89,9.9865,
FD004,107,90,5.9138,
FD004,107,91,9.8747,
FD004,107,92,10.9448,
FD004,107,93,13.8267,
FD004,107,94,10.7591,
FD004,107,95,13.5084,
FD004,107,96,15.7779,
FD004,107,97,15.6948,
FD004,107,98,16.0241,
FD004,107,99,16.2547,
FD004,107,100,16.9227,
FD004,107,101,15.9234,
FD004,107,102,19.833,
FD004,107,103,14.6869,
FD004,107,104,15.8857,
FD004,107,105,19.358,
FD004,107,106,17.5216,
FD004,107,107,18.6255,
FD004,107,108,19.0898,
FD004,107,109,17.9301,
FD004,107,110,16.0974,
FD004,107,111,16.5008,
FD004,107,112,14.0284,
FD004,107,113,13.4064,
FD004,107,114,9.9788,
FD004,107,115,15.844,
FD004,107,116,17.0318,
FD004,107,117,16.0344,
FD004,107,118,17.5451,
FD004,107,119,13.7205,
FD004,107,120,14.1917,
FD004,107,121,13.2119,
FD004,108,1,0.0,
FD004,108,2,0.0,
FD004,108,3,0.0,
FD004,108,4,0.0,
FD004,108,5,0.0,
FD004,108,6,0.0,
FD004,108,7,0.0,
FD004,108,8,0.0,
FD004,108,9,0.0,
FD004,108,10,0.0,
FD004,108,11,0.0,
FD004,108,12,0.0,
FD004,108,13,0.0,
FD004,108,14,0.0,
FD004,108,15,0.0,
FD004,108,16,0.0,
FD004,108,17,0.0,
FD004,108,18,0.0,
FD004,108,19,0.0,
FD004,108,20,0.0,
FD004,108,21,0.0,
FD004,108,22,0.0,
FD004,108,23,0.0,
FD004,108,24,0.0,
FD004,108,25,0.0,
FD004,108,26,0.0,
FD004,108,27,0.0,
FD004,108,28,0.0,
FD004,108,29,0.0,
FD004,108,30,0.0,
FD004,108,31,0.0,
FD004,108,32,0.0,
FD004,108,33,0.0,
FD004,108,34,0.0,
FD004,108,35,0.0,
FD004,108,36,0.0,
FD004,108,37,0.0,
FD004,108,38,0.0,
FD004,108,39,0.0,
FD004,108,40,0.0,
FD004,108,41,0.0,
FD004,108,42,0.0,
FD004,108,43,0.0,
FD004,108,44,0.0,
FD004,108,45,0.0,
FD004,108,46,0.0,
FD004,108,47,0.0,
FD004,108,48,0.0,
FD004,108,49,0.0,
FD004,108,50,8.5991,
FD004,108,51,8.3789,
FD004,108,52,7.9488,
FD004,108,53,10.26,
FD004,108,54,8.8044,
FD004,108,55,8.1589,
FD004,108,56,7.7464,
FD004,108,57,7.5488,
FD004,108,58,13.0814,
FD004,108,59,11.6183,
FD004,108,60,13.0225,
FD004,108,61,13.4838,
FD004,108,62,8.7285,
FD004,108,63,7.6851,
FD004,108,64,7.5792,
FD004,108,65,8.5032,
FD004,108,66,8.6217,
FD004,108,67,8.1803,
FD004,108,68,8.1336,
FD004,108,69,5.9025,
FD004,108,70,5.2455,
FD004,108,71,6.3531,
FD004,108,72,6.1521,
FD004,108,73,6.0266,
FD004,108,74,6.599,
FD004,108,75,9.2629,
FD004,108,76,7.0177,
FD004,108,77,6.919,
FD004,108,78,12.7911,
FD004,108,79,10.3056,
FD004,108,80,11.3559,
FD004,108,81,11.6153,
FD004,108,82,8.4181,
FD004,108,83,5.9196,
FD004,108,84,4.9498,
FD004,108,85,5.3337,
FD004,108,86,5.7774,
FD004,108,87,10.3652,
FD004,108,88,6.7552,
FD004,108,89,7.0985,
FD004,108,90,8.1807,
FD004,108,91,10.32,
FD004,108,92,10.5896,
FD004,108,93,11.3268,
FD004,108,94,11.6253,
FD004,108,95,11.1992,
FD004,108,96,12.4823,
FD004,108,97,12.0481,
FD004,108,98,14.2947,
FD004,108,99,11.2053,
FD004,108,100,10.6707,
FD004,108,101,11.2637,
FD004,108,102,11.8169,
FD004,108,103,14.6889,
FD004,108,104,12.0577,
FD004,108,105,8.2374,
FD004,108,106,7.1614,
FD004,108,107,9.038,
FD004,108,108,9.957,
FD004,108,109,8.1245,
FD004,108,110,7.6307,
FD004,108,111,8.6591,
FD004,108,112,8.9017,
FD004,108,113,10.7015,
FD004,108,114,7.9745,
FD004,108,115,7.7959,
FD004,108,116,7.9864,
FD004,108,117,8.6002,
FD004,108,118,7.18,
FD004,108,119,8.8166,
FD004,108,120,11.8479,
FD004,108,121,8.7917,
FD004,108,122,9.61,
FD004,108,123,9.8309,
FD004,108,124,11.2717,
FD004,108,125,10.2157,
FD004,108,126,6.9991,
FD004,108,127,7.8336,
FD004,108,128,6.2241,
FD004,108,129,6.1338,
FD004,108,130,9.6531,
FD004,108,131,8.9067,
FD004,108,132,7.9988,
FD004,108,133,6.6635,
FD004,108,134,7.6495,
FD004,108,135,5.3581,
FD004,108,136,4.5178,
FD004,108,137,4.5224,
FD004,108,138,4.839,
FD004,108,139,6.1899,
FD004,108,140,4.8426,
FD004,108,141,6.1021,
FD004,108,142,11.9966,
FD004,108,143,5.8844,
FD004,108,144,7.1912,
FD004,108,145,6.5852,
FD004,109,1,0.0,
FD004,109,2,0.0,
FD004,109,3,0.0,
FD004,109,4,0.0,
FD004,109,5,0.0,
FD004,109,6,0.0,
FD004,109,7,0.0,
FD004,109,8,0.0,
FD004,109,9,0.0,
FD004,109,10,0.0,
FD004,109,11,0.0,
FD004,109,12,0.0,
FD004,109,13,0.0,
FD004,109,14,0.0,
FD004,109,15,0.0,
FD004,109,16,0.0,
FD004,109,17,0.0,
FD004,109,18,0.0,
FD004,109,19,0.0,
FD004,109,20,0.0,
FD004,109,21,0.0,
FD004,109,22,0.0,
FD004,109,23,0.0,
FD004,109,24,0.0,
FD004,109,25,0.0,
FD004,109,26,0.0,
FD004,109,27,0.0,
FD004,109,28,0.0,
FD004,109,29,0.0,
FD004,109,30,0.0,
FD004,109,31,0.0,
FD004,109,32,0.0,
FD004,109,33,0.0,
FD004,109,34,0.0,
FD004,109,35,0.0,
FD004,109,36,0.0,
FD004,109,37,0.0,
FD004,109,38,0.0,
FD004,109,39,0.0,
FD004,109,40,0.0,
FD004,109,41,0.0,
FD004,109,42,0.0,
FD004,109,43,0.0,
FD004,109,44,0.0,
FD004,109,45,0.0,
FD004,109,46,0.0,
FD004,109,47,0.0,
FD004,109,48,0.0,
FD004,109,49,0.0,
FD004,109,50,5.11,
FD004,109,51,4.9862,
FD004,109,52,5.5425,
FD004,109,53,6.1276,
FD004,109,54,6.1185,
FD004,109,55,6.4903,
FD004,109,56,4.8601,
FD004,109,57,5.4346,
FD004,109,58,6.9919,
FD004,109,59,8.1887,
FD004,109,60,7.5829,
FD004,109,61,7.625,
FD004,109,62,7.8683,
FD004,109,63,15.4762,
FD004,109,64,10.4168,
FD004,109,65,13.2052,
FD004,109,66,13.3655,
FD004,110,1,0.0,
FD004,110,2,0.0,
FD004,110,3,0.0,
FD004,110,4,0.0,
FD004,110,5,0.0,
FD004,110,6,0.0,
FD004,110,7,0.0,
FD004,110,8,0.0,
FD004,110,9,0.0,
FD004,110,10,0.0,
FD004,110,11,0.0,
FD004,110,12,0.0,
FD004,110,13,0.0,
FD004,110,14,0.0,
FD004,110,15,0.0,
FD004,110,16,0.0,
FD004,110,17,0.0,
FD004,110,18,0.0,
FD004,110,19,0.0,
FD004,110,20,0.0,
FD004,110,21,0.0,
FD004,110,22,0.0,
FD004,110,23,0.0,
FD004,110,24,0.0,
FD004,110,25,0.0,
FD004,110,26,0.0,
FD004,110,27,0.0,
FD004,110,28,0.0,
FD004,110,29,0.0,
FD004,110,30,0.0,
FD004,110,31,0.0,
FD004,110,32,0.0,
FD004,110,33,0.0,
FD004,110,34,0.0,
FD004,110,35,0.0,
FD004,110,36,0.0,
FD004,110,37,0.0,
FD004,110,38,0.0,
FD004,110,39,0.0,
FD004,110,40,0.0,
FD004,110,41,0.0,
FD004,110,42,0.0,
FD004,110,43,0.0,
FD004,110,44,0.0,
FD004,110,45,0.0,
FD004,110,46,0.0,
FD004,110,47,0.0,
FD004,110,48,0.0,
FD004,110,49,0.0,
FD004,110,50,6.3842,
FD004,110,51,6.9155,
FD004,110,52,6.5285,
FD004,110,53,6.6443,
FD004,110,54,7.6141,
FD004,110,55,8.9604,
FD004,110,56,7.5645,
FD004,110,57,9.4768,
FD004,110,58,9.6636,
FD004,110,59,20.7758,
FD004,110,60,18.5397,
FD004,110,61,8.6801,
FD004,110,62,9.509,
FD004,110,63,8.3037,
FD004,110,64,7.6425,
FD004,110,65,7.9484,
FD004,110,66,7.4665,
FD004,110,67,7.2475,
FD004,110,68,8.3781,
FD004,110,69,7.1206,
FD004,110,70,7.3972,
FD004,110,71,6.447,
FD004,110,72,6.0842,
FD004,110,73,7.5204,
FD004,110,74,7.1863,
FD004,110,75,8.245,
FD004,110,76,8.9339,
FD004,110,77,10.9952,
FD004,110,78,13.6224,
FD004,110,79,14.1669,
FD004,110,80,10.9259,
FD004,110,81,9.035,
FD004,110,82,7.9571,
FD004,110,83,9.2858,
FD004,110,84,8.1399,
FD004,110,85,10.7426,
FD004,110,86,10.3322,
FD004,110,87,11.8254,
FD004,110,88,7.5665,
FD004,110,89,9.6748,
FD004,110,90,8.0117,
FD004,110,91,8.8013,
FD004,110,92,9.622,
FD004,110,93,9.9394,
FD004,110,94,8.6351,
FD004,110,95,10.3947,
FD004,110,96,10.3438,
FD004,110,97,10.8551,
FD004,110,98,11.1194,
FD004,110,99,7.6645,
FD004,110,100,6.9565,
FD004,110,101,6.698,
FD004,110,102,8.1223,
FD004,110,103,7.448,
FD004,110,104,7.9363,
FD004,110,105,6.1965,
FD004,110,106,5.5315,
FD004,110,107,4.499,
FD004,110,108,4.4242,
FD004,110,109,5.0979,
FD004,110,110,7.4399,
FD004,110,111,7.1467,
FD004,110,112,6.4721,
FD004,110,113,9.0081,
FD004,110,114,6.4158,
FD004,110,115,6.5701,
FD004,110,116,5.3412,
FD004,110,117,8.932,
FD004,110,118,9.26,
FD004,110,119,9.9902,
FD004,110,120,9.79,
FD004,110,121,8.5924,
FD004,110,122,9.2408,
FD004,110,123,12.4118,
FD004,110,124,11.9123,
FD004,110,125,11.7276,
FD004,110,126,11.0952,
FD004,110,127,8.8014,
FD004,110,128,10.0229,
FD004,110,129,10.5959,
FD004,110,130,8.7172,
FD004,110,131,9.7145,
FD004,110,132,7.1532,
FD004,110,133,7.4935,
FD004,110,134,7.4465,
FD004,110,135,7.035,
FD004,110,136,7.1517,
FD004,110,137,6.916,
FD004,110,138,7.4816,
FD004,110,139,7.1523,
FD004,110,140,7.5703,
FD004,110,141,6.1436,
FD004,110,142,5.395,
FD004,110,143,13.1088,
FD004,110,144,6.2878,
FD004,110,145,6.1901,
FD004,110,146,7.7951,
FD004,110,147,7.5434,
FD004,110,148,6.616,
FD004,110,149,4.6469,
FD004,110,150,5.6398,
FD004,110,151,5.5658,
FD004,110,152,5.9708,
FD004,110,153,6.535,
FD004,110,154,6.1895,
FD004,110,155,7.5325,
FD004,110,156,6.9034,
FD004,110,157,7.4393,
FD004,110,158,8.1581,
FD004,110,159,5.3496,
FD004,110,160,6.4379,
FD004,110,161,7.2263,
FD004,110,162,7.2063,
FD004,110,163,9.2294,
FD004,110,164,10.3668,
FD004,110,165,13.3222,
FD004,110,166,12.7615,
FD004,110,167,13.1862,
FD004,110,168,11.5615,
FD004,110,169,13.2493,
FD004,110,170,16.6976,
FD004,110,171,13.2842,
FD004,110,172,8.9782,
FD004,110,173,9.8849,
FD004,110,174,8.8201,
FD004,110,175,6.7869,
FD004,110,176,6.3877,
FD004,110,177,6.4613,
FD004,110,178,6.4471,
FD004,110,179,6.1161,
FD004,110,180,5.1923,
FD004,110,181,6.8923,
FD004,110,182,8.2031,
FD004,110,183,10.4192,
FD004,110,184,12.6266,
FD004,110,185,10.7894,
FD004,110,186,9.2048,
FD004,110,187,10.4696,
FD004,110,188,9.2719,
FD004,110,189,8.7602,
FD004,110,190,12.0935,
FD004,110,191,12.0584,
FD004,110,192,11.6045,
FD004,110,193,10.3951,
FD004,110,194,10.1822,
FD004,110,195,9.3339,
FD004,110,196,9.4637,
FD004,110,197,9.0286,
FD004,110,198,11.0937,
FD004,110,199,6.6112,
FD004,110,200,9.6974,
FD004,110,201,11.1217,
FD004,110,202,8.8102,
FD004,110,203,10.1536,
FD004,110,204,11.4364,
FD004,110,205,8.5286,
FD004,110,206,8.241,
FD004,110,207,7.118,
FD004,110,208,6.4858,
FD004,110,209,4.5856,
FD004,110,210,4.7632,
FD004,110,211,4.7587,
FD004,110,212,3.7964,
FD004,110,213,5.4323,
FD004,110,214,6.1256,
FD004,110,215,5.1311,
FD004,110,216,7.6527,
FD004,110,217,9.4468,
FD004,110,218,12.6425,
FD004,110,219,10.8882,
FD004,110,220,9.5779,
FD004,110,221,8.6532,
FD004,110,222,7.5159,
FD004,110,223,7.0759,
FD004,110,224,5.9884,
FD004,110,225,7.6778,
FD004,110,226,7.3534,
FD004,110,227,7.588,
FD004,110,228,9.277,
FD004,110,229,7.946,
FD004,110,230,7.5847,
FD004,110,231,6.7039,
FD004,110,232,7.9588,
FD004,110,233,7.0584,
FD004,110,234,6.9652,
FD004,110,235,7.1856,
FD004,110,236,6.5379,
FD004,110,237,6.1411,
FD004,110,238,5.8557,
FD004,110,239,5.8722,
FD004,110,240,5.6363,
FD004,110,241,4.8048,
FD004,110,242,3.8405,
FD004,110,243,10.1375,
FD004,110,244,11.2008,
FD004,110,245,7.9545,
FD004,110,246,7.7475,
FD004,110,247,9.6534,
FD004,110,248,8.0274,
FD004,110,249,9.1307,
FD004,110,250,9.5585,
FD004,110,251,9.0056,
FD004,110,252,9.3337,
FD004,110,253,9.4615,
FD004,110,254,7.8502,
FD004,110,255,7.4154,
FD004,110,256,7.29,
FD004,110,257,6.0139,
FD004,110,258,7.4352,
FD004,110,259,8.218,
FD004,110,260,5.5855,
FD004,110,261,6.877,
FD004,110,262,7.3802,
FD004,110,263,6.3242,
FD004,110,264,6.3201,
FD004,110,265,7.6631,
FD004,110,266,6.8933,
FD004,110,267,6.9089,
FD004,110,268,7.4295,
FD004,110,269,7.8347,
FD004,110,270,8.1277,
FD004,110,271,8.8724,
FD004,110,272,11.0555,
FD004,110,273,7.7607,
FD004,110,274,11.2059,
FD004,110,275,12.5413,
FD004,110,276,11.7452,
FD004,110,277,12.7616,
FD004,110,278,8.3244,
FD004,110,279,7.476,
FD004,110,280,8.7624,
FD004,110,281,7.3072,
FD004,110,282,9.8767,
FD004,110,283,9.7978,
FD004,110,284,9.039,
FD004,110,285,11.112,
FD004,110,286,7.0398,
FD004,110,287,5.8629,
FD004,110,288,5.9824,
FD004,110,289,6.3276,
FD004,110,290,6.1721,
FD004,110,291,5.9785,
FD004,110,292,5.1926,
FD004,110,293,5.1854,
FD004,110,294,7.0043,
FD004,110,295,7.5672,
FD004,110,296,5.3904,
FD004,110,297,6.5374,
FD004,110,298,7.8919,
FD004,110,299,7.4227,
FD004,110,300,9.2485,
FD004,110,301,10.7839,
FD004,110,302,14.162,
FD004,110,303,14.3039,
FD004,110,304,16.3321,
FD004,110,305,15.1478,
FD004,110,306,15.2576,
FD004,110,307,14.4672,
FD004,110,308,12.5289,
FD004,110,309,7.8398,
FD004,110,310,10.8297,
FD004,110,311,9.0036,
FD004,110,312,9.0433,
FD004,110,313,8.8539,
FD004,110,314,8.3636,
FD004,110,315,8.0189,
FD004,110,316,7.3345,
FD004,110,317,6.8246,
FD004,110,318,6.5565,
FD004,110,319,7.0645,
FD004,110,320,7.6329,
FD004,110,321,8.4151,
FD004,110,322,6.5694,
FD004,110,323,7.0842,
FD004,110,324,7.1396,
FD004,110,325,5.5379,
FD004,110,326,6.7003,
FD004,110,327,9.5121,
FD004,110,328,15.7946,
FD004,110,329,13.2432,
FD004,110,330,16.5921,
FD004,110,331,13.7239,
FD004,110,332,12.074,
FD004,110,333,12.4089,
FD004,110,334,7.6917,
FD004,110,335,7.6997,
FD004,110,336,8.6095,
FD004,110,337,9.2236,
FD004,110,338,9.8734,
FD004,110,339,7.3256,
FD004,110,340,7.1412,
FD004,110,341,7.2442,
FD004,110,342,7.3492,
FD004,110,343,8.7698,
FD004,110,344,8.2657,
FD004,110,345,8.4406,
FD004,110,346,13.8372,
FD004,110,347,7.1445,
FD004,110,348,9.7438,
FD004,111,1,0.0,
FD004,111,2,0.0,
FD004,111,3,0.0,
FD004,111,4,0.0,
FD004,111,5,0.0,
FD004,111,6,0.0,
FD004,111,7,0.0,
FD004,111,8,0.0,
FD004,111,9,0.0,
FD004,111,10,0.0,
FD004,111,11,0.0,
FD004,111,12,0.0,
FD004,111,13,0.0,
FD004,111,14,0.0,
FD004,111,15,0.0,
FD004,111,16,0.0,
FD004,111,17,0.0,
FD004,111,18,0.0,
FD004,111,19,0.0,
FD004,111,20,0.0,
FD004,111,21,0.0,
FD004,111,22,0.0,
FD004,111,23,0.0,
FD004,111,24,0.0,
FD004,111,25,0.0,
FD004,111,26,0.0,
FD004,111,27,0.0,
FD004,111,28,0.0,
FD004,111,29,0.0,
FD004,111,30,0.0,
FD004,111,31,0.0,
FD004,111,32,0.0,
FD004,111,33,0.0,
FD004,111,34,0.0,
FD004,111,35,0.0,
FD004,111,36,0.0,
FD004,111,37,0.0,
FD004,111,38,0.0,
FD004,111,39,0.0,
FD004,111,40,0.0,
FD004,111,41,0.0,
FD004,111,42,0.0,
FD004,111,43,0.0,
FD004,111,44,0.0,
FD004,111,45,0.0,
FD004,111,46,0.0,
FD004,111,47,0.0,
FD004,111,48,0.0,
FD004,111,49,0.0,
FD004,111,50,4.0522,
FD004,111,51,6.9006,
FD004,111,52,7.1867,
FD004,111,53,7.5828,
FD004,111,54,7.5766,
FD004,111,55,8.929,
FD004,111,56,10.7685,
FD004,111,57,11.3936,
FD004,111,58,10.2131,
FD004,111,59,8.6225,
FD004,111,60,9.5754,
FD004,111,61,9.6704,
FD004,111,62,11.2379,
FD004,111,63,13.6569,
FD004,111,64,11.7047,
FD004,111,65,10.752,
FD004,111,66,10.6789,
FD004,111,67,10.4065,
FD004,111,68,9.1003,
FD004,111,69,9.808,
FD004,111,70,9.0866,
FD004,111,71,6.9036,
FD004,111,72,7.0174,
FD004,111,73,7.3593,
FD004,111,74,7.5038,
FD004,111,75,6.8082,
FD004,111,76,8.9986,
FD004,111,77,9.7905,
FD004,111,78,13.7051,
FD004,111,79,10.6764,
FD004,111,80,11.5307,
FD004,111,81,11.3813,
FD004,111,82,10.0993,
FD004,111,83,11.3109,
FD004,111,84,8.9814,
FD004,111,85,9.9854,
FD004,111,86,10.6719,
FD004,111,87,12.2512,
FD004,111,88,10.5915,
FD004,111,89,11.5591,
FD004,111,90,9.7504,
FD004,111,91,11.3853,
FD004,111,92,11.8242,
FD004,111,93,16.5358,
FD004,111,94,14.8704,
FD004,111,95,9.6133,
FD004,111,96,19.3772,
FD004,111,97,19.0073,
FD004,111,98,14.912,
FD004,111,99,13.8145,
FD004,111,100,12.7914,
FD004,111,101,14.0605,
FD004,111,102,13.8468,
FD004,111,103,13.8005,
FD004,111,104,11.2664,
FD004,111,105,12.7964,
FD004,111,106,12.6884,
FD004,111,107,18.4037,
FD004,111,108,12.7665,
FD004,111,109,12.6568,
FD004,111,110,17.7579,
FD004,111,111,9.8057,
FD004,111,112,13.1414,
FD004,111,113,10.7645,
FD004,111,114,11.8775,
FD004,111,115,10.6602,
FD004,111,116,13.9617,
FD004,111,117,7.2956,
FD004,111,118,10.3459,
FD004,111,119,7.7442,
FD004,111,120,6.4616,
FD004,111,121,5.7953,
FD004,111,122,7.3771,
FD004,111,123,6.4372,
FD004,111,124,6.4282,
FD004,111,125,6.1964,
FD004,111,126,8.1844,
FD004,111,127,9.575,
FD004,111,128,11.1314,
FD004,111,129,13.2907,
FD004,111,130,11.7641,
FD004,111,131,8.8035,
FD004,111,132,11.4984,
FD004,111,133,15.1957,
FD004,111,134,14.8918,
FD004,111,135,15.0823,
FD004,111,136,10.5982,
FD004,111,137,12.3216,
FD004,111,138,10.5419,
FD004,111,139,7.0867,
FD004,111,140,6.7233,
FD004,111,141,6.5867,
FD004,111,142,7.2306,
FD004,111,143,8.0904,
FD004,111,144,9.8063,
FD004,111,145,9.7326,
FD004,111,146,9.5975,
FD004,111,147,10.5651,
FD004,111,148,8.3727,
FD004,111,149,8.6506,
FD004,111,150,9.3416,
FD004,111,151,9.4276,
FD004,111,152,8.7668,
FD004,111,153,13.026,
FD004,111,154,9.9394,
FD004,111,155,9.9877,
FD004,111,156,11.743,
FD004,111,157,10.8039,
FD004,111,158,12.601,
FD004,111,159,9.8107,
FD004,111,160,9.3891,
FD004,111,161,8.7829,
FD004,111,162,8.5359,
FD004,111,163,8.2008,
FD004,111,164,7.7593,
FD004,111,165,8.1832,
FD004,111,166,8.2219,
FD004,111,167,7.438,
FD004,111,168,6.478,
FD004,111,169,8.0947,
FD004,111,170,8.9113,
FD004,111,171,8.4194,
FD004,111,172,7.5934,
FD004,111,173,8.8939,
FD004,111,174,9.5361,
FD004,111,175,10.0402,
FD004,111,176,9.8079,
FD004,111,177,13.304,
FD004,111,178,11.5478,
FD004,111,179,8.6397,
FD004,111,180,11.9402,
FD004,111,181,10.4338,
FD004,111,182,11.295,
FD004,111,183,10.3806,
FD004,111,184,9.8513,
FD004,111,185,8.4079,
FD004,111,186,7.2412,
FD004,111,187,8.1781,
FD004,111,188,9.7487,
FD004,111,189,11.9825,
FD004,111,190,9.4392,
FD004,111,191,11.9543,
FD004,111,192,8.7308,
FD004,111,193,6.6181,
FD004,111,194,7.2409,
FD004,111,195,6.2616,
FD004,111,196,10.0004,
FD004,111,197,10.5582,
FD004,111,198,10.5492,
FD004,111,199,6.7612,
FD004,111,200,5.7224,
FD004,111,201,4.9385,
FD004,111,202,5.9724,
FD004,111,203,6.0145,
FD004,111,204,6.176,
FD004,111,205,6.2209,
FD004,111,206,7.5908,
FD004,111,207,8.8829,
FD004,111,208,9.2221,
FD004,111,209,7.9531,
FD004,111,210,10.7837,
FD004,111,211,8.4251,
FD004,111,212,8.8636,
FD004,111,213,10.1354,
FD004,111,214,9.008,
FD004,111,215,7.8995,
FD004,111,216,7.8473,
FD004,111,217,8.6377,
FD004,111,218,11.7331,
FD004,111,219,7.7194,
FD004,111,220,6.3087,
FD004,111,221,7.9222,
FD004,111,222,8.9497,
FD004,111,223,7.4867,
FD004,111,224,6.6357,
FD004,111,225,6.99,
FD004,111,226,6.1701,
FD004,111,227,7.3105,
FD004,111,228,6.8473,
FD004,111,229,7.9119,
FD004,111,230,6.7952,
FD004,111,231,8.3983,
FD004,111,232,11.5366,
FD004,111,233,13.4298,
FD004,111,234,19.4512,
FD004,111,235,18.7524,
FD004,111,236,16.3032,
FD004,111,237,17.5935,
FD004,111,238,16.519,
FD004,111,239,12.2,
FD004,111,240,9.1731,
FD004,111,241,8.8527,
FD004,111,242,11.8285,
FD004,111,243,11.3021,
FD004,111,244,10.4613,
FD004,111,245,9.9786,
FD004,111,246,10.406,
FD004,111,247,10.2595,
FD004,111,248,10.51,
FD004,111,249,12.0733,
FD004,111,250,11.8005,
FD004,111,251,10.3926,
FD004,111,252,10.0485,
FD004,111,253,9.4809,
FD004,111,254,9.2221,
FD004,111,255,9.8023,
FD004,111,256,8.8966,
FD004,111,257,10.0316,
FD004,111,258,7.2126,
FD004,111,259,6.4247,
FD004,111,260,6.159,
FD004,111,261,5.2929,
FD004,111,262,5.7169,
FD004,111,263,5.8041,
FD004,111,264,7.5477,
FD004,111,265,9.9321,
FD004,111,266,8.1724,
FD004,111,267,11.6584,
FD004,111,268,12.1609,
FD004,111,269,11.5412,
FD004,111,270,12.1784,
FD004,111,271,11.2321,
FD004,111,272,13.9945,
FD004,111,273,13.2715,
FD004,111,274,11.0578,
FD004,111,275,11.512,
FD004,111,276,12.1118,
FD004,111,277,12.7983,
FD004,111,278,10.8192,
FD004,111,279,12.5813,
FD004,111,280,10.8254,
FD004,111,281,9.6283,
FD004,111,282,9.198,
FD004,111,283,7.8738,
FD004,111,284,8.5027,
FD004,111,285,8.2057,
FD004,111,286,10.0904,
FD004,111,287,9.6539,
FD004,111,288,8.8929,
FD004,111,289,7.2367,
FD004,111,290,7.7097,
FD004,111,291,6.144,
FD004,111,292,8.0662,
FD004,111,293,6.9597,
FD004,111,294,6.0908,
FD004,111,295,9.3182,
FD004,111,296,10.271,
FD004,111,297,7.6619,
FD004,111,298,9.6098,
FD004,111,299,9.5798,
FD004,111,300,10.8081,
FD004,111,301,12.0224,
FD004,111,302,11.6098,
FD004,111,303,11.2258,
FD004,111,304,12.4477,
FD004,111,305,11.7638,
FD004,111,306,12.7042,
FD004,111,307,11.0668,
FD004,111,308,12.8506,
FD004,111,309,18.5533,
FD004,111,310,16.7833,
FD004,111,311,15.1636,
FD004,111,312,10.0165,
FD004,111,313,14.7959,
FD004,111,314,13.9941,
FD004,111,315,13.3826,
FD004,111,316,7.9059,
FD004,111,317,8.1825,
FD004,111,318,8.094,
FD004,111,319,8.2928,
FD004,111,320,7.5204,
FD004,111,321,5.9161,
FD004,111,322,6.6079,
FD004,111,323,7.4403,
FD004,111,324,11.9925,
FD004,111,325,10.4948,
FD004,111,326,8.6703,
FD004,111,327,11.0431,
FD004,111,328,16.037,
FD004,111,329,13.3176,
FD004,111,330,13.3705,
FD004,111,331,10.7943,
FD004,111,332,12.4724,
FD004,111,333,10.3643,
FD004,111,334,10.3349,
FD004,111,335,7.6338,
FD004,111,336,5.9185,
FD004,111,337,4.535,
FD004,111,338,6.0712,
FD004,111,339,6.176,
FD004,111,340,7.4154,
FD004,111,341,6.1439,
FD004,111,342,6.2145,
FD004,112,1,0.0,
FD004,112,2,0.0,
FD004,112,3,0.0,
FD004,112,4,0.0,
FD004,112,5,0.0,
FD004,112,6,0.0,
FD004,112,7,0.0,
FD004,112,8,0.0,
FD004,112,9,0.0,
FD004,112,10,0.0,
FD004,112,11,0.0,
FD004,112,12,0.0,
FD004,112,13,0.0,
FD004,112,14,0.0,
FD004,112,15,0.0,
FD004,112,16,0.0,
FD004,112,17,0.0,
FD004,112,18,0.0,
FD004,112,19,0.0,
FD004,112,20,0.0,
FD004,112,21,0.0,
FD004,112,22,0.0,
FD004,112,23,0.0,
FD004,112,24,0.0,
FD004,112,25,0.0,
FD004,112,26,0.0,
FD004,112,27,0.0,
FD004,112,28,0.0,
FD004,112,29,0.0,
FD004,112,30,0.0,
FD004,112,31,0.0,
FD004,112,32,0.0,
FD004,112,33,0.0,
FD004,112,34,0.0,
FD004,112,35,0.0,
FD004,112,36,0.0,
FD004,112,37,0.0,
FD004,112,38,0.0,
FD004,112,39,0.0,
FD004,112,40,0.0,
FD004,112,41,0.0,
FD004,112,42,0.0,
FD004,112,43,0.0,
FD004,112,44,0.0,
FD004,112,45,0.0,
FD004,112,46,0.0,
FD004,112,47,0.0,
FD004,112,48,0.0,
FD004,112,49,0.0,
FD004,112,50,16.364,
FD004,112,51,16.0225,
FD004,112,52,19.5722,
FD004,112,53,24.0995,
FD004,112,54,25.7221,
FD004,112,55,26.1634,
FD004,112,56,25.8112,
FD004,112,57,27.7567,
FD004,112,58,38.6107,
FD004,112,59,42.9576,
FD004,112,60,18.5881,
FD004,112,61,15.3003,
FD004,112,62,16.0204,
FD004,112,63,17.3558,
FD004,112,64,17.5525,
FD004,112,65,16.1344,
FD004,112,66,12.1922,
FD004,112,67,7.5017,
FD004,112,68,8.5158,
FD004,112,69,9.7359,
FD004,112,70,8.6245,
FD004,112,71,9.172,
FD004,112,72,10.493,
FD004,112,73,7.9371,
FD004,112,74,9.2427,
FD004,112,75,10.7895,
FD004,112,76,10.3125,
FD004,112,77,12.6534,
FD004,112,78,11.8526,
FD004,112,79,8.5404,
FD004,112,80,10.5797,
FD004,112,81,8.2799,
FD004,112,82,8.3061,
FD004,112,83,8.4758,
FD004,112,84,8.6447,
FD004,112,85,7.5661,
FD004,112,86,5.6879,
FD004,112,87,5.9939,
FD004,112,88,7.0176,
FD004,113,1,0.0,
FD004,113,2,0.0,
FD004,113,3,0.0,
FD004,113,4,0.0,
FD004,113,5,0.0,
FD004,113,6,0.0,
FD004,113,7,0.0,
FD004,113,8,0.0,
FD004,113,9,0.0,
FD004,113,10,0.0,
FD004,113,11,0.0,
FD004,113,12,0.0,
FD004,113,13,0.0,
FD004,113,14,0.0,
FD004,113,15,0.0,
FD004,113,16,0.0,
FD004,113,17,0.0,
FD004,113,18,0.0,
FD004,113,19,0.0,
FD004,113,20,0.0,
FD004,113,21,0.0,
FD004,113,22,0.0,
FD004,113,23,0.0,
FD004,113,24,0.0,
FD004,113,25,0.0,
FD004,113,26,0.0,
FD004,113,27,0.0,
FD004,113,28,0.0,
FD004,113,29,0.0,
FD004,113,30,0.0,
FD004,113,31,0.0,
FD004,113,32,0.0,
FD004,113,33,0.0,
FD004,113,34,0.0,
FD004,113,35,0.0,
FD004,113,36,0.0,
FD004,113,37,0.0,
FD004,113,38,0.0,
FD004,113,39,0.0,
FD004,113,40,0.0,
FD004,113,41,0.0,
FD004,113,42,0.0,
FD004,113,43,0.0,
FD004,113,44,0.0,
FD004,113,45,0.0,
FD004,113,46,0.0,
FD004,113,47,0.0,
FD004,113,48,0.0,
FD004,113,49,0.0,
FD004,113,50,6.1605,
FD004,113,51,7.5458,
FD004,113,52,7.3603,
FD004,113,53,6.2559,
FD004,113,54,5.0816,
FD004,113,55,4.5247,
FD004,113,56,6.7919,
FD004,113,57,7.3627,
FD004,113,58,8.6382,
FD004,113,59,10.574,
FD004,113,60,10.1667,
FD004,113,61,12.4832,
FD004,113,62,9.8473,
FD004,113,63,5.8105,
FD004,113,64,6.3252,
FD004,113,65,10.2445,
FD004,113,66,13.1569,
FD004,113,67,10.7972,
FD004,113,68,10.2098,
FD004,113,69,6.4549,
FD004,113,70,7.6466,
FD004,113,71,6.5647,
FD004,113,72,5.1547,
FD004,113,73,6.9064,
FD004,113,74,11.6288,
FD004,113,75,7.0656,
FD004,113,76,8.3553,
FD004,113,77,11.8286,
FD004,113,78,8.0882,
FD004,113,79,7.8341,
FD004,113,80,7.6834,
FD004,113,81,6.4392,
FD004,113,82,10.6085,
FD004,113,83,8.9348,
FD004,113,84,9.8176,
FD004,113,85,9.8958,
FD004,113,86,9.2532,
FD004,113,87,8.3932,
FD004,113,88,9.1036,
FD004,113,89,8.5329,
FD004,113,90,7.857,
FD004,113,91,7.8707,
FD004,113,92,9.4785,
FD004,113,93,8.7605,
FD004,113,94,6.9514,
FD004,113,95,7.7216,
FD004,113,96,8.4672,
FD004,113,97,9.7382,
FD004,113,98,8.8691,
FD004,113,99,7.8711,
FD004,113,100,8.9878,
FD004,113,101,9.1552,
FD004,113,102,8.8078,
FD004,113,103,6.5528,
FD004,113,104,7.9576,
FD004,113,105,5.7171,
FD004,113,106,5.9286,
FD004,113,107,5.0742,
FD004,113,108,5.2741,
FD004,113,109,5.6775,
FD004,113,110,6.1643,
FD004,113,111,6.3395,
FD004,113,112,13.9668,
FD004,113,113,9.7541,
FD004,113,114,9.4206,
FD004,113,115,12.4487,
FD004,113,116,12.4315,
FD004,113,117,8.4148,
FD004,113,118,11.0403,
FD004,113,119,8.4405,
FD004,113,120,9.3245,
FD004,113,121,7.0295,
FD004,113,122,5.9964,
FD004,113,123,7.4915,
FD004,113,124,8.951,
FD004,113,125,10.6478,
FD004,113,126,11.2355,
FD004,113,127,9.8894,
FD004,113,128,9.5329,
FD004,113,129,10.2943,
FD004,113,130,9.4536,
FD004,113,131,9.097,
FD004,113,132,7.5964,
FD004,114,1,0.0,
FD004,114,2,0.0,
FD004,114,3,0.0,
FD004,114,4,0.0,
FD004,114,5,0.0,
FD004,114,6,0.0,
FD004,114,7,0.0,
FD004,114,8,0.0,
FD004,114,9,0.0,
FD004,114,10,0.0,
FD004,114,11,0.0,
FD004,114,12,0.0,
FD004,114,13,0.0,
FD004,114,14,0.0,
FD004,114,15,0.0,
FD004,114,16,0.0,
FD004,114,17,0.0,
FD004,114,18,0.0,
FD004,114,19,0.0,
FD004,114,20,0.0,
FD004,114,21,0.0,
FD004,114,22,0.0,
FD004,114,23,0.0,
FD004,114,24,0.0,
FD004,114,25,0.0,
FD004,114,26,0.0,
FD004,114,27,0.0,
FD004,114,28,0.0,
FD004,114,29,0.0,
FD004,114,30,0.0,
FD004,114,31,0.0,
FD004,114,32,0.0,
FD004,114,33,0.0,
FD004,114,34,0.0,
FD004,114,35,0.0,
FD004,114,36,0.0,
FD004,114,37,0.0,
FD004,114,38,0.0,
FD004,114,39,0.0,
FD004,114,40,0.0,
FD004,114,41,0.0,
FD004,114,42,0.0,
FD004,114,43,0.0,
FD004,114,44,0.0,
FD004,114,45,0.0,
FD004,114,46,0.0,
FD004,114,47,0.0,
FD004,114,48,0.0,
FD004,114,49,0.0,
FD004,114,50,9.5586,
FD004,114,51,7.6688,
FD004,114,52,9.6524,
FD004,114,53,11.0384,
FD004,114,54,15.8481,
FD004,114,55,13.8237,
FD004,114,56,12.8964,
FD004,114,57,12.0539,
FD004,114,58,12.2776,
FD004,114,59,12.5668,
FD004,114,60,10.3016,
FD004,114,61,8.8846,
FD004,114,62,8.931,
FD004,114,63,8.1466,
FD004,114,64,7.6917,
FD004,114,65,6.063,
FD004,114,66,8.804,
FD004,114,67,8.5165,
FD004,114,68,8.871,
FD004,114,69,10.4517,
FD004,114,70,9.812,
FD004,114,71,11.1449,
FD004,114,72,18.4388,
FD004,114,73,16.6611,
FD004,114,74,16.0585,
FD004,114,75,16.4817,
FD004,114,76,17.7436,
FD004,114,77,16.8895,
FD004,114,78,15.7742,
FD004,114,79,6.0167,
FD004,114,80,7.9268,
FD004,114,81,7.0211,
FD004,114,82,9.3626,
FD004,114,83,7.5312,
FD004,114,84,9.4447,
FD004,114,85,7.7267,
FD004,114,86,7.8437,
FD004,114,87,7.0473,
FD004,114,88,7.7154,
FD004,114,89,7.8418,
FD004,114,90,8.6493,
FD004,114,91,12.4797,
FD004,114,92,11.1426,
FD004,114,93,12.7166,
FD004,114,94,12.0084,
FD004,114,95,11.9563,
FD004,114,96,7.2878,
FD004,114,97,8.2985,
FD004,114,98,8.2966,
FD004,114,99,7.5714,
FD004,114,100,8.6129,
FD004,114,101,11.9956,
FD004,114,102,11.2936,
FD004,114,103,10.7744,
FD004,114,104,8.9167,
FD004,114,105,9.278,
FD004,114,106,8.475,
FD004,114,107,12.3589,
FD004,114,108,11.4449,
FD004,114,109,11.5083,
FD004,114,110,12.6873,
FD004,114,111,12.0417,
FD004,114,112,13.3789,
FD004,114,113,10.1521,
FD004,114,114,10.017,
FD004,114,115,12.0938,
FD004,114,116,10.5408,
FD004,114,117,8.7662,
FD004,114,118,11.9107,
FD004,114,119,7.7637,
FD004,114,120,11.1803,
FD004,114,121,8.9722,
FD004,114,122,10.3263,
FD004,114,123,11.6105,
FD004,114,124,9.8723,
FD004,114,125,10.7054,
FD004,114,126,10.273,
FD004,114,127,5.5754,
FD004,114,128,10.2025,
FD004,114,129,7.2488,
FD004,114,130,6.9527,
FD004,114,131,5.2855,
FD004,114,132,7.911,
FD004,114,133,9.0474,
FD004,114,134,7.4812,
FD004,114,135,7.9581,
FD004,114,136,7.4127,
FD004,114,137,8.9115,
FD004,114,138,9.6879,
FD004,114,139,17.3441,
FD004,114,140,15.7799,
FD004,114,141,17.4323,
FD004,114,142,10.3961,
FD004,114,143,10.8945,
FD004,114,144,6.5549,
FD004,114,145,6.3187,
FD004,114,146,5.8662,
FD004,114,147,5.8257,
FD004,114,148,5.2782,
FD004,114,149,4.6983,
FD004,114,150,4.6108,
FD004,114,151,4.9003,
FD004,114,152,5.2838,
FD004,114,153,7.2677,
FD004,114,154,9.6042,
FD004,114,155,9.0957,
FD004,114,156,13.927,
FD004,114,157,9.4141,
FD004,114,158,13.2793,
FD004,114,159,11.2291,
FD004,114,160,11.144,
FD004,114,161,10.7013,
FD004,114,162,10.8162,
FD004,114,163,9.4572,
FD004,114,164,8.777,
FD004,114,165,6.3002,
FD004,114,166,9.3496,
FD004,114,167,8.7402,
FD004,114,168,10.187,
FD004,114,169,7.1989,
FD004,114,170,7.2883,
FD004,114,171,11.1061,
FD004,114,172,11.4278,
FD004,114,173,11.1198,
FD004,114,174,11.5748,
FD004,114,175,11.1973,
FD004,114,176,11.0246,
FD004,114,177,9.7299,
FD004,114,178,13.1987,
FD004,114,179,13.9255,
FD004,114,180,13.5198,
FD004,114,181,14.2303,
FD004,114,182,13.5665,
FD004,114,183,13.348,
FD004,114,184,12.9203,
FD004,114,185,13.0413,
FD004,114,186,14.3522,
FD004,114,187,11.253,
FD004,114,188,7.564,
FD004,114,189,9.8227,
FD004,114,190,7.1923,
FD004,114,191,7.2742,
FD004,114,192,6.1027,
FD004,114,193,6.7008,
FD004,114,194,7.6688,
FD004,114,195,6.6581,
FD004,114,196,6.7285,
FD004,114,197,6.4304,
FD004,114,198,6.335,
FD004,114,199,7.4964,
FD004,114,200,5.7795,
FD004,114,201,6.4735,
FD004,114,202,5.9262,
FD004,114,203,6.6667,
FD004,114,204,5.6894,
FD004,114,205,5.6399,
FD004,114,206,7.2897,
FD004,114,207,7.7589,
FD004,114,208,8.1029,
FD004,114,209,7.3542,
FD004,114,210,6.4635,
FD004,114,211,6.886,
FD004,114,212,6.6136,
FD004,114,213,9.7039,
FD004,114,214,9.2847,
FD004,114,215,9.8101,
FD004,114,216,11.3438,
FD004,114,217,10.8898,
FD004,114,218,12.6382,
FD004,115,1,0.0,
FD004,115,2,0.0,
FD004,115,3,0.0,
FD004,115,4,0.0,
FD004,115,5,0.0,
FD004,115,6,0.0,
FD004,115,7,0.0,
FD004,115,8,0.0,
FD004,115,9,0.0,
FD004,115,10,0.0,
FD004,115,11,0.0,
FD004,115,12,0.0,
FD004,115,13,0.0,
FD004,115,14,0.0,
FD004,115,15,0.0,
FD004,115,16,0.0,
FD004,115,17,0.0,
FD004,115,18,0.0,
FD004,115,19,0.0,
FD004,115,20,0.0,
FD004,115,21,0.0,
FD004,115,22,0.0,
FD004,115,23,0.0,
FD004,115,24,0.0,
FD004,115,25,0.0,
FD004,115,26,0.0,
FD004,115,27,0.0,
FD004,115,28,0.0,
FD004,115,29,0.0,
FD004,115,30,0.0,
FD004,115,31,0.0,
FD004,115,32,0.0,
FD004,115,33,0.0,
FD004,115,34,0.0,
FD004,115,35,0.0,
FD004,115,36,0.0,
FD004,115,37,0.0,
FD004,115,38,0.0,
FD004,115,39,0.0,
FD004,115,40,0.0,
FD004,115,41,0.0,
FD004,115,42,0.0,
FD004,115,43,0.0,
FD004,115,44,0.0,
FD004,115,45,0.0,
FD004,115,46,0.0,
FD004,115,47,0.0,
FD004,115,48,0.0,
FD004,115,49,0.0,
FD004,115,50,8.1499,
FD004,115,51,7.5035,
FD004,115,52,12.7893,
FD004,115,53,10.148,
FD004,115,54,10.6531,
FD004,115,55,10.5065,
FD004,115,56,10.5569,
FD004,115,57,11.2785,
FD004,115,58,12.3683,
FD004,115,59,13.0997,
FD004,115,60,16.0127,
FD004,115,61,13.0903,
FD004,115,62,16.8939,
FD004,115,63,14.6984,
FD004,115,64,14.0001,
FD004,115,65,13.5112,
FD004,115,66,10.6056,
FD004,115,67,5.3634,
FD004,115,68,7.9184,
FD004,115,69,7.1291,
FD004,115,70,8.7292,
FD004,115,71,9.2319,
FD004,115,72,9.7027,
FD004,115,73,8.0775,
FD004,115,74,8.0279,
FD004,115,75,7.8063,
FD004,115,76,10.2024,
FD004,115,77,7.9591,
FD004,115,78,7.4777,
FD004,115,79,7.4162,
FD004,115,80,6.8865,
FD004,115,81,7.9332,
FD004,115,82,6.9787,
FD004,116,1,0.0,
FD004,116,2,0.0,
FD004,116,3,0.0,
FD004,116,4,0.0,
FD004,116,5,0.0,
FD004,116,6,0.0,
FD004,116,7,0.0,
FD004,116,8,0.0,
FD004,116,9,0.0,
FD004,116,10,0.0,
FD004,116,11,0.0,
FD004,116,12,0.0,
FD004,116,13,0.0,
FD004,116,14,0.0,
FD004,116,15,0.0,
FD004,116,16,0.0,
FD004,116,17,0.0,
FD004,116,18,0.0,
FD004,116,19,0.0,
FD004,116,20,0.0,
FD004,116,21,0.0,
FD004,116,22,0.0,
FD004,116,23,0.0,
FD004,116,24,0.0,
FD004,116,25,0.0,
FD004,116,26,0.0,
FD004,116,27,0.0,
FD004,116,28,0.0,
FD004,116,29,0.0,
FD004,116,30,0.0,
FD004,116,31,0.0,
FD004,116,32,0.0,
FD004,116,33,0.0,
FD004,116,34,0.0,
FD004,116,35,0.0,
FD004,116,36,0.0,
FD004,116,37,0.0,
FD004,116,38,0.0,
FD004,116,39,0.0,
FD004,116,40,0.0,
FD004,116,41,0.0,
FD004,116,42,0.0,
FD004,116,43,0.0,
FD004,116,44,0.0,
FD004,116,45,0.0,
FD004,116,46,0.0,
FD004,116,47,0.0,
FD004,116,48,0.0,
FD004,116,49,0.0,
FD004,116,50,9.5281,
FD004,116,51,11.363,
FD004,116,52,9.7141,
FD004,116,53,5.1987,
FD004,116,54,6.0012,
FD004,116,55,4.9802,
FD004,116,56,5.7758,
FD004,116,57,7.4454,
FD004,116,58,8.2947,
FD004,116,59,7.4442,
FD004,116,60,8.6235,
FD004,116,61,7.2466,
FD004,116,62,8.0319,
FD004,116,63,7.9537,
FD004,116,64,14.3883,
FD004,116,65,18.9583,
FD004,116,66,8.7389,
FD004,116,67,7.9055,
FD004,116,68,6.0445,
FD004,116,69,6.5632,
FD004,116,70,6.5797,
FD004,116,71,8.3991,
FD004,116,72,8.2975,
FD004,116,73,8.936,
FD004,116,74,8.4476,
FD004,116,75,9.5683,
FD004,116,76,10.2048,
FD004,116,77,10.6322,
FD004,116,78,9.0175,
FD004,116,79,11.5367,
FD004,116,80,8.8052,
FD004,116,81,9.6481,
FD004,116,82,8.7574,
FD004,116,83,9.2052,
FD004,116,84,7.9073,
FD004,116,85,6.6513,
FD004,116,86,5.0324,
FD004,116,87,5.6735,
FD004,116,88,5.6427,
FD004,116,89,6.6387,
FD004,116,90,9.0928,
FD004,116,91,11.928,
FD004,116,92,10.0135,
FD004,116,93,11.0375,
FD004,116,94,6.2634,
FD004,116,95,7.457,
FD004,116,96,8.9424,
FD004,116,97,9.4524,
FD004,116,98,9.805,
FD004,116,99,8.9953,
FD004,116,100,10.126,
FD004,116,101,8.9758,
FD004,116,102,8.8728,
FD004,116,103,8.8753,
FD004,116,104,8.4316,
FD004,116,105,6.8258,
FD004,116,106,9.4919,
FD004,116,107,10.6031,
FD004,116,108,8.3763,
FD004,116,109,15.2256,
FD004,116,110,10.5006,
FD004,116,111,9.9891,
FD004,116,112,9.7692,
FD004,116,113,9.8059,
FD004,116,114,9.4302,
FD004,116,115,7.8443,
FD004,116,116,8.704,
FD004,116,117,7.7062,
FD004,116,118,9.1692,
FD004,116,119,8.8682,
FD004,116,120,8.6303,
FD004,116,121,9.7181,
FD004,116,122,10.8387,
FD004,116,123,9.6355,
FD004,116,124,8.6712,
FD004,116,125,8.3686,
FD004,116,126,10.1527,
FD004,116,127,10.3621,
FD004,116,128,9.8832,
FD004,116,129,9.2244,
FD004,116,130,9.8312,
FD004,116,131,8.3818,
FD004,116,132,6.5478,
FD004,116,133,6.1877,
FD004,116,134,6.5287,
FD004,116,135,9.4673,
FD004,116,136,10.075,
FD004,116,137,10.3013,
FD004,116,138,10.1574,
FD004,116,139,10.9083,
FD004,116,140,9.2462,
FD004,116,141,7.0109,
FD004,116,142,9.003,
FD004,116,143,10.2298,
FD004,116,144,9.207,
FD004,116,145,9.2698,
FD004,116,146,10.1749,
FD004,116,147,11.5338,
FD004,116,148,11.3152,
FD004,116,149,11.0806,
FD004,116,150,11.2633,
FD004,116,151,10.6714,
FD004,116,152,14.0658,
FD004,116,153,12.3651,
FD004,116,154,13.451,
FD004,116,155,11.4366,
FD004,116,156,13.0519,
FD004,116,157,10.7438,
FD004,116,158,10.3157,
FD004,116,159,10.4473,
FD004,116,160,10.3654,
FD004,116,161,11.219,
FD004,117,1,0.0,
FD004,117,2,0.0,
FD004,117,3,0.0,
FD004,117,4,0.0,
FD004,117,5,0.0,
FD004,117,6,0.0,
FD004,117,7,0.0,
FD004,117,8,0.0,
FD004,117,9,0.0,
FD004,117,10,0.0,
FD004,117,11,0.0,
FD004,117,12,0.0,
FD004,117,13,0.0,
FD004,117,14,0.0,
FD004,117,15,0.0,
FD004,117,16,0.0,
FD004,117,17,0.0,
FD004,117,18,0.0,
FD004,117,19,0.0,
FD004,117,20,0.0,
FD004,117,21,0.0,
FD004,117,22,0.0,
FD004,117,23,0.0,
FD004,117,24,0.0,
FD004,117,25,0.0,
FD004,117,26,0.0,
FD004,117,27,0.0,
FD004,117,28,0.0,
FD004,117,29,0.0,
FD004,117,30,0.0,
FD004,117,31,0.0,
FD004,117,32,0.0,
FD004,117,33,0.0,
FD004,117,34,0.0,
FD004,117,35,0.0,
FD004,117,36,0.0,
FD004,117,37,0.0,
FD004,117,38,0.0,
FD004,117,39,0.0,
FD004,117,40,0.0,
FD004,117,41,0.0,
FD004,117,42,0.0,
FD004,117,43,0.0,
FD004,117,44,0.0,
FD004,117,45,0.0,
FD004,117,46,0.0,
FD004,117,47,0.0,
FD004,117,48,0.0,
FD004,117,49,0.0,
FD004,117,50,9.1447,
FD004,117,51,10.5867,
FD004,117,52,10.0703,
FD004,117,53,10.4532,
FD004,117,54,23.9349,
FD004,117,55,19.2759,
FD004,117,56,13.5623,
FD004,117,57,13.5627,
FD004,117,58,12.6733,
FD004,117,59,13.2794,
FD004,117,60,14.198,
FD004,117,61,11.5764,
FD004,117,62,12.8877,
FD004,117,63,10.9971,
FD004,117,64,11.4993,
FD004,117,65,10.4941,
FD004,117,66,11.293,
FD004,117,67,11.8837,
FD004,117,68,10.0845,
FD004,117,69,10.26,
FD004,117,70,11.424,
FD004,117,71,10.0206,
FD004,117,72,9.7281,
FD004,117,73,9.596,
FD004,117,74,12.5744,
FD004,117,75,11.6917,
FD004,117,76,8.917,
FD004,117,77,8.31,
FD004,117,78,8.9041,
FD004,117,79,9.0212,
FD004,117,80,8.3639,
FD004,117,81,9.6185,
FD004,117,82,10.1394,
FD004,117,83,8.6903,
FD004,117,84,9.3125,
FD004,117,85,7.6738,
FD004,117,86,8.0255,
FD004,117,87,7.5694,
FD004,117,88,7.6858,
FD004,117,89,7.7532,
FD004,117,90,8.9195,
FD004,117,91,7.6586,
FD004,117,92,8.8004,
FD004,117,93,8.642,
FD004,117,94,8.0355,
FD004,117,95,7.4787,
FD004,117,96,7.8732,
FD004,117,97,10.2865,
FD004,118,1,0.0,
FD004,118,2,0.0,
FD004,118,3,0.0,
FD004,118,4,0.0,
FD004,118,5,0.0,
FD004,118,6,0.0,
FD004,118,7,0.0,
FD004,118,8,0.0,
FD004,118,9,0.0,
FD004,118,10,0.0,
FD004,118,11,0.0,
FD004,118,12,0.0,
FD004,118,13,0.0,
FD004,118,14,0.0,
FD004,118,15,0.0,
FD004,118,16,0.0,
FD004,118,17,0.0,
FD004,118,18,0.0,
FD004,118,19,0.0,
FD004,118,20,0.0,
FD004,118,21,0.0,
FD004,118,22,0.0,
FD004,118,23,0.0,
FD004,118,24,0.0,
FD004,118,25,0.0,
FD004,118,26,0.0,
FD004,118,27,0.0,
FD004,118,28,0.0,
FD004,118,29,0.0,
FD004,118,30,0.0,
FD004,118,31,0.0,
FD004,118,32,0.0,
FD004,118,33,0.0,
FD004,118,34,0.0,
FD004,118,35,0.0,
FD004,118,36,0.0,
FD004,118,37,0.0,
FD004,118,38,0.0,
FD004,118,39,0.0,
FD004,118,40,0.0,
FD004,118,41,0.0,
FD004,118,42,0.0,
FD004,118,43,0.0,
FD004,118,44,0.0,
FD004,118,45,0.0,
FD004,118,46,0.0,
FD004,118,47,0.0,
FD004,118,48,0.0,
FD004,118,49,0.0,
FD004,118,50,10.4427,
FD004,118,51,10.4089,
FD004,118,52,10.4552,
FD004,118,53,19.7607,
FD004,118,54,30.2226,
FD004,118,55,30.017,
FD004,118,56,32.8851,
FD004,118,57,31.9635,
FD004,118,58,18.2486,
FD004,118,59,17.5586,
FD004,118,60,15.451,
FD004,118,61,11.3582,
FD004,118,62,10.7842,
FD004,118,63,9.5928,
FD004,118,64,8.7646,
FD004,118,65,8.4265,
FD004,118,66,8.0167,
FD004,118,67,8.4851,
FD004,118,68,7.3421,
FD004,118,69,8.1648,
FD004,118,70,8.7359,
FD004,118,71,7.4494,
FD004,118,72,14.2298,
FD004,118,73,7.8489,
FD004,118,74,8.0918,
FD004,118,75,8.6261,
FD004,118,76,8.6005,
FD004,118,77,8.5178,
FD004,118,78,8.51,
FD004,118,79,8.6207,
FD004,118,80,10.8479,
FD004,118,81,7.1075,
FD004,118,82,7.5897,
FD004,118,83,8.346,
FD004,118,84,9.3493,
FD004,118,85,9.3611,
FD004,118,86,14.5688,
FD004,118,87,10.4382,
FD004,118,88,13.5679,
FD004,118,89,12.3348,
FD004,118,90,8.5519,
FD004,118,91,10.1296,
FD004,118,92,15.1832,
FD004,118,93,10.7498,
FD004,118,94,9.012,
FD004,118,95,7.7056,
FD004,118,96,7.0583,
FD004,118,97,8.1445,
FD004,118,98,8.7234,
FD004,118,99,8.2925,
FD004,118,100,8.1788,
FD004,118,101,7.6157,
FD004,118,102,7.6452,
FD004,118,103,6.8097,
FD004,118,104,7.2169,
FD004,118,105,6.9794,
FD004,118,106,7.0045,
FD004,118,107,9.5972,
FD004,118,108,9.1398,
FD004,118,109,9.6127,
FD004,118,110,9.1523,
FD004,118,111,9.3072,
FD004,118,112,8.8881,
FD004,118,113,10.7149,
FD004,118,114,13.2679,
FD004,118,115,11.433,
FD004,118,116,12.035,
FD004,118,117,13.1375,
FD004,118,118,12.0644,
FD004,118,119,11.8988,
FD004,118,120,8.3714,
FD004,118,121,9.2167,
FD004,118,122,7.4885,
FD004,118,123,9.6021,
FD004,118,124,10.2151,
FD004,118,125,11.3268,
FD004,118,126,12.4604,
FD004,118,127,16.9338,
FD004,118,128,17.0218,
FD004,118,129,17.3073,
FD004,118,130,17.9544,
FD004,118,131,17.6477,
FD004,118,132,15.3586,
FD004,118,133,12.5757,
FD004,118,134,11.8505,
FD004,118,135,12.7196,
FD004,118,136,12.5783,
FD004,118,137,10.0844,
FD004,118,138,11.315,
FD004,118,139,11.5442,
FD004,118,140,11.4733,
FD004,118,141,9.5277,
FD004,118,142,7.7306,
FD004,118,143,7.3172,
FD004,118,144,7.1786,
FD004,118,145,10.4962,
FD004,118,146,8.155,
FD004,118,147,8.7737,
FD004,118,148,10.1205,
FD004,118,149,10.3556,
FD004,118,150,7.9893,
FD004,118,151,14.7411,
FD004,118,152,19.3627,
FD004,118,153,17.2149,
FD004,118,154,14.9006,
FD004,118,155,14.2997,
FD004,118,156,9.8212,
FD004,118,157,8.6163,
FD004,118,158,9.3965,
FD004,118,159,9.8135,
FD004,118,160,9.7704,
FD004,118,161,9.3901,
FD004,118,162,9.7568,
FD004,118,163,9.2984,
FD004,118,164,10.863,
FD004,118,165,10.5127,
FD004,118,166,12.8092,
FD004,118,167,11.6429,
FD004,118,168,11.3752,
FD004,118,169,10.3803,
FD004,118,170,10.6608,
FD004,118,171,11.3332,
FD004,118,172,11.7612,
FD004,118,173,9.6122,
FD004,118,174,8.0439,
FD004,118,175,8.9406,
FD004,118,176,7.7089,
FD004,118,177,8.4178,
FD004,118,178,10.7658,
FD004,119,1,0.0,
FD004,119,2,0.0,
FD004,119,3,0.0,
FD004,119,4,0.0,
FD004,119,5,0.0,
FD004,119,6,0.0,
FD004,119,7,0.0,
FD004,119,8,0.0,
FD004,119,9,0.0,
FD004,119,10,0.0,
FD004,119,11,0.0,
FD004,119,12,0.0,
FD004,119,13,0.0,
FD004,119,14,0.0,
FD004,119,15,0.0,
FD004,119,16,0.0,
FD004,119,17,0.0,
FD004,119,18,0.0,
FD004,119,19,0.0,
FD004,119,20,0.0,
FD004,119,21,0.0,
FD004,119,22,0.0,
FD004,119,23,0.0,
FD004,119,24,0.0,
FD004,119,25,0.0,
FD004,119,26,0.0,
FD004,119,27,0.0,
FD004,119,28,0.0,
FD004,119,29,0.0,
FD004,119,30,0.0,
FD004,119,31,0.0,
FD004,119,32,0.0,
FD004,119,33,0.0,
FD004,119,34,0.0,
FD004,119,35,0.0,
FD004,119,36,0.0,
FD004,119,37,0.0,
FD004,119,38,0.0,
FD004,119,39,0.0,
FD004,119,40,0.0,
FD004,119,41,0.0,
FD004,119,42,0.0,
FD004,119,43,0.0,
FD004,119,44,0.0,
FD004,119,45,0.0,
FD004,119,46,0.0,
FD004,119,47,0.0,
FD004,119,48,0.0,
FD004,119,49,0.0,
FD004,119,50,8.4453,
FD004,119,51,8.396,
FD004,119,52,10.9775,
FD004,119,53,11.2885,
FD004,119,54,11.3406,
FD004,119,55,8.9038,
FD004,119,56,11.156,
FD004,119,57,10.4881,
FD004,119,58,11.8249,
FD004,119,59,16.9033,
FD004,119,60,17.0526,
FD004,119,61,15.5955,
FD004,119,62,12.1596,
FD004,119,63,11.4429,
FD004,119,64,9.0412,
FD004,119,65,9.2114,
FD004,119,66,10.7764,
FD004,119,67,7.2961,
FD004,119,68,8.9972,
FD004,119,69,7.7944,
FD004,119,70,8.3997,
FD004,119,71,8.5919,
FD004,119,72,9.1647,
FD004,119,73,10.182,
FD004,119,74,10.3919,
FD004,119,75,9.0671,
FD004,119,76,9.9118,
FD004,119,77,10.4868,
FD004,119,78,10.4412,
FD004,119,79,11.8432,
FD004,119,80,8.345,
FD004,119,81,9.5803,
FD004,119,82,8.7318,
FD004,119,83,9.8702,
FD004,119,84,10.1101,
FD004,119,85,11.5478,
FD004,119,86,10.6347,
FD004,119,87,10.4678,
FD004,119,88,12.2545,
FD004,119,89,13.7711,
FD004,119,90,15.7986,
FD004,119,91,16.2534,
FD004,119,92,14.1571,
FD004,119,93,12.0759,
FD004,119,94,10.4939,
FD004,119,95,11.1274,
FD004,119,96,9.33,
FD004,119,97,10.5717,
FD004,119,98,10.1235,
FD004,119,99,9.437,
FD004,119,100,11.026,
FD004,119,101,10.9717,
FD004,119,102,11.3873,
FD004,119,103,17.3573,
FD004,119,104,14.101,
FD004,119,105,14.4282,
FD004,119,106,9.923,
FD004,119,107,9.1931,
FD004,119,108,9.0008,
FD004,119,109,11.4446,
FD004,119,110,11.7072,
FD004,119,111,11.2556,
FD004,119,112,11.0172,
FD004,119,113,10.8656,
FD004,119,114,9.035,
FD004,119,115,10.7986,
FD004,119,116,10.9029,
FD004,119,117,9.9383,
FD004,119,118,17.6782,
FD004,119,119,15.8022,
FD004,119,120,12.6413,
FD004,119,121,12.3637,
FD004,119,122,10.7515,
FD004,119,123,10.0976,
FD004,119,124,13.23,
FD004,119,125,9.9642,
FD004,119,126,8.8309,
FD004,119,127,9.0082,
FD004,119,128,8.4555,
FD004,119,129,7.9279,
FD004,119,130,8.1683,
FD004,119,131,8.3611,
FD004,119,132,9.8035,
FD004,119,133,9.2351,
FD004,119,134,8.845,
FD004,119,135,8.7205,
FD004,119,136,8.2428,
FD004,119,137,10.8032,
FD004,119,138,11.7659,
FD004,119,139,14.4809,
FD004,119,140,18.6829,
FD004,119,141,19.2693,
FD004,119,142,18.7454,
FD004,119,143,17.6491,
FD004,119,144,14.4864,
FD004,119,145,15.8077,
FD004,119,146,15.2303,
FD004,119,147,14.0079,
FD004,119,148,12.2299,
FD004,119,149,11.6735,
FD004,119,150,12.3475,
FD004,119,151,11.8887,
FD004,119,152,11.3065,
FD004,119,153,13.6344,
FD004,119,154,12.8491,
FD004,119,155,12.2511,
FD004,119,156,10.3552,
FD004,119,157,10.726,
FD004,119,158,10.1966,
FD004,119,159,8.897,
FD004,119,160,11.0398,
FD004,119,161,10.4052,
FD004,119,162,10.5468,
FD004,119,163,10.833,
FD004,119,164,8.6178,
FD004,119,165,12.6823,
FD004,119,166,13.8567,
FD004,119,167,13.8655,
FD004,119,168,15.3869,
FD004,119,169,17.1948,
FD004,119,170,20.2302,
FD004,119,171,21.5547,
FD004,119,172,21.5611,
FD004,119,173,24.8888,
FD004,119,174,24.0352,
FD004,119,175,23.9486,
FD004,119,176,21.2022,
FD004,119,177,20.2019,
FD004,119,178,18.13,
FD004,119,179,17.4106,
FD004,119,180,16.8657,
FD004,119,181,14.8421,
FD004,119,182,12.9319,
FD004,119,183,9.8504,
FD004,119,184,7.3007,
FD004,119,185,13.5019,
FD004,119,186,11.6615,
FD004,119,187,11.6035,
FD004,119,188,10.7024,
FD004,119,189,12.1995,
FD004,119,190,13.214,
FD004,119,191,14.484,
FD004,119,192,14.4841,
FD004,119,193,12.2388,
FD004,119,194,12.4125,
FD004,119,195,13.1401,
FD004,119,196,12.1056,
FD004,119,197,12.4433,
FD004,119,198,7.8078,
FD004,119,199,8.1115,
FD004,119,200,8.9847,
FD004,119,201,7.7749,
FD004,119,202,10.0494,
FD004,119,203,11.3377,
FD004,119,204,11.7386,
FD004,119,205,11.0897,
FD004,119,206,13.2078,
FD004,119,207,13.9841,
FD004,119,208,13.7774,
FD004,119,209,13.9665,
FD004,119,210,14.8618,
FD004,119,211,15.7082,
FD004,119,212,16.8445,
FD004,119,213,14.8825,
FD004,119,214,14.7649,
FD004,119,215,14.5296,
FD004,119,216,14.3187,
FD004,119,217,13.5006,
FD004,119,218,10.9757,
FD004,119,219,10.4,
FD004,119,220,10.3893,
FD004,119,221,10.1585,
FD004,119,222,9.0564,
FD004,119,223,8.6762,
FD004,119,224,9.6649,
FD004,119,225,11.3182,
FD004,119,226,10.7019,
FD004,119,227,9.321,
FD004,119,228,9.7963,
FD004,120,1,0.0,
FD004,120,2,0.0,
FD004,120,3,0.0,
FD004,120,4,0.0,
FD004,120,5,0.0,
FD004,120,6,0.0,
FD004,120,7,0.0,
FD004,120,8,0.0,
FD004,120,9,0.0,
FD004,120,10,0.0,
FD004,120,11,0.0,
FD004,120,12,0.0,
FD004,120,13,0.0,
FD004,120,14,0.0,
FD004,120,15,0.0,
FD004,120,16,0.0,
FD004,120,17,0.0,
FD004,120,18,0.0,
FD004,120,19,0.0,
FD004,120,20,0.0,
FD004,120,21,0.0,
FD004,120,22,0.0,
FD004,120,23,0.0,
FD004,120,24,0.0,
FD004,120,25,0.0,
FD004,120,26,0.0,
FD004,120,27,0.0,
FD004,120,28,0.0,
FD004,120,29,0.0,
FD004,120,30,0.0,
FD004,120,31,0.0,
FD004,120,32,0.0,
FD004,120,33,0.0,
FD004,120,34,0.0,
FD004,120,35,0.0,
FD004,120,36,0.0,
FD004,120,37,0.0,
FD004,120,38,0.0,
FD004,120,39,0.0,
FD004,120,40,0.0,
FD004,120,41,0.0,
FD004,120,42,0.0,
FD004,120,43,0.0,
FD004,120,44,0.0,
FD004,120,45,0.0,
FD004,120,46,0.0,
FD004,120,47,0.0,
FD004,120,48,0.0,
FD004,120,49,0.0,
FD004,120,50,5.4931,
FD004,120,51,7.31,
FD004,120,52,7.1811,
FD004,120,53,7.2612,
FD004,120,54,7.3691,
FD004,120,55,7.8969,
FD004,120,56,8.6836,
FD004,120,57,9.8417,
FD004,120,58,9.5937,
FD004,120,59,11.0626,
FD004,120,60,10.9489,
FD004,120,61,11.4597,
FD004,120,62,14.2609,
FD004,120,63,11.0186,
FD004,120,64,12.1118,
FD004,120,65,10.0079,
FD004,120,66,10.1725,
FD004,120,67,9.4127,
FD004,120,68,9.0328,
FD004,120,69,6.6717,
FD004,120,70,4.9445,
FD004,120,71,7.1376,
FD004,120,72,6.7994,
FD004,120,73,8.6802,
FD004,120,74,7.9699,
FD004,120,75,7.6159,
FD004,120,76,8.3865,
FD004,120,77,8.5943,
FD004,120,78,8.5543,
FD004,120,79,8.7345,
FD004,120,80,12.2479,
FD004,120,81,9.7402,
FD004,120,82,10.5637,
FD004,120,83,15.2127,
FD004,120,84,13.7948,
FD004,120,85,21.0058,
FD004,120,86,10.7757,
FD004,120,87,17.5162,
FD004,120,88,16.5253,
FD004,120,89,18.6234,
FD004,120,90,14.2657,
FD004,120,91,15.3577,
FD004,120,92,11.3005,
FD004,120,93,13.3405,
FD004,120,94,12.8029,
FD004,120,95,11.1534,
FD004,120,96,10.9728,
FD004,120,97,11.1428,
FD004,120,98,11.3887,
FD004,120,99,9.0602,
FD004,120,100,6.8527,
FD004,120,101,9.0252,
FD004,120,102,10.6277,
FD004,120,103,10.2952,
FD004,120,104,10.929,
FD004,120,105,8.5055,
FD004,120,106,10.1293,
FD004,120,107,11.7423,
FD004,120,108,6.5021,
FD004,120,109,5.0871,
FD004,120,110,6.8289,
FD004,120,111,5.574,
FD004,120,112,6.4184,
FD004,120,113,6.0182,
FD004,120,114,6.3768,
FD004,120,115,4.9181,
FD004,120,116,10.0483,
FD004,120,117,6.4607,
FD004,120,118,6.0381,
FD004,120,119,6.6857,
FD004,120,120,11.4555,
FD004,120,121,7.9688,
FD004,120,122,13.4508,
FD004,120,123,16.6713,
FD004,120,124,15.3601,
FD004,120,125,11.6355,
FD004,120,126,8.1514,
FD004,120,127,8.6196,
FD004,120,128,8.5097,
FD004,120,129,10.091,
FD004,120,130,8.4917,
FD004,120,131,9.4736,
FD004,120,132,9.8879,
FD004,120,133,11.8866,
FD004,120,134,10.8245,
FD004,120,135,12.6863,
FD004,120,136,8.3214,
FD004,120,137,8.6179,
FD004,120,138,9.6145,
FD004,120,139,6.423,
FD004,120,140,7.1264,
FD004,120,141,6.8972,
FD004,120,142,6.455,
FD004,120,143,5.8888,
FD004,120,144,7.0421,
FD004,120,145,4.2891,
FD004,120,146,4.3072,
FD004,120,147,6.6761,
FD004,120,148,5.0786,
FD004,120,149,6.7898,
FD004,120,150,7.9703,
FD004,120,151,5.9103,
FD004,120,152,8.3534,
FD004,120,153,8.2307,
FD004,120,154,7.6516,
FD004,120,155,7.515,
FD004,120,156,7.3447,
FD004,120,157,7.2763,
FD004,120,158,11.3203,
FD004,120,159,13.979,
FD004,120,160,19.3005,
FD004,120,161,15.6633,
FD004,120,162,18.8606,
FD004,120,163,17.1999,
FD004,120,164,19.3906,
FD004,120,165,19.856,
FD004,120,166,21.888,
FD004,120,167,18.9574,
FD004,120,168,22.8164,
FD004,120,169,22.5041,
FD004,120,170,20.2985,
FD004,121,1,0.0,
FD004,121,2,0.0,
FD004,121,3,0.0,
FD004,121,4,0.0,
FD004,121,5,0.0,
FD004,121,6,0.0,
FD004,121,7,0.0,
FD004,121,8,0.0,
FD004,121,9,0.0,
FD004,121,10,0.0,
FD004,121,11,0.0,
FD004,121,12,0.0,
FD004,121,13,0.0,
FD004,121,14,0.0,
FD004,121,15,0.0,
FD004,121,16,0.0,
FD004,121,17,0.0,
FD004,121,18,0.0,
FD004,121,19,0.0,
FD004,121,20,0.0,
FD004,121,21,0.0,
FD004,121,22,0.0,
FD004,121,23,0.0,
FD004,121,24,0.0,
FD004,121,25,0.0,
FD004,121,26,0.0,
FD004,121,27,0.0,
FD004,121,28,0.0,
FD004,121,29,0.0,
FD004,121,30,0.0,
FD004,121,31,0.0,
FD004,121,32,0.0,
FD004,121,33,0.0,
FD004,121,34,0.0,
FD004,121,35,0.0,
FD004,121,36,0.0,
FD004,121,37,0.0,
FD004,121,38,0.0,
FD004,121,39,0.0,
FD004,121,40,0.0,
FD004,121,41,0.0,
FD004,121,42,0.0,
FD004,121,43,0.0,
FD004,121,44,0.0,
FD004,121,45,0.0,
FD004,121,46,0.0,
FD004,121,47,0.0,
FD004,121,48,0.0,
FD004,121,49,0.0,
FD004,121,50,9.9595,
FD004,121,51,10.5524,
FD004,121,52,9.3855,
FD004,121,53,8.1714,
FD004,121,54,8.2176,
FD004,121,55,8.093,
FD004,121,56,8.4008,
FD004,121,57,7.4744,
FD004,121,58,9.1091,
FD004,121,59,8.6372,
FD004,121,60,9.2039,
FD004,121,61,9.8926,
FD004,121,62,9.1492,
FD004,121,63,8.3559,
FD004,121,64,8.5359,
FD004,121,65,9.8059,
FD004,121,66,8.5333,
FD004,121,67,8.568,
FD004,121,68,6.2678,
FD004,121,69,8.8941,
FD004,121,70,6.7771,
FD004,121,71,7.2615,
FD004,121,72,7.5338,
FD004,121,73,7.2485,
FD004,121,74,7.1471,
FD004,121,75,6.8749,
FD004,121,76,6.5515,
FD004,121,77,7.6831,
FD004,121,78,7.7485,
FD004,121,79,8.2341,
FD004,121,80,8.9815,
FD004,121,81,9.8346,
FD004,121,82,10.3744,
FD004,121,83,11.7074,
FD004,121,84,12.2099,
FD004,121,85,8.7609,
FD004,121,86,8.8133,
FD004,121,87,9.5936,
FD004,121,88,12.5489,
FD004,121,89,9.4225,
FD004,121,90,7.3848,
FD004,121,91,8.1467,
FD004,121,92,5.8069,
FD004,121,93,5.0224,
FD004,121,94,7.1165,
FD004,121,95,8.6132,
FD004,121,96,8.8884,
FD004,121,97,11.1368,
FD004,121,98,10.7057,
FD004,121,99,10.2762,
FD004,121,100,11.9965,
FD004,121,101,8.9008,
FD004,121,102,9.6134,
FD004,121,103,8.1915,
FD004,121,104,10.8826,
FD004,121,105,12.4398,
FD004,121,106,9.7273,
FD004,121,107,8.8688,
FD004,121,108,7.7946,
FD004,121,109,7.4692,
FD004,121,110,8.7321,
FD004,121,111,7.7053,
FD004,121,112,7.9616,
FD004,121,113,7.1734,
FD004,121,114,6.9961,
FD004,121,115,6.2724,
FD004,121,116,6.4016,
FD004,121,117,7.077,
FD004,121,118,7.5922,
FD004,121,119,7.8236,
FD004,121,120,7.8594,
FD004,121,121,9.8694,
FD004,121,122,9.0028,
FD004,121,123,18.3027,
FD004,121,124,23.8366,
FD004,121,125,21.2343,
FD004,121,126,17.8405,
FD004,121,127,9.7973,
FD004,121,128,10.8258,
FD004,121,129,11.156,
FD004,121,130,10.0914,
FD004,121,131,7.3284,
FD004,121,132,9.8752,
FD004,121,133,11.3921,
FD004,121,134,11.8135,
FD004,121,135,10.3235,
FD004,121,136,12.4262,
FD004,121,137,14.2783,
FD004,121,138,14.0323,
FD004,121,139,11.9734,
FD004,121,140,11.7759,
FD004,121,141,9.459,
FD004,121,142,8.5215,
FD004,121,143,7.7748,
FD004,121,144,6.8258,
FD004,121,145,6.5032,
FD004,121,146,6.6274,
FD004,121,147,5.288,
FD004,121,148,5.9291,
FD004,121,149,7.2381,
FD004,121,150,6.1376,
FD004,121,151,6.3896,
FD004,121,152,6.3282,
FD004,121,153,5.2456,
FD004,121,154,8.2971,
FD004,121,155,6.1822,
FD004,121,156,5.9029,
FD004,121,157,6.2936,
FD004,121,158,9.4353,
FD004,121,159,9.5152,
FD004,121,160,13.0721,
FD004,121,161,10.177,
FD004,121,162,9.3466,
FD004,121,163,9.7134,
FD004,121,164,10.2829,
FD004,121,165,11.0641,
FD004,121,166,11.2048,
FD004,121,167,9.4983,
FD004,121,168,9.6941,
FD004,121,169,9.4519,
FD004,121,170,9.3843,
FD004,121,171,8.7604,
FD004,121,172,10.6777,
FD004,121,173,9.3967,
FD004,121,174,11.1302,
FD004,121,175,11.1236,
FD004,121,176,12.8491,
FD004,121,177,11.9758,
FD004,121,178,10.7136,
FD004,121,179,8.9412,
FD004,121,180,9.6846,
FD004,121,181,10.3222,
FD004,121,182,11.5531,
FD004,121,183,11.2753,
FD004,121,184,11.4481,
FD004,121,185,11.7873,
FD004,121,186,10.144,
FD004,121,187,10.0494,
FD004,121,188,9.7794,
FD004,121,189,11.4641,
FD004,121,190,11.5518,
FD004,121,191,12.4958,
FD004,121,192,8.9116,
FD004,121,193,11.9463,
FD004,121,194,16.3188,
FD004,122,1,0.0,
FD004,122,2,0.0,
FD004,122,3,0.0,
FD004,122,4,0.0,
FD004,122,5,0.0,
FD004,122,6,0.0,
FD004,122,7,0.0,
FD004,122,8,0.0,
FD004,122,9,0.0,
FD004,122,10,0.0,
FD004,122,11,0.0,
FD004,122,12,0.0,
FD004,122,13,0.0,
FD004,122,14,0.0,
FD004,122,15,0.0,
FD004,122,16,0.0,
FD004,122,17,0.0,
FD004,122,18,0.0,
FD004,122,19,0.0,
FD004,122,20,0.0,
FD004,122,21,0.0,
FD004,122,22,0.0,
FD004,122,23,0.0,
FD004,122,24,0.0,
FD004,122,25,0.0,
FD004,122,26,0.0,
FD004,122,27,0.0,
FD004,122,28,0.0,
FD004,122,29,0.0,
FD004,122,30,0.0,
FD004,122,31,0.0,
FD004,122,32,0.0,
FD004,122,33,0.0,
FD004,122,34,0.0,
FD004,122,35,0.0,
FD004,122,36,0.0,
FD004,122,37,0.0,
FD004,122,38,0.0,
FD004,122,39,0.0,
FD004,122,40,0.0,
FD004,122,41,0.0,
FD004,122,42,0.0,
FD004,122,43,0.0,
FD004,122,44,0.0,
FD004,122,45,0.0,
FD004,122,46,0.0,
FD004,122,47,0.0,
FD004,122,48,0.0,
FD004,122,49,0.0,
FD004,122,50,12.3016,
FD004,122,51,17.1917,
FD004,122,52,19.3115,
FD004,122,53,16.1092,
FD004,122,54,15.4176,
FD004,122,55,16.8953,
FD004,122,56,18.1093,
FD004,122,57,17.3764,
FD004,122,58,18.125,
FD004,122,59,14.1205,
FD004,122,60,14.3395,
FD004,122,61,12.8577,
FD004,122,62,13.1731,
FD004,122,63,14.3717,
FD004,122,64,11.4873,
FD004,122,65,8.7175,
FD004,122,66,8.6194,
FD004,122,67,8.1438,
FD004,122,68,6.5981,
FD004,122,69,7.3437,
FD004,122,70,9.5789,
FD004,122,71,7.5554,
FD004,122,72,7.0717,
FD004,122,73,7.1617,
FD004,122,74,7.5002,
FD004,122,75,11.6067,
FD004,122,76,11.0829,
FD004,122,77,7.4851,
FD004,122,78,7.7336,
FD004,122,79,7.2793,
FD004,122,80,7.5199,
FD004,122,81,7.1456,
FD004,122,82,7.6853,
FD004,122,83,9.2327,
FD004,122,84,6.3039,
FD004,122,85,6.3062,
FD004,122,86,6.1434,
FD004,122,87,7.9068,
FD004,122,88,8.8848,
FD004,122,89,9.3363,
FD004,122,90,14.0714,
FD004,122,91,9.45,
FD004,122,92,16.4325,
FD004,122,93,14.2991,
FD004,122,94,11.1745,
FD004,122,95,10.307,
FD004,122,96,10.6944,
FD004,122,97,11.3696,
FD004,122,98,12.2096,
FD004,122,99,11.6531,
FD004,122,100,11.66,
FD004,122,101,11.5764,
FD004,122,102,13.3059,
FD004,122,103,13.371,
FD004,122,104,26.0093,
FD004,122,105,15.6804,
FD004,122,106,19.4016,
FD004,122,107,13.2843,
FD004,122,108,14.0359,
FD004,122,109,10.8609,
FD004,122,110,11.1828,
FD004,122,111,11.4909,
FD004,122,112,11.6018,
FD004,122,113,10.9559,
FD004,122,114,10.5614,
FD004,122,115,10.9134,
FD004,122,116,11.1995,
FD004,122,117,17.194,
FD004,123,1,0.0,
FD004,123,2,0.0,
FD004,123,3,0.0,
FD004,123,4,0.0,
FD004,123,5,0.0,
FD004,123,6,0.0,
FD004,123,7,0.0,
FD004,123,8,0.0,
FD004,123,9,0.0,
FD004,123,10,0.0,
FD004,123,11,0.0,
FD004,123,12,0.0,
FD004,123,13,0.0,
FD004,123,14,0.0,
FD004,123,15,0.0,
FD004,123,16,0.0,
FD004,123,17,0.0,
FD004,123,18,0.0,
FD004,123,19,0.0,
FD004,123,20,0.0,
FD004,123,21,0.0,
FD004,123,22,0.0,
FD004,123,23,0.0,
FD004,123,24,0.0,
FD004,123,25,0.0,
FD004,123,26,0.0,
FD004,123,27,0.0,
FD004,123,28,0.0,
FD004,123,29,0.0,
FD004,123,30,0.0,
FD004,123,31,0.0,
FD004,123,32,0.0,
FD004,123,33,0.0,
FD004,123,34,0.0,
FD004,123,35,0.0,
FD004,123,36,0.0,
FD004,123,37,0.0,
FD004,123,38,0.0,
FD004,123,39,0.0,
FD004,123,40,0.0,
FD004,123,41,0.0,
FD004,123,42,0.0,
FD004,123,43,0.0,
FD004,123,44,0.0,
FD004,123,45,0.0,
FD004,123,46,0.0,
FD004,123,47,0.0,
FD004,123,48,0.0,
FD004,123,49,0.0,
FD004,123,50,6.929,
FD004,123,51,7.8532,
FD004,123,52,5.1532,
FD004,123,53,4.6842,
FD004,123,54,7.7365,
FD004,123,55,8.8898,
FD004,123,56,10.4184,
FD004,123,57,9.6943,
FD004,123,58,7.8351,
FD004,123,59,13.2218,
FD004,123,60,11.2907,
FD004,123,61,7.2623,
FD004,123,62,8.8532,
FD004,123,63,4.8691,
FD004,123,64,6.3879,
FD004,123,65,7.478,
FD004,123,66,7.6893,
FD004,123,67,7.4309,
FD004,123,68,8.2187,
FD004,123,69,10.2197,
FD004,123,70,9.7125,
FD004,123,71,9.5255,
FD004,123,72,9.6904,
FD004,123,73,9.109,
FD004,123,74,10.4404,
FD004,123,75,10.8153,
FD004,123,76,12.189,
FD004,123,77,9.4598,
FD004,123,78,7.744,
FD004,123,79,9.1267,
FD004,123,80,6.0223,
FD004,123,81,8.0046,
FD004,123,82,9.2718,
FD004,123,83,10.1766,
FD004,123,84,15.5986,
FD004,123,85,15.53,
FD004,123,86,16.429,
FD004,123,87,16.0836,
FD004,123,88,15.5589,
FD004,123,89,24.3377,
FD004,123,90,24.7998,
FD004,123,91,20.0305,
FD004,123,92,22.9209,
FD004,123,93,16.359,
FD004,123,94,15.113,
FD004,123,95,16.0931,
FD004,123,96,9.7755,
FD004,123,97,12.3037,
FD004,123,98,10.2264,
FD004,123,99,12.0416,
FD004,123,100,13.3856,
FD004,123,101,11.5343,
FD004,123,102,13.5624,
FD004,123,103,14.5812,
FD004,123,104,14.0162,
FD004,123,105,16.8918,
FD004,123,106,14.7436,
FD004,123,107,15.5928,
FD004,123,108,21.2898,
FD004,123,109,19.4547,
FD004,123,110,22.6489,
FD004,123,111,22.1455,
FD004,123,112,22.5276,
FD004,123,113,22.0981,
FD004,123,114,19.9448,
FD004,123,115,19.7694,
FD004,123,116,14.5948,
FD004,123,117,16.1478,
FD004,123,118,17.168,
FD004,123,119,13.2544,
FD004,123,120,14.2209,
FD004,123,121,11.1313,
FD004,123,122,9.6874,
FD004,123,123,9.3222,
FD004,123,124,10.7934,
FD004,123,125,11.6135,
FD004,123,126,12.2272,
FD004,123,127,11.9159,
FD004,123,128,12.7887,
FD004,123,129,11.1959,
FD004,123,130,9.2951,
FD004,123,131,10.8573,
FD004,123,132,9.886,
FD004,123,133,10.7555,
FD004,123,134,13.611,
FD004,123,135,15.5752,
FD004,123,136,14.6267,
FD004,123,137,8.0994,
FD004,123,138,6.1722,
FD004,123,139,6.4828,
FD004,123,140,7.1934,
FD004,123,141,8.8582,
FD004,123,142,8.0654,
FD004,123,143,8.4277,
FD004,123,144,7.8889,
FD004,123,145,8.5029,
FD004,123,146,7.7485,
FD004,123,147,8.5392,
FD004,123,148,7.2081,
FD004,123,149,10.1635,
FD004,123,150,11.9105,
FD004,123,151,13.7974,
FD004,123,152,13.767,
FD004,123,153,10.2969,
FD004,123,154,11.9328,
FD004,123,155,11.5518,
FD004,123,156,10.2213,
FD004,123,157,11.8323,
FD004,123,158,8.1386,
FD004,123,159,9.0779,
FD004,123,160,7.6869,
FD004,123,161,8.3813,
FD004,123,162,9.3059,
FD004,123,163,9.8406,
FD004,123,164,8.4973,
FD004,123,165,14.4207,
FD004,123,166,12.8566,
FD004,123,167,9.3457,
FD004,123,168,10.0197,
FD004,123,169,9.8159,
FD004,123,170,8.0289,
FD004,123,171,7.4994,
FD004,123,172,6.6394,
FD004,123,173,5.8377,
FD004,123,174,6.7688,
FD004,123,175,6.0726,
FD004,123,176,6.0089,
FD004,123,177,7.2624,
FD004,123,178,10.252,
FD004,123,179,7.9653,
FD004,123,180,8.697,
FD004,123,181,9.6427,
FD004,123,182,8.3257,
FD004,123,183,9.8346,
FD004,123,184,5.4678,
FD004,123,185,7.5313,
FD004,123,186,9.5683,
FD004,123,187,9.5322,
FD004,123,188,11.9633,
FD004,123,189,11.3006,
FD004,123,190,10.8084,
FD004,123,191,8.4656,
FD004,123,192,10.3395,
FD004,123,193,10.1379,
FD004,123,194,11.0138,
FD004,123,195,12.6151,
FD004,123,196,14.9895,
FD004,123,197,13.5321,
FD004,123,198,13.0174,
FD004,123,199,13.7373,
FD004,123,200,11.8436,
FD004,123,201,9.7443,
FD004,123,202,9.0511,
FD004,123,203,9.7495,
FD004,123,204,9.1365,
FD004,123,205,9.7908,
FD004,123,206,8.9135,
FD004,123,207,9.5139,
FD004,123,208,7.6082,
FD004,123,209,7.891,
FD004,123,210,13.484,
FD004,123,211,7.5972,
FD004,123,212,7.2108,
FD004,123,213,6.7743,
FD004,123,214,7.5706,
FD004,123,215,7.3925,
FD004,123,216,8.4341,
FD004,123,217,8.8614,
FD004,123,218,9.4508,
FD004,123,219,8.4898,
FD004,123,220,7.4037,
FD004,123,221,7.3848,
FD004,123,222,7.5171,
FD004,123,223,5.7356,
FD004,123,224,9.4666,
FD004,123,225,10.8697,
FD004,123,226,10.1492,
FD004,123,227,10.7248,
FD004,123,228,10.1812,
FD004,123,229,8.7892,
FD004,123,230,9.01,
FD004,123,231,12.0986,
FD004,123,232,9.0364,
FD004,123,233,12.9348,
FD004,123,234,8.1702,
FD004,123,235,9.8448,
FD004,123,236,9.9546,
FD004,124,1,0.0,
FD004,124,2,0.0,
FD004,124,3,0.0,
FD004,124,4,0.0,
FD004,124,5,0.0,
FD004,124,6,0.0,
FD004,124,7,0.0,
FD004,124,8,0.0,
FD004,124,9,0.0,
FD004,124,10,0.0,
FD004,124,11,0.0,
FD004,124,12,0.0,
FD004,124,13,0.0,
FD004,124,14,0.0,
FD004,124,15,0.0,
FD004,124,16,0.0,
FD004,124,17,0.0,
FD004,124,18,0.0,
FD004,124,19,0.0,
FD004,124,20,0.0,
FD004,124,21,0.0,
FD004,124,22,0.0,
FD004,124,23,0.0,
FD004,124,24,0.0,
FD004,124,25,0.0,
FD004,124,26,0.0,
FD004,124,27,0.0,
FD004,124,28,0.0,
FD004,124,29,0.0,
FD004,124,30,0.0,
FD004,124,31,0.0,
FD004,124,32,0.0,
FD004,124,33,0.0,
FD004,124,34,0.0,
FD004,124,35,0.0,
FD004,124,36,0.0,
FD004,124,37,0.0,
FD004,124,38,0.0,
FD004,124,39,0.0,
FD004,124,40,0.0,
FD004,124,41,0.0,
FD004,124,42,0.0,
FD004,124,43,0.0,
FD004,124,44,0.0,
FD004,124,45,0.0,
FD004,124,46,0.0,
FD004,124,47,0.0,
FD004,124,48,0.0,
FD004,124,49,0.0,
FD004,124,50,8.377,
FD004,124,51,8.2427,
FD004,124,52,6.3523,
FD004,124,53,7.3309,
FD004,124,54,7.466,
FD004,124,55,5.9921,
FD004,124,56,5.9897,
FD004,124,57,6.1333,
FD004,124,58,6.8393,
FD004,124,59,7.386,
FD004,124,60,7.3217,
FD004,124,61,7.4324,
FD004,124,62,7.6379,
FD004,124,63,7.0108,
FD004,124,64,8.0179,
FD004,124,65,9.6367,
FD004,124,66,6.8849,
FD004,124,67,8.7418,
FD004,124,68,9.441,
FD004,124,69,10.8426,
FD004,124,70,10.4283,
FD004,124,71,10.6605,
FD004,124,72,8.1254,
FD004,124,73,6.8702,
FD004,124,74,8.7614,
FD004,124,75,9.6301,
FD004,124,76,7.7481,
FD004,124,77,7.4654,
FD004,124,78,8.4418,
FD004,124,79,5.9763,
FD004,124,80,8.1379,
FD004,124,81,6.747,
FD004,124,82,6.8935,
FD004,124,83,7.4039,
FD004,124,84,5.013,
FD004,124,85,6.2967,
FD004,124,86,5.6352,
FD004,124,87,5.7729,
FD004,124,88,6.0917,
FD004,124,89,5.2343,
FD004,124,90,6.509,
FD004,124,91,9.4314,
FD004,124,92,8.3778,
FD004,124,93,7.5795,
FD004,124,94,7.8996,
FD004,124,95,9.5575,
FD004,124,96,10.7378,
FD004,124,97,10.8127,
FD004,124,98,9.8461,
FD004,124,99,8.8336,
FD004,124,100,7.8437,
FD004,124,101,10.0359,
FD004,124,102,10.1253,
FD004,124,103,12.2016,
FD004,124,104,12.6957,
FD004,124,105,14.3533,
FD004,124,106,12.9352,
FD004,124,107,15.6658,
FD004,124,108,14.701,
FD004,124,109,14.5583,
FD004,124,110,16.8438,
FD004,124,111,12.3387,
FD004,124,112,8.5105,
FD004,124,113,9.0618,
FD004,124,114,8.7595,
FD004,124,115,8.2987,
FD004,124,116,6.8007,
FD004,124,117,5.5151,
FD004,124,118,6.52,
FD004,124,119,5.8816,
FD004,124,120,5.9266,
FD004,124,121,6.9233,
FD004,124,122,7.2068,
FD004,124,123,7.2158,
FD004,124,124,7.8439,
FD004,124,125,7.1902,
FD004,124,126,7.5456,
FD004,124,127,4.811,
FD004,124,128,4.73,
FD004,124,129,7.6489,
FD004,124,130,6.8695,
FD004,124,131,6.1983,
FD004,124,132,6.5536,
FD004,124,133,10.8382,
FD004,124,134,6.2506,
FD004,124,135,9.1741,
FD004,124,136,7.257,
FD004,124,137,7.2812,
FD004,124,138,7.0604,
FD004,124,139,6.9202,
FD004,124,140,9.2099,
FD004,124,141,10.9023,
FD004,124,142,9.7577,
FD004,124,143,9.3409,
FD004,124,144,9.72,
FD004,124,145,10.6422,
FD004,124,146,11.823,
FD004,124,147,10.7734,
FD004,124,148,8.4047,
FD004,124,149,7.3138,
FD004,124,150,6.3152,
FD004,124,151,6.9764,
FD004,124,152,7.2823,
FD004,124,153,9.2944,
FD004,124,154,10.4127,
FD004,124,155,9.1361,
FD004,124,156,9.4777,
FD004,124,157,8.4497,
FD004,124,158,8.29,
FD004,124,159,10.9682,
FD004,124,160,9.7566,
FD004,124,161,11.1426,
FD004,124,162,10.1819,
FD004,124,163,11.2098,
FD004,124,164,9.9996,
FD004,124,165,9.5238,
FD004,124,166,9.6581,
FD004,124,167,11.2792,
FD004,124,168,11.1726,
FD004,124,169,10.7827,
FD004,124,170,10.4443,
FD004,124,171,6.7075,
FD004,124,172,10.4129,
FD004,124,173,12.0285,
FD004,124,174,9.5001,
FD004,124,175,10.8894,
FD004,124,176,11.5597,
FD004,124,177,9.9763,
FD004,124,178,9.5754,
FD004,124,179,8.7692,
FD004,124,180,7.1418,
FD004,124,181,7.5562,
FD004,124,182,11.2235,
FD004,124,183,6.6577,
FD004,124,184,7.2059,
FD004,124,185,8.0393,
FD004,124,186,8.021,
FD004,124,187,6.6135,
FD004,124,188,8.4654,
FD004,124,189,7.7175,
FD004,124,190,7.2475,
FD004,124,191,9.0192,
FD004,124,192,6.7899,
FD004,124,193,8.2925,
FD004,124,194,5.8628,
FD004,124,195,8.6763,
FD004,124,196,10.0179,
FD004,124,197,11.2461,
FD004,124,198,9.2393,
FD004,124,199,8.5631,
FD004,124,200,9.0401,
FD004,124,201,12.7997,
FD004,124,202,13.9148,
FD004,124,203,13.9752,
FD004,124,204,12.9471,
FD004,124,205,14.9191,
FD004,124,206,10.8492,
FD004,124,207,11.8406,
FD004,124,208,11.7285,
FD004,124,209,9.8929,
FD004,124,210,12.8385,
FD004,124,211,11.9013,
FD004,124,212,11.9209,
FD004,124,213,9.4019,
FD004,124,214,10.3346,
FD004,124,215,10.6282,
FD004,124,216,8.019,
FD004,124,217,7.2535,
FD004,124,218,7.1661,
FD004,124,219,7.0672,
FD004,124,220,7.2971,
FD004,124,221,8.5053,
FD004,124,222,10.2864,
FD004,124,223,10.1095,
FD004,124,224,11.8843,
FD004,124,225,9.052,
FD004,124,226,13.6718,
FD004,124,227,14.8604,
FD004,124,228,12.2487,
FD004,124,229,10.7516,
FD004,124,230,12.5067,
FD004,125,1,0.0,
FD004,125,2,0.0,
FD004,125,3,0.0,
FD004,125,4,0.0,
FD004,125,5,0.0,
FD004,125,6,0.0,
FD004,125,7,0.0,
FD004,125,8,0.0,
FD004,125,9,0.0,
FD004,125,10,0.0,
FD004,125,11,0.0,
FD004,125,12,0.0,
FD004,125,13,0.0,
FD004,125,14,0.0,
FD004,125,15,0.0,
FD004,125,16,0.0,
FD004,125,17,0.0,
FD004,125,18,0.0,
FD004,125,19,0.0,
FD004,125,20,0.0,
FD004,125,21,0.0,
FD004,126,1,0.0,
FD004,126,2,0.0,
FD004,126,3,0.0,
FD004,126,4,0.0,
FD004,126,5,0.0,
FD004,126,6,0.0,
FD004,126,7,0.0,
FD004,126,8,0.0,
FD004,126,9,0.0,
FD004,126,10,0.0,
FD004,126,11,0.0,
FD004,126,12,0.0,
FD004,126,13,0.0,
FD004,126,14,0.0,
FD004,126,15,0.0,
FD004,126,16,0.0,
FD004,126,17,0.0,
FD004,126,18,0.0,
FD004,126,19,0.0,
FD004,126,20,0.0,
FD004,126,21,0.0,
FD004,126,22,0.0,
FD004,126,23,0.0,
FD004,126,24,0.0,
FD004,126,25,0.0,
FD004,126,26,0.0,
FD004,126,27,0.0,
FD004,126,28,0.0,
FD004,126,29,0.0,
FD004,126,30,0.0,
FD004,126,31,0.0,
FD004,126,32,0.0,
FD004,126,33,0.0,
FD004,126,34,0.0,
FD004,126,35,0.0,
FD004,126,36,0.0,
FD004,126,37,0.0,
FD004,126,38,0.0,
FD004,126,39,0.0,
FD004,126,40,0.0,
FD004,126,41,0.0,
FD004,126,42,0.0,
FD004,126,43,0.0,
FD004,126,44,0.0,
FD004,126,45,0.0,
FD004,126,46,0.0,
FD004,126,47,0.0,
FD004,126,48,0.0,
FD004,126,49,0.0,
FD004,126,50,7.644,
FD004,126,51,9.494,
FD004,126,52,7.2007,
FD004,126,53,8.4701,
FD004,126,54,7.2306,
FD004,126,55,7.4881,
FD004,126,56,11.7573,
FD004,126,57,9.315,
FD004,126,58,9.1353,
FD004,126,59,12.4156,
FD004,126,60,10.9417,
FD004,126,61,19.8265,
FD004,126,62,16.8984,
FD004,126,63,13.1189,
FD004,126,64,10.5445,
FD004,126,65,10.8106,
FD004,126,66,5.91,
FD004,126,67,8.8811,
FD004,126,68,8.9542,
FD004,126,69,8.7061,
FD004,126,70,6.9523,
FD004,126,71,7.0501,
FD004,126,72,7.4187,
FD004,126,73,7.8005,
FD004,126,74,6.5073,
FD004,126,75,5.0475,
FD004,126,76,6.4591,
FD004,126,77,8.6317,
FD004,126,78,7.1235,
FD004,126,79,5.5936,
FD004,126,80,5.8796,
FD004,126,81,6.7942,
FD004,126,82,6.173,
FD004,126,83,8.063,
FD004,126,84,8.4761,
FD004,126,85,8.91,
FD004,126,86,9.0179,
FD004,126,87,6.4033,
FD004,126,88,10.8139,
FD004,126,89,14.772,
FD004,126,90,23.2188,
FD004,126,91,8.3058,
FD004,126,92,9.4777,
FD004,126,93,9.1957,
FD004,126,94,7.9189,
FD004,126,95,10.0891,
FD004,126,96,8.4155,
FD004,126,97,7.6269,
FD004,126,98,6.1407,
FD004,126,99,6.8518,
FD004,126,100,7.1542,
FD004,126,101,7.5899,
FD004,126,102,8.4201,
FD004,126,103,8.3578,
FD004,126,104,11.4418,
FD004,126,105,12.4819,
FD004,126,106,8.4974,
FD004,126,107,13.3617,
FD004,126,108,12.675,
FD004,126,109,11.1995,
FD004,126,110,7.8818,
FD004,126,111,6.9383,
FD004,126,112,6.4921,
FD004,126,113,6.6135,
FD004,126,114,6.2986,
FD004,126,115,6.0522,
FD004,126,116,7.1756,
FD004,126,117,12.7436,
FD004,126,118,7.573,
FD004,126,119,6.4336,
FD004,126,120,5.8859,
FD004,126,121,5.9518,
FD004,126,122,6.7195,
FD004,126,123,7.7699,
FD004,126,124,6.3691,
FD004,126,125,6.1225,
FD004,126,126,6.5081,
FD004,126,127,5.9448,
FD004,126,128,6.1643,
FD004,126,129,7.483,
FD004,126,130,7.1009,
FD004,126,131,7.8401,
FD004,126,132,8.8055,
FD004,126,133,12.0247,
FD004,126,134,10.7781,
FD004,126,135,8.7365,
FD004,126,136,6.3419,
FD004,126,137,6.6891,
FD004,126,138,7.5016,
FD004,126,139,7.2755,
FD004,126,140,7.6073,
FD004,126,141,13.0166,
FD004,126,142,12.1275,
FD004,126,143,12.1046,
FD004,126,144,10.4909,
FD004,126,145,11.4765,
FD004,126,146,10.9055,
FD004,126,147,9.1732,
FD004,126,148,10.9483,
FD004,126,149,11.2503,
FD004,126,150,12.2692,
FD004,126,151,11.779,
FD004,126,152,10.0416,
FD004,126,153,9.2115,
FD004,126,154,8.1077,
FD004,126,155,9.3849,
FD004,126,156,8.5626,
FD004,126,157,8.4118,
FD004,126,158,6.9522,
FD004,126,159,8.7624,
FD004,126,160,11.2791,
FD004,126,161,10.7797,
FD004,126,162,11.5357,
FD004,126,163,10.2111,
FD004,126,164,10.9294,
FD004,126,165,12.6544,
FD004,126,166,12.8554,
FD004,126,167,12.0128,
FD004,126,168,12.8507,
FD004,126,169,12.1715,
FD004,126,170,11.7888,
FD004,126,171,11.2741,
FD004,126,172,11.0216,
FD004,126,173,11.6212,
FD004,126,174,10.3387,
FD004,126,175,11.623,
FD004,126,176,10.7906,
FD004,126,177,20.2447,
FD004,126,178,9.7823,
FD004,126,179,9.5813,
FD004,126,180,9.5506,
FD004,126,181,7.6153,
FD004,126,182,6.7485,
FD004,126,183,6.144,
FD004,126,184,5.8951,
FD004,126,185,7.2266,
FD004,126,186,10.8765,
FD004,126,187,5.8791,
FD004,126,188,5.2989,
FD004,126,189,9.9301,
FD004,126,190,8.103,
FD004,126,191,10.873,
FD004,126,192,11.0087,
FD004,126,193,11.2191,
FD004,126,194,9.1994,
FD004,126,195,9.946,
FD004,126,196,10.1233,
FD004,126,197,7.6709,
FD004,126,198,8.2863,
FD004,126,199,7.8304,
FD004,126,200,6.3356,
FD004,126,201,9.5548,
FD004,126,202,8.0401,
FD004,126,203,7.4233,
FD004,126,204,9.0493,
FD004,126,205,9.3961,
FD004,126,206,8.3044,
FD004,126,207,9.508,
FD004,126,208,11.0615,
FD004,126,209,12.0619,
FD004,126,210,10.8558,
FD004,126,211,9.5532,
FD004,126,212,9.1619,
FD004,126,213,13.9334,
FD004,126,214,11.5223,
FD004,126,215,9.8557,
FD004,126,216,10.4073,
FD004,126,217,13.0816,
FD004,126,218,8.2022,
FD004,126,219,7.4239,
FD004,126,220,6.9355,
FD004,127,1,0.0,
FD004,127,2,0.0,
FD004,127,3,0.0,
FD004,127,4,0.0,
FD004,127,5,0.0,
FD004,127,6,0.0,
FD004,127,7,0.0,
FD004,127,8,0.0,
FD004,127,9,0.0,
FD004,127,10,0.0,
FD004,127,11,0.0,
FD004,127,12,0.0,
FD004,127,13,0.0,
FD004,127,14,0.0,
FD004,127,15,0.0,
FD004,127,16,0.0,
FD004,127,17,0.0,
FD004,127,18,0.0,
FD004,127,19,0.0,
FD004,127,20,0.0,
FD004,127,21,0.0,
FD004,127,22,0.0,
FD004,127,23,0.0,
FD004,127,24,0.0,
FD004,127,25,0.0,
FD004,127,26,0.0,
FD004,127,27,0.0,
FD004,127,28,0.0,
FD004,127,29,0.0,
FD004,127,30,0.0,
FD004,127,31,0.0,
FD004,127,32,0.0,
FD004,127,33,0.0,
FD004,127,34,0.0,
FD004,127,35,0.0,
FD004,127,36,0.0,
FD004,127,37,0.0,
FD004,127,38,0.0,
FD004,127,39,0.0,
FD004,127,40,0.0,
FD004,127,41,0.0,
FD004,127,42,0.0,
FD004,127,43,0.0,
FD004,127,44,0.0,
FD004,127,45,0.0,
FD004,127,46,0.0,
FD004,127,47,0.0,
FD004,127,48,0.0,
FD004,127,49,0.0,
FD004,127,50,6.8012,
FD004,127,51,7.0119,
FD004,127,52,6.882,
FD004,127,53,8.2543,
FD004,127,54,9.3666,
FD004,127,55,8.9764,
FD004,127,56,10.0681,
FD004,127,57,9.8226,
FD004,127,58,10.2785,
FD004,127,59,9.2841,
FD004,127,60,9.8302,
FD004,127,61,9.8173,
FD004,127,62,8.5133,
FD004,127,63,9.4216,
FD004,127,64,9.2442,
FD004,127,65,6.7245,
FD004,127,66,6.7366,
FD004,127,67,9.4631,
FD004,127,68,9.3442,
FD004,127,69,10.0701,
FD004,127,70,8.6875,
FD004,127,71,10.0269,
FD004,127,72,10.6373,
FD004,127,73,11.5573,
FD004,127,74,12.389,
FD004,127,75,10.9534,
FD004,127,76,9.0766,
FD004,127,77,11.3384,
FD004,127,78,7.63,
FD004,127,79,8.1812,
FD004,127,80,7.4053,
FD004,127,81,6.0135,
FD004,127,82,7.9779,
FD004,127,83,7.2227,
FD004,127,84,8.3629,
FD004,127,85,8.3607,
FD004,127,86,8.9875,
FD004,127,87,8.9871,
FD004,127,88,9.5213,
FD004,127,89,11.2073,
FD004,127,90,9.7429,
FD004,127,91,11.9713,
FD004,127,92,9.5078,
FD004,127,93,8.4199,
FD004,127,94,9.1662,
FD004,127,95,9.0933,
FD004,127,96,9.8559,
FD004,127,97,9.5587,
FD004,127,98,9.2648,
FD004,128,1,0.0,
FD004,128,2,0.0,
FD004,128,3,0.0,
FD004,128,4,0.0,
FD004,128,5,0.0,
FD004,128,6,0.0,
FD004,128,7,0.0,
FD004,128,8,0.0,
FD004,128,9,0.0,
FD004,128,10,0.0,
FD004,128,11,0.0,
FD004,128,12,0.0,
FD004,128,13,0.0,
FD004,128,14,0.0,
FD004,128,15,0.0,
FD004,128,16,0.0,
FD004,128,17,0.0,
FD004,128,18,0.0,
FD004,128,19,0.0,
FD004,128,20,0.0,
FD004,128,21,0.0,
FD004,128,22,0.0,
FD004,128,23,0.0,
FD004,128,24,0.0,
FD004,128,25,0.0,
FD004,128,26,0.0,
FD004,128,27,0.0,
FD004,128,28,0.0,
FD004,128,29,0.0,
FD004,128,30,0.0,
FD004,128,31,0.0,
FD004,128,32,0.0,
FD004,128,33,0.0,
FD004,128,34,0.0,
FD004,128,35,0.0,
FD004,128,36,0.0,
FD004,128,37,0.0,
FD004,128,38,0.0,
FD004,128,39,0.0,
FD004,128,40,0.0,
FD004,128,41,0.0,
FD004,128,42,0.0,
FD004,128,43,0.0,
FD004,128,44,0.0,
FD004,128,45,0.0,
FD004,128,46,0.0,
FD004,128,47,0.0,
FD004,128,48,0.0,
FD004,128,49,0.0,
FD004,128,50,8.3077,
FD004,128,51,8.1289,
FD004,128,52,7.0097,
FD004,128,53,7.1157,
FD004,128,54,6.7122,
FD004,128,55,8.5406,
FD004,128,56,11.2321,
FD004,128,57,7.3906,
FD004,128,58,7.1878,
FD004,128,59,7.474,
FD004,128,60,7.6855,
FD004,128,61,7.6378,
FD004,128,62,8.0828,
FD004,128,63,8.4381,
FD004,128,64,7.4214,
FD004,128,65,7.3269,
FD004,128,66,7.6778,
FD004,128,67,7.1737,
FD004,128,68,8.1218,
FD004,128,69,6.5152,
FD004,128,70,5.4387,
FD004,128,71,6.8384,
FD004,128,72,4.8365,
FD004,128,73,5.2796,
FD004,128,74,5.4279,
FD004,128,75,4.4855,
FD004,128,76,6.4468,
FD004,128,77,9.0861,
FD004,128,78,8.5672,
FD004,128,79,8.6286,
FD004,128,80,8.2676,
FD004,128,81,6.6162,
FD004,128,82,7.4549,
FD004,128,83,6.7616,
FD004,128,84,6.4711,
FD004,128,85,5.1929,
FD004,128,86,6.0359,
FD004,128,87,5.5042,
FD004,128,88,6.6806,
FD004,128,89,9.5471,
FD004,128,90,8.0363,
FD004,128,91,8.3831,
FD004,128,92,11.9449,
FD004,128,93,13.2306,
FD004,128,94,9.6915,
FD004,128,95,10.5904,
FD004,128,96,10.3229,
FD004,128,97,9.8852,
FD004,128,98,8.3533,
FD004,128,99,7.6684,
FD004,128,100,8.0259,
FD004,128,101,6.9203,
FD004,128,102,8.2057,
FD004,128,103,10.6393,
FD004,128,104,11.2823,
FD004,128,105,10.9987,
FD004,128,106,8.8861,
FD004,128,107,9.9029,
FD004,128,108,9.7748,
FD004,128,109,8.6239,
FD004,128,110,9.3728,
FD004,128,111,8.7184,
FD004,128,112,8.1358,
FD004,128,113,8.8971,
FD004,128,114,9.0106,
FD004,128,115,9.1751,
FD004,128,116,8.7328,
FD004,128,117,8.2348,
FD004,128,118,9.1126,
FD004,128,119,9.5914,
FD004,128,120,9.4323,
FD004,128,121,9.3625,
FD004,128,122,10.5364,
FD004,128,123,10.3438,
FD004,128,124,9.1218,
FD004,128,125,11.9366,
FD004,128,126,10.6621,
FD004,128,127,12.1679,
FD004,128,128,10.6204,
FD004,128,129,8.5421,
FD004,128,130,8.8207,
FD004,128,131,8.858,
FD004,128,132,7.7045,
FD004,128,133,10.1681,
FD004,128,134,10.4981,
FD004,128,135,8.6413,
FD004,128,136,11.17,
FD004,128,137,8.2133,
FD004,128,138,5.7958,
FD004,128,139,4.2675,
FD004,129,1,0.0,
FD004,129,2,0.0,
FD004,129,3,0.0,
FD004,129,4,0.0,
FD004,129,5,0.0,
FD004,129,6,0.0,
FD004,129,7,0.0,
FD004,129,8,0.0,
FD004,129,9,0.0,
FD004,129,10,0.0,
FD004,129,11,0.0,
FD004,129,12,0.0,
FD004,129,13,0.0,
FD004,129,14,0.0,
FD004,129,15,0.0,
FD004,129,16,0.0,
FD004,129,17,0.0,
FD004,129,18,0.0,
FD004,129,19,0.0,
FD004,129,20,0.0,
FD004,129,21,0.0,
FD004,129,22,0.0,
FD004,129,23,0.0,
FD004,129,24,0.0,
FD004,129,25,0.0,
FD004,129,26,0.0,
FD004,129,27,0.0,
FD004,129,28,0.0,
FD004,129,29,0.0,
FD004,129,30,0.0,
FD004,129,31,0.0,
FD004,129,32,0.0,
FD004,129,33,0.0,
FD004,129,34,0.0,
FD004,129,35,0.0,
FD004,129,36,0.0,
FD004,129,37,0.0,
FD004,129,38,0.0,
FD004,129,39,0.0,
FD004,129,40,0.0,
FD004,129,41,0.0,
FD004,129,42,0.0,
FD004,129,43,0.0,
FD004,129,44,0.0,
FD004,129,45,0.0,
FD004,129,46,0.0,
FD004,129,47,0.0,
FD004,129,48,0.0,
FD004,129,49,0.0,
FD004,129,50,9.1331,
FD004,129,51,8.8596,
FD004,129,52,7.3383,
FD004,129,53,7.2451,
FD004,129,54,10.1691,
FD004,129,55,8.7793,
FD004,129,56,8.2399,
FD004,129,57,10.0407,
FD004,129,58,9.7824,
FD004,129,59,10.7355,
FD004,129,60,11.7591,
FD004,129,61,10.7843,
FD004,129,62,13.7871,
FD004,129,63,13.9915,
FD004,129,64,17.0301,
FD004,129,65,16.9842,
FD004,129,66,18.344,
FD004,129,67,18.5212,
FD004,129,68,19.0117,
FD004,129,69,18.3549,
FD004,129,70,21.0351,
FD004,129,71,20.6102,
FD004,129,72,20.5534,
FD004,129,73,21.0228,
FD004,129,74,20.8363,
FD004,129,75,20.2142,
FD004,129,76,19.3395,
FD004,129,77,16.8638,
FD004,129,78,16.8036,
FD004,129,79,14.9225,
FD004,129,80,12.6901,
FD004,129,81,13.0376,
FD004,129,82,11.1506,
FD004,129,83,10.635,
FD004,129,84,7.8817,
FD004,129,85,7.2614,
FD004,129,86,7.1986,
FD004,129,87,7.2211,
FD004,129,88,9.5803,
FD004,129,89,7.0844,
FD004,129,90,8.4374,
FD004,129,91,9.8198,
FD004,129,92,9.1497,
FD004,129,93,8.6277,
FD004,129,94,10.3096,
FD004,129,95,8.8242,
FD004,129,96,8.1706,
FD004,129,97,11.0142,
FD004,129,98,10.8868,
FD004,129,99,7.9323,
FD004,129,100,7.0067,
FD004,129,101,8.5147,
FD004,129,102,5.5358,
FD004,129,103,7.1094,
FD004,129,104,5.7109,
FD004,129,105,5.9031,
FD004,129,106,7.8425,
FD004,129,107,9.361,
FD004,129,108,6.505,
FD004,129,109,8.1477,
FD004,129,110,7.1971,
FD004,129,111,8.3779,
FD004,129,112,9.9858,
FD004,129,113,9.1247,
FD004,129,114,9.9481,
FD004,129,115,9.4488,
FD004,129,116,11.8669,
FD004,129,117,4.4439,
FD004,129,118,7.8341,
FD004,129,119,9.444,
FD004,129,120,11.7771,
FD004,129,121,14.9106,
FD004,129,122,13.6263,
FD004,129,123,15.323,
FD004,129,124,10.4467,
FD004,129,125,10.6714,
FD004,129,126,8.65,
FD004,129,127,9.5043,
FD004,129,128,9.3676,
FD004,129,129,9.0256,
FD004,129,130,6.075,
FD004,129,131,8.5986,
FD004,129,132,9.9366,
FD004,129,133,11.0622,
FD004,129,134,11.745,
FD004,129,135,14.0962,
FD004,129,136,13.1247,
FD004,129,137,9.1068,
FD004,129,138,9.3165,
FD004,129,139,8.6797,
FD004,129,140,9.4002,
FD004,129,141,6.5747,
FD004,129,142,5.0068,
FD004,129,143,5.0332,
FD004,129,144,5.2708,
FD004,129,145,7.9103,
FD004,129,146,9.498,
FD004,129,147,7.6601,
FD004,129,148,9.543,
FD004,129,149,7.0539,
FD004,129,150,7.0386,
FD004,129,151,7.6886,
FD004,129,152,7.6521,
FD004,129,153,9.7954,
FD004,129,154,9.7911,
FD004,129,155,11.6106,
FD004,129,156,9.1216,
FD004,129,157,10.6376,
FD004,129,158,10.5465,
FD004,129,159,11.2088,
FD004,129,160,8.3296,
FD004,129,161,8.7346,
FD004,129,162,7.8742,
FD004,129,163,9.3178,
FD004,129,164,6.5626,
FD004,129,165,7.0355,
FD004,129,166,7.6773,
FD004,129,167,5.7178,
FD004,129,168,4.901,
FD004,129,169,6.2444,
FD004,129,170,4.7344,
FD004,129,171,5.5158,
FD004,129,172,7.2456,
FD004,129,173,6.8841,
FD004,129,174,7.6857,
FD004,129,175,7.461,
FD004,129,176,9.0069,
FD004,129,177,7.5061,
FD004,129,178,6.488,
FD004,129,179,9.2324,
FD004,129,180,7.8581,
FD004,129,181,14.1409,
FD004,129,182,12.558,
FD004,129,183,12.6005,
FD004,129,184,13.1594,
FD004,129,185,20.77,
FD004,129,186,13.0704,
FD004,129,187,10.391,
FD004,129,188,10.9053,
FD004,129,189,10.0321,
FD004,129,190,16.5371,
FD004,129,191,10.3316,
FD004,129,192,8.5094,
FD004,129,193,10.164,
FD004,129,194,9.784,
FD004,129,195,12.1803,
FD004,129,196,12.5216,
FD004,129,197,9.4758,
FD004,129,198,14.5755,
FD004,129,199,10.6428,
FD004,129,200,9.6797,
FD004,129,201,7.7689,
FD004,129,202,7.6142,
FD004,129,203,7.3409,
FD004,129,204,5.867,
FD004,129,205,5.6078,
FD004,129,206,5.8357,
FD004,129,207,5.4314,
FD004,129,208,5.8205,
FD004,129,209,5.967,
FD004,129,210,7.1791,
FD004,129,211,7.3067,
FD004,129,212,7.8519,
FD004,129,213,8.4912,
FD004,129,214,7.0542,
FD004,129,215,7.3916,
FD004,129,216,8.6804,
FD004,129,217,11.0348,
FD004,129,218,9.531,
FD004,129,219,9.4875,
FD004,129,220,9.8007,
FD004,129,221,12.88,
FD004,129,222,12.124,
FD004,129,223,11.9049,
FD004,129,224,11.0449,
FD004,129,225,12.0137,
FD004,129,226,7.9825,
FD004,129,227,8.4988,
FD004,129,228,8.0735,
FD004,129,229,7.7431,
FD004,129,230,6.8996,
FD004,129,231,8.5281,
FD004,129,232,5.7084,
FD004,129,233,5.9312,
FD004,129,234,5.0488,
FD004,129,235,5.0809,
FD004,129,236,6.3339,
FD004,129,237,6.9788,
FD004,129,238,10.1946,
FD004,129,239,9.3089,
FD004,129,240,9.554,
FD004,129,241,5.9097,
FD004,129,242,10.292,
FD004,129,243,6.5119,
FD004,129,244,6.1264,
FD004,129,245,5.2939,
FD004,129,246,5.0656,
FD004,129,247,6.5054,
FD004,129,248,8.815,
FD004,129,249,9.2655,
FD004,129,250,7.3298,
FD004,129,251,6.4101,
FD004,129,252,7.1321,
FD004,129,253,7.0055,
FD004,129,254,5.9354,
FD004,129,255,7.9275,
FD004,129,256,14.2741,
FD004,129,257,12.9805,
FD004,129,258,7.1963,
FD004,129,259,9.2046,
FD004,129,260,8.4398,
FD004,129,261,6.88,
FD004,129,262,8.6966,
FD004,129,263,5.3617,
FD004,129,264,6.0395,
FD004,129,265,6.1962,
FD004,129,266,8.0624,
FD004,129,267,12.3884,
FD004,129,268,11.918,
FD004,129,269,7.5254,
FD004,129,270,9.0392,
FD004,129,271,6.706,
FD004,129,272,5.6843,
FD004,129,273,9.1034,
FD004,129,274,8.9819,
FD004,129,275,5.7553,
FD004,129,276,7.094,
FD004,129,277,7.0299,
FD004,129,278,8.6981,
FD004,129,279,9.0564,
FD004,129,280,8.7947,
FD004,129,281,8.6511,
FD004,129,282,11.0388,
FD004,129,283,10.375,
FD004,129,284,10.3094,
FD004,129,285,9.501,
FD004,129,286,12.8362,
FD004,129,287,11.0125,
FD004,129,288,9.1879,
FD004,129,289,8.3376,
FD004,129,290,7.4957,
FD004,129,291,6.8873,
FD004,129,292,7.0697,
FD004,129,293,5.966,
FD004,129,294,5.5544,
FD004,129,295,6.0141,
FD004,129,296,5.9645,
FD004,129,297,10.581,
FD004,129,298,14.3928,
FD004,129,299,14.292,
FD004,129,300,11.9622,
FD004,129,301,10.4015,
FD004,129,302,10.7234,
FD004,129,303,11.3005,
FD004,129,304,12.3157,
FD004,129,305,10.2622,
FD004,129,306,8.8587,
FD004,129,307,8.8924,
FD004,129,308,10.5407,
FD004,129,309,7.5651,
FD004,129,310,7.773,
FD004,129,311,10.9435,
FD004,129,312,10.6346,
FD004,129,313,9.2851,
FD004,129,314,11.5961,
FD004,129,315,11.5768,
FD004,130,1,0.0,
FD004,130,2,0.0,
FD004,130,3,0.0,
FD004,130,4,0.0,
FD004,130,5,0.0,
FD004,130,6,0.0,
FD004,130,7,0.0,
FD004,130,8,0.0,
FD004,130,9,0.0,
FD004,130,10,0.0,
FD004,130,11,0.0,
FD004,130,12,0.0,
FD004,130,13,0.0,
FD004,130,14,0.0,
FD004,130,15,0.0,
FD004,130,16,0.0,
FD004,130,17,0.0,
FD004,130,18,0.0,
FD004,130,19,0.0,
FD004,130,20,0.0,
FD004,130,21,0.0,
FD004,130,22,0.0,
FD004,130,23,0.0,
FD004,130,24,0.0,
FD004,130,25,0.0,
FD004,130,26,0.0,
FD004,130,27,0.0,
FD004,130,28,0.0,
FD004,130,29,0.0,
FD004,130,30,0.0,
FD004,130,31,0.0,
FD004,130,32,0.0,
FD004,130,33,0.0,
FD004,130,34,0.0,
FD004,130,35,0.0,
FD004,130,36,0.0,
FD004,130,37,0.0,
FD004,130,38,0.0,
FD004,130,39,0.0,
FD004,130,40,0.0,
FD004,130,41,0.0,
FD004,130,42,0.0,
FD004,130,43,0.0,
FD004,130,44,0.0,
FD004,130,45,0.0,
FD004,130,46,0.0,
FD004,130,47,0.0,
FD004,130,48,0.0,
FD004,130,49,0.0,
FD004,130,50,8.7259,
FD004,130,51,8.41,
FD004,130,52,9.7818,
FD004,130,53,11.1267,
FD004,130,54,10.5638,
FD004,130,55,11.2339,
FD004,130,56,11.1247,
FD004,130,57,12.7955,
FD004,130,58,13.1045,
FD004,130,59,15.2213,
FD004,130,60,12.6255,
FD004,130,61,11.653,
FD004,130,62,12.1276,
FD004,130,63,9.8914,
FD004,130,64,10.9763,
FD004,130,65,12.2567,
FD004,130,66,9.5091,
FD004,130,67,8.329,
FD004,130,68,8.0074,
FD004,130,69,8.7775,
FD004,130,70,8.2622,
FD004,130,71,10.9599,
FD004,130,72,9.1118,
FD004,130,73,8.5545,
FD004,130,74,6.9799,
FD004,130,75,7.3612,
FD004,130,76,7.1274,
FD004,130,77,8.4977,
FD004,130,78,8.8978,
FD004,130,79,7.27,
FD004,130,80,9.2058,
FD004,130,81,7.8032,
FD004,130,82,15.5391,
FD004,130,83,14.4445,
FD004,130,84,17.2058,
FD004,130,85,10.311,
FD004,130,86,10.0978,
FD004,130,87,8.2715,
FD004,130,88,8.6106,
FD004,130,89,9.3882,
FD004,130,90,7.445,
FD004,130,91,8.4905,
FD004,130,92,9.0135,
FD004,130,93,7.2802,
FD004,130,94,6.8011,
FD004,130,95,6.1939,
FD004,130,96,6.3353,
FD004,130,97,8.1826,
FD004,130,98,7.9351,
FD004,130,99,7.3294,
FD004,130,100,6.2291,
FD004,130,101,12.2294,
FD004,130,102,8.1459,
FD004,130,103,8.1438,
FD004,130,104,6.7581,
FD004,130,105,5.304,
FD004,130,106,5.1791,
FD004,130,107,5.9957,
FD004,131,1,0.0,
FD004,131,2,0.0,
FD004,131,3,0.0,
FD004,131,4,0.0,
FD004,131,5,0.0,
FD004,131,6,0.0,
FD004,131,7,0.0,
FD004,131,8,0.0,
FD004,131,9,0.0,
FD004,131,10,0.0,
FD004,131,11,0.0,
FD004,131,12,0.0,
FD004,131,13,0.0,
FD004,131,14,0.0,
FD004,131,15,0.0,
FD004,131,16,0.0,
FD004,131,17,0.0,
FD004,131,18,0.0,
FD004,131,19,0.0,
FD004,131,20,0.0,
FD004,131,21,0.0,
FD004,131,22,0.0,
FD004,131,23,0.0,
FD004,131,24,0.0,
FD004,131,25,0.0,
FD004,131,26,0.0,
FD004,131,27,0.0,
FD004,131,28,0.0,
FD004,131,29,0.0,
FD004,131,30,0.0,
FD004,131,31,0.0,
FD004,131,32,0.0,
FD004,131,33,0.0,
FD004,131,34,0.0,
FD004,131,35,0.0,
FD004,131,36,0.0,
FD004,131,37,0.0,
FD004,131,38,0.0,
FD004,131,39,0.0,
FD004,131,40,0.0,
FD004,131,41,0.0,
FD004,131,42,0.0,
FD004,131,43,0.0,
FD004,131,44,0.0,
FD004,131,45,0.0,
FD004,131,46,0.0,
FD004,131,47,0.0,
FD004,131,48,0.0,
FD004,131,49,0.0,
FD004,131,50,16.3805,
FD004,131,51,16.478,
FD004,131,52,16.1665,
FD004,131,53,10.9308,
FD004,131,54,6.7691,
FD004,131,55,6.8962,
FD004,131,56,7.6674,
FD004,131,57,7.3799,
FD004,131,58,7.7014,
FD004,131,59,11.0703,
FD004,131,60,11.3359,
FD004,131,61,10.9627,
FD004,131,62,9.65,
FD004,131,63,6.8954,
FD004,131,64,8.208,
FD004,131,65,8.9299,
FD004,131,66,7.0451,
FD004,131,67,8.2515,
FD004,131,68,8.5707,
FD004,131,69,7.7362,
FD004,131,70,6.5024,
FD004,131,71,6.0312,
FD004,131,72,9.1573,
FD004,131,73,11.5765,
FD004,131,74,10.2266,
FD004,131,75,8.7249,
FD004,131,76,8.801,
FD004,131,77,7.1068,
FD004,131,78,8.0193,
FD004,131,79,6.7147,
FD004,131,80,6.1049,
FD004,131,81,7.7092,
FD004,131,82,7.8821,
FD004,131,83,6.1176,
FD004,131,84,7.1513,
FD004,131,85,7.3241,
FD004,131,86,7.6863,
FD004,131,87,6.0982,
FD004,131,88,7.0053,
FD004,131,89,7.6506,
FD004,131,90,6.7549,
FD004,131,91,7.6204,
FD004,131,92,8.0624,
FD004,131,93,8.1624,
FD004,131,94,7.6184,
FD004,131,95,5.8191,
FD004,131,96,6.5729,
FD004,131,97,8.3715,
FD004,131,98,8.1026,
FD004,131,99,8.097,
FD004,131,100,8.8133,
FD004,131,101,11.0701,
FD004,131,102,10.7551,
FD004,131,103,18.8751,
FD004,131,104,9.8534,
FD004,131,105,9.7867,
FD004,131,106,9.6253,
FD004,131,107,10.1623,
FD004,131,108,9.5788,
FD004,131,109,13.1204,
FD004,131,110,10.0727,
FD004,131,111,7.0156,
FD004,131,112,6.5843,
FD004,131,113,7.5761,
FD004,131,114,7.4143,
FD004,131,115,8.259,
FD004,131,116,7.5624,
FD004,131,117,8.5345,
FD004,131,118,8.062,
FD004,131,119,8.5054,
FD004,131,120,8.0623,
FD004,131,121,9.0717,
FD004,131,122,9.2703,
FD004,131,123,9.5576,
FD004,131,124,8.2634,
FD004,131,125,9.9756,
FD004,131,126,10.2801,
FD004,131,127,8.4719,
FD004,131,128,6.9828,
FD004,131,129,10.5965,
FD004,131,130,7.4668,
FD004,131,131,6.6998,
FD004,131,132,6.6893,
FD004,131,133,7.2603,
FD004,131,134,8.2263,
FD004,131,135,6.9406,
FD004,131,136,6.2495,
FD004,131,137,6.5432,
FD004,131,138,8.0283,
FD004,131,139,7.851,
FD004,131,140,9.914,
FD004,131,141,13.0397,
FD004,131,142,12.7662,
FD004,131,143,12.2301,
FD004,131,144,10.4065,
FD004,131,145,11.5877,
FD004,131,146,8.0507,
FD004,131,147,7.8469,
FD004,131,148,7.394,
FD004,131,149,8.6308,
FD004,131,150,8.5514,
FD004,131,151,10.2809,
FD004,131,152,12.4199,
FD004,131,153,14.4753,
FD004,131,154,12.4767,
FD004,131,155,11.8833,
FD004,131,156,10.79,
FD004,131,157,10.6901,
FD004,131,158,9.7019,
FD004,131,159,9.5691,
FD004,131,160,7.9943,
FD004,131,161,10.8333,
FD004,131,162,6.2535,
FD004,131,163,6.7506,
FD004,131,164,5.9464,
FD004,131,165,8.1912,
FD004,131,166,8.7065,
FD004,131,167,6.8969,
FD004,131,168,7.5173,
FD004,131,169,7.592,
FD004,131,170,6.8275,
FD004,131,171,7.1393,
FD004,131,172,7.7596,
FD004,131,173,9.8896,
FD004,131,174,10.0166,
FD004,131,175,9.4269,
FD004,131,176,8.2547,
FD004,131,177,10.9604,
FD004,131,178,8.2048,
FD004,131,179,8.8076,
FD004,131,180,7.5746,
FD004,131,181,7.9922,
FD004,131,182,8.5813,
FD004,131,183,8.5242,
FD004,131,184,8.8767,
FD004,131,185,7.9092,
FD004,131,186,7.1025,
FD004,131,187,6.3417,
FD004,131,188,7.1372,
FD004,131,189,6.9256,
FD004,131,190,7.2673,
FD004,131,191,6.2153,
FD004,131,192,6.1705,
FD004,131,193,5.7039,
FD004,132,1,0.0,
FD004,132,2,0.0,
FD004,132,3,0.0,
FD004,132,4,0.0,
FD004,132,5,0.0,
FD004,132,6,0.0,
FD004,132,7,0.0,
FD004,132,8,0.0,
FD004,132,9,0.0,
FD004,132,10,0.0,
FD004,132,11,0.0,
FD004,132,12,0.0,
FD004,132,13,0.0,
FD004,132,14,0.0,
FD004,132,15,0.0,
FD004,132,16,0.0,
FD004,132,17,0.0,
FD004,132,18,0.0,
FD004,132,19,0.0,
FD004,132,20,0.0,
FD004,132,21,0.0,
FD004,132,22,0.0,
FD004,132,23,0.0,
FD004,132,24,0.0,
FD004,132,25,0.0,
FD004,132,26,0.0,
FD004,132,27,0.0,
FD004,132,28,0.0,
FD004,132,29,0.0,
FD004,132,30,0.0,
FD004,132,31,0.0,
FD004,132,32,0.0,
FD004,132,33,0.0,
FD004,132,34,0.0,
FD004,132,35,0.0,
FD004,132,36,0.0,
FD004,132,37,0.0,
FD004,132,38,0.0,
FD004,132,39,0.0,
FD004,132,40,0.0,
FD004,132,41,0.0,
FD004,132,42,0.0,
FD004,132,43,0.0,
FD004,132,44,0.0,
FD004,132,45,0.0,
FD004,132,46,0.0,
FD004,132,47,0.0,
FD004,132,48,0.0,
FD004,132,49,0.0,
FD004,132,50,7.2198,
FD004,132,51,7.93,
FD004,132,52,7.7247,
FD004,132,53,7.1207,
FD004,132,54,9.9555,
FD004,132,55,8.0674,
FD004,132,56,9.8594,
FD004,132,57,9.956,
FD004,132,58,15.5391,
FD004,132,59,11.3455,
FD004,132,60,12.0942,
FD004,132,61,14.6268,
FD004,132,62,12.1326,
FD004,132,63,12.1888,
FD004,132,64,9.8372,
FD004,132,65,11.0852,
FD004,132,66,11.3053,
FD004,132,67,9.4619,
FD004,132,68,8.3883,
FD004,132,69,8.5509,
FD004,132,70,7.3158,
FD004,132,71,9.2864,
FD004,132,72,9.9217,
FD004,132,73,13.2611,
FD004,132,74,15.2611,
FD004,132,75,12.5084,
FD004,132,76,12.8929,
FD004,132,77,14.0244,
FD004,132,78,15.0369,
FD004,132,79,12.9601,
FD004,132,80,13.2268,
FD004,132,81,20.1469,
FD004,132,82,12.996,
FD004,132,83,11.235,
FD004,132,84,11.1936,
FD004,132,85,11.8921,
FD004,132,86,11.3582,
FD004,132,87,7.5325,
FD004,132,88,5.8553,
FD004,132,89,6.5248,
FD004,132,90,7.287,
FD004,132,91,10.1461,
FD004,132,92,8.6235,
FD004,132,93,8.6519,
FD004,132,94,10.4527,
FD004,132,95,9.7653,
FD004,132,96,8.5825,
FD004,132,97,9.2859,
FD004,132,98,8.5265,
FD004,132,99,11.4238,
FD004,132,100,11.9588,
FD004,132,101,12.7276,
FD004,132,102,9.991,
FD004,132,103,10.7683,
FD004,132,104,10.9139,
FD004,132,105,10.8758,
FD004,132,106,10.2119,
FD004,132,107,12.2871,
FD004,132,108,13.4301,
FD004,132,109,9.2277,
FD004,132,110,11.7934,
FD004,132,111,11.1884,
FD004,132,112,9.8516,
FD004,132,113,10.2902,
FD004,132,114,15.1643,
FD004,132,115,13.1667,
FD004,133,1,0.0,
FD004,133,2,0.0,
FD004,133,3,0.0,
FD004,133,4,0.0,
FD004,133,5,0.0,
FD004,133,6,0.0,
FD004,133,7,0.0,
FD004,133,8,0.0,
FD004,133,9,0.0,
FD004,133,10,0.0,
FD004,133,11,0.0,
FD004,133,12,0.0,
FD004,133,13,0.0,
FD004,133,14,0.0,
FD004,133,15,0.0,
FD004,133,16,0.0,
FD004,133,17,0.0,
FD004,133,18,0.0,
FD004,133,19,0.0,
FD004,133,20,0.0,
FD004,133,21,0.0,
FD004,133,22,0.0,
FD004,133,23,0.0,
FD004,133,24,0.0,
FD004,133,25,0.0,
FD004,133,26,0.0,
FD004,133,27,0.0,
FD004,133,28,0.0,
FD004,133,29,0.0,
FD004,133,30,0.0,
FD004,133,31,0.0,
FD004,133,32,0.0,
FD004,133,33,0.0,
FD004,133,34,0.0,
FD004,133,35,0.0,
FD004,133,36,0.0,
FD004,133,37,0.0,
FD004,133,38,0.0,
FD004,133,39,0.0,
FD004,133,40,0.0,
FD004,133,41,0.0,
FD004,133,42,0.0,
FD004,133,43,0.0,
FD004,133,44,0.0,
FD004,133,45,0.0,
FD004,133,46,0.0,
FD004,133,47,0.0,
FD004,133,48,0.0,
FD004,133,49,0.0,
FD004,133,50,7.2708,
FD004,133,51,6.4796,
FD004,133,52,5.4978,
FD004,133,53,5.569,
FD004,133,54,6.5085,
FD004,133,55,6.0507,
FD004,133,56,6.4278,
FD004,133,57,7.2529,
FD004,133,58,6.9642,
FD004,133,59,5.954,
FD004,133,60,7.4994,
FD004,133,61,9.367,
FD004,133,62,9.2358,
FD004,133,63,8.4164,
FD004,133,64,8.5567,
FD004,133,65,9.3721,
FD004,133,66,9.8363,
FD004,133,67,10.3895,
FD004,133,68,12.6091,
FD004,133,69,15.3482,
FD004,133,70,15.4123,
FD004,133,71,15.4221,
FD004,133,72,18.1141,
FD004,133,73,17.7398,
FD004,133,74,17.2088,
FD004,134,1,0.0,
FD004,134,2,0.0,
FD004,134,3,0.0,
FD004,134,4,0.0,
FD004,134,5,0.0,
FD004,134,6,0.0,
FD004,134,7,0.0,
FD004,134,8,0.0,
FD004,134,9,0.0,
FD004,134,10,0.0,
FD004,134,11,0.0,
FD004,134,12,0.0,
FD004,134,13,0.0,
FD004,134,14,0.0,
FD004,134,15,0.0,
FD004,134,16,0.0,
FD004,134,17,0.0,
FD004,134,18,0.0,
FD004,134,19,0.0,
FD004,134,20,0.0,
FD004,134,21,0.0,
FD004,134,22,0.0,
FD004,134,23,0.0,
FD004,134,24,0.0,
FD004,134,25,0.0,
FD004,134,26,0.0,
FD004,134,27,0.0,
FD004,134,28,0.0,
FD004,134,29,0.0,
FD004,134,30,0.0,
FD004,134,31,0.0,
FD004,134,32,0.0,
FD004,134,33,0.0,
FD004,134,34,0.0,
FD004,134,35,0.0,
FD004,134,36,0.0,
FD004,134,37,0.0,
FD004,134,38,0.0,
FD004,134,39,0.0,
FD004,134,40,0.0,
FD004,134,41,0.0,
FD004,134,42,0.0,
FD004,134,43,0.0,
FD004,134,44,0.0,
FD004,134,45,0.0,
FD004,134,46,0.0,
FD004,134,47,0.0,
FD004,134,48,0.0,
FD004,134,49,0.0,
FD004,134,50,12.3305,
FD004,134,51,9.4975,
FD004,134,52,12.1141,
FD004,134,53,15.1673,
FD004,134,54,13.3696,
FD004,134,55,12.8073,
FD004,134,56,13.7024,
FD004,134,57,13.362,
FD004,134,58,13.4938,
FD004,134,59,13.3804,
FD004,134,60,13.4651,
FD004,134,61,13.101,
FD004,134,62,14.8223,
FD004,134,63,15.0151,
FD004,134,64,13.9485,
FD004,134,65,13.6148,
FD004,134,66,9.3648,
FD004,134,67,10.4615,
FD004,134,68,11.6362,
FD004,134,69,9.1984,
FD004,134,70,7.1581,
FD004,134,71,6.5222,
FD004,134,72,6.397,
FD004,134,73,5.0682,
FD004,134,74,5.1718,
FD004,134,75,5.0661,
FD004,134,76,4.0871,
FD004,134,77,6.1449,
FD004,134,78,4.2013,
FD004,134,79,4.5508,
FD004,134,80,7.6846,
FD004,134,81,8.8286,
FD004,134,82,11.9327,
FD004,134,83,11.1098,
FD004,134,84,11.8423,
FD004,134,85,8.9956,
FD004,134,86,8.4016,
FD004,134,87,6.6975,
FD004,134,88,6.6152,
FD004,134,89,4.38,
FD004,134,90,5.1924,
FD004,134,91,5.1625,
FD004,134,92,5.5066,
FD004,134,93,7.9669,
FD004,134,94,7.8052,
FD004,134,95,8.2619,
FD004,134,96,9.4752,
FD004,134,97,7.2843,
FD004,134,98,6.4469,
FD004,134,99,7.3704,
FD004,134,100,9.4404,
FD004,134,101,7.4716,
FD004,134,102,9.1563,
FD004,134,103,8.4624,
FD004,134,104,7.7448,
FD004,134,105,6.0469,
FD004,134,106,8.2089,
FD004,134,107,9.8551,
FD004,134,108,8.9392,
FD004,134,109,10.7138,
FD004,134,110,11.5668,
FD004,134,111,11.9562,
FD004,134,112,10.0852,
FD004,134,113,8.5305,
FD004,134,114,9.8459,
FD004,134,115,9.4796,
FD004,134,116,10.0438,
FD004,134,117,11.2373,
FD004,134,118,14.7341,
FD004,134,119,17.8694,
FD004,134,120,18.4811,
FD004,134,121,15.5595,
FD004,134,122,14.723,
FD004,134,123,14.4214,
FD004,134,124,15.2577,
FD004,134,125,16.2543,
FD004,134,126,13.7633,
FD004,134,127,14.8941,
FD004,134,128,11.7349,
FD004,134,129,11.2703,
FD004,134,130,9.438,
FD004,134,131,7.7802,
FD004,134,132,7.5642,
FD004,134,133,8.0671,
FD004,134,134,7.6471,
FD004,134,135,6.9311,
FD004,134,136,6.4592,
FD004,134,137,7.8887,
FD004,134,138,6.2601,
FD004,134,139,8.1358,
FD004,134,140,8.0938,
FD004,134,141,6.8544,
FD004,134,142,11.1939,
FD004,134,143,10.5752,
FD004,134,144,9.1177,
FD004,134,145,11.2595,
FD004,134,146,8.245,
FD004,134,147,6.6338,
FD004,134,148,7.0086,
FD004,134,149,6.9455,
FD004,134,150,5.8443,
FD004,134,151,7.9957,
FD004,134,152,7.0054,
FD004,134,153,7.6587,
FD004,134,154,7.7097,
FD004,134,155,6.1445,
FD004,134,156,7.2931,
FD004,134,157,7.2357,
FD004,134,158,6.9818,
FD004,134,159,6.7466,
FD004,134,160,6.6785,
FD004,134,161,8.5838,
FD004,134,162,10.2351,
FD004,134,163,7.271,
FD004,134,164,7.9242,
FD004,134,165,8.6731,
FD004,134,166,9.8974,
FD004,134,167,11.0296,
FD004,134,168,10.5508,
FD004,134,169,7.59,
FD004,134,170,7.1898,
FD004,134,171,7.2765,
FD004,134,172,8.7336,
FD004,134,173,8.2483,
FD004,134,174,10.968,
FD004,134,175,8.8702,
FD004,134,176,7.004,
FD004,134,177,6.8156,
FD004,134,178,7.5292,
FD004,134,179,7.0455,
FD004,134,180,7.9221,
FD004,134,181,12.4653,
FD004,134,182,8.4633,
FD004,134,183,7.967,
FD004,134,184,7.8425,
FD004,134,185,8.8427,
FD004,134,186,8.6006,
FD004,134,187,7.1353,
FD004,134,188,8.2433,
FD004,134,189,7.9495,
FD004,134,190,8.8999,
FD004,134,191,8.06,
FD004,134,192,9.8155,
FD004,134,193,11.3712,
FD004,134,194,9.3074,
FD004,134,195,9.2751,
FD004,134,196,13.3378,
FD004,134,197,12.754,
FD004,134,198,14.0142,
FD004,134,199,10.0201,
FD004,134,200,9.7153,
FD004,134,201,9.2791,
FD004,134,202,8.0711,
FD004,134,203,7.0959,
FD004,134,204,7.0255,
FD004,134,205,6.1672,
FD004,134,206,6.3118,
FD004,134,207,6.3257,
FD004,134,208,6.5076,
FD004,134,209,7.9049,
FD004,134,210,8.5616,
FD004,134,211,7.9028,
FD004,134,212,6.807,
FD004,134,213,6.5543,
FD004,134,214,7.496,
FD004,134,215,7.4323,
FD004,134,216,7.7986,
FD004,134,217,7.0997,
FD004,134,218,8.7806,
FD004,134,219,7.6791,
FD004,134,220,9.1596,
FD004,134,221,9.6602,
FD004,134,222,10.0706,
FD004,134,223,8.4587,
FD004,134,224,7.7864,
FD004,134,225,8.1994,
FD004,134,226,7.2887,
FD004,134,227,8.6571,
FD004,134,228,8.5513,
FD004,134,229,8.7142,
FD004,134,230,8.9124,
FD004,134,231,9.1673,
FD004,134,232,9.5125,
FD004,134,233,9.6581,
FD004,134,234,11.148,
FD004,134,235,15.0873,
FD004,134,236,15.4561,
FD004,134,237,15.6617,
FD004,134,238,14.4754,
FD004,134,239,10.2021,
FD004,134,240,7.3302,
FD004,134,241,6.481,
FD004,134,242,7.1815,
FD004,134,243,10.745,
FD004,134,244,11.1683,
FD004,134,245,7.9622,
FD004,134,246,6.4072,
FD004,134,247,6.6506,
FD004,134,248,6.7349,
FD004,134,249,6.7588,
FD004,134,250,11.3872,
FD004,134,251,9.4223,
FD004,134,252,8.5423,
FD004,134,253,8.3551,
FD004,134,254,8.6929,
FD004,134,255,13.007,
FD004,134,256,15.6343,
FD004,134,257,10.0965,
FD004,134,258,10.8104,
FD004,134,259,12.4803,
FD004,134,260,7.3298,
FD004,134,261,6.5028,
FD004,134,262,6.7762,
FD004,134,263,7.9793,
FD004,134,264,9.1272,
FD004,134,265,11.4496,
FD004,134,266,8.7667,
FD004,135,1,0.0,
FD004,135,2,0.0,
FD004,135,3,0.0,
FD004,135,4,0.0,
FD004,135,5,0.0,
FD004,135,6,0.0,
FD004,135,7,0.0,
FD004,135,8,0.0,
FD004,135,9,0.0,
FD004,135,10,0.0,
FD004,135,11,0.0,
FD004,135,12,0.0,
FD004,135,13,0.0,
FD004,135,14,0.0,
FD004,135,15,0.0,
FD004,135,16,0.0,
FD004,135,17,0.0,
FD004,135,18,0.0,
FD004,135,19,0.0,
FD004,135,20,0.0,
FD004,135,21,0.0,
FD004,135,22,0.0,
FD004,135,23,0.0,
FD004,135,24,0.0,
FD004,135,25,0.0,
FD004,135,26,0.0,
FD004,135,27,0.0,
FD004,135,28,0.0,
FD004,135,29,0.0,
FD004,135,30,0.0,
FD004,135,31,0.0,
FD004,135,32,0.0,
FD004,135,33,0.0,
FD004,135,34,0.0,
FD004,135,35,0.0,
FD004,135,36,0.0,
FD004,135,37,0.0,
FD004,135,38,0.0,
FD004,135,39,0.0,
FD004,135,40,0.0,
FD004,135,41,0.0,
FD004,135,42,0.0,
FD004,135,43,0.0,
FD004,135,44,0.0,
FD004,135,45,0.0,
FD004,135,46,0.0,
FD004,135,47,0.0,
FD004,135,48,0.0,
FD004,135,49,0.0,
FD004,135,50,10.9958,
FD004,135,51,8.1166,
FD004,135,52,10.26,
FD004,135,53,10.3472,
FD004,135,54,11.7781,
FD004,135,55,7.5664,
FD004,135,56,7.4925,
FD004,135,57,6.1845,
FD004,135,58,9.6517,
FD004,135,59,9.1893,
FD004,135,60,10.9455,
FD004,135,61,9.6866,
FD004,135,62,9.6115,
FD004,135,63,5.4528,
FD004,135,64,5.9015,
FD004,135,65,9.1106,
FD004,135,66,9.9202,
FD004,135,67,9.3103,
FD004,135,68,9.7459,
FD004,135,69,10.2174,
FD004,135,70,10.7087,
FD004,135,71,11.4272,
FD004,135,72,7.9889,
FD004,135,73,8.0323,
FD004,135,74,8.1638,
FD004,135,75,7.6488,
FD004,135,76,7.1974,
FD004,135,77,8.4479,
FD004,135,78,7.149,
FD004,135,79,8.1127,
FD004,135,80,12.5088,
FD004,135,81,10.9649,
FD004,135,82,11.7797,
FD004,135,83,12.5368,
FD004,135,84,13.375,
FD004,135,85,13.088,
FD004,135,86,12.8429,
FD004,135,87,11.4762,
FD004,135,88,9.9807,
FD004,135,89,9.6851,
FD004,135,90,8.177,
FD004,135,91,8.0344,
FD004,135,92,10.4641,
FD004,135,93,6.7791,
FD004,135,94,7.1416,
FD004,135,95,7.5718,
FD004,135,96,8.0094,
FD004,135,97,7.6628,
FD004,135,98,6.8398,
FD004,135,99,9.9103,
FD004,135,100,10.4325,
FD004,135,101,7.2583,
FD004,135,102,7.7623,
FD004,135,103,8.9081,
FD004,135,104,8.4366,
FD004,135,105,8.1877,
FD004,135,106,8.8303,
FD004,135,107,8.054,
FD004,135,108,10.8715,
FD004,135,109,9.113,
FD004,135,110,10.6717,
FD004,135,111,10.5491,
FD004,135,112,14.4368,
FD004,135,113,9.2403,
FD004,135,114,9.1912,
FD004,135,115,10.6462,
FD004,135,116,12.9045,
FD004,135,117,13.128,
FD004,135,118,14.3952,
FD004,135,119,16.5924,
FD004,135,120,13.6654,
FD004,135,121,16.4285,
FD004,135,122,15.442,
FD004,135,123,17.3792,
FD004,135,124,14.1422,
FD004,135,125,12.4961,
FD004,135,126,14.9377,
FD004,135,127,14.0217,
FD004,135,128,11.8212,
FD004,135,129,11.3622,
FD004,135,130,15.1774,
FD004,135,131,15.2701,
FD004,135,132,13.5307,
FD004,135,133,14.9736,
FD004,135,134,14.9994,
FD004,135,135,11.896,
FD004,135,136,13.5092,
FD004,135,137,11.8991,
FD004,135,138,11.0938,
FD004,135,139,10.6168,
FD004,135,140,10.3794,
FD004,135,141,9.5121,
FD004,135,142,9.7585,
FD004,135,143,6.9606,
FD004,135,144,8.1211,
FD004,135,145,7.5316,
FD004,135,146,8.7227,
FD004,135,147,10.0747,
FD004,135,148,8.8904,
FD004,135,149,9.088,
FD004,135,150,9.4038,
FD004,135,151,9.8937,
FD004,135,152,10.0979,
FD004,135,153,10.634,
FD004,135,154,11.1467,
FD004,135,155,10.9348,
FD004,135,156,11.8673,
FD004,135,157,11.7877,
FD004,135,158,14.9336,
FD004,135,159,14.4736,
FD004,135,160,13.6709,
FD004,135,161,14.2437,
FD004,135,162,12.7474,
FD004,135,163,12.3938,
FD004,135,164,8.7713,
FD004,135,165,11.7004,
FD004,135,166,11.4243,
FD004,135,167,12.0629,
FD004,135,168,10.1994,
FD004,135,169,10.9432,
FD004,135,170,7.8566,
FD004,135,171,12.1498,
FD004,135,172,9.5722,
FD004,135,173,11.6703,
FD004,135,174,12.3088,
FD004,135,175,12.9246,
FD004,135,176,16.9058,
FD004,135,177,15.4333,
FD004,135,178,12.57,
FD004,135,179,9.926,
FD004,135,180,11.1596,
FD004,135,181,11.4998,
FD004,135,182,10.0475,
FD004,135,183,12.2242,
FD004,135,184,11.2281,
FD004,135,185,10.8599,
FD004,135,186,10.4065,
FD004,135,187,9.3202,
FD004,135,188,11.2052,
FD004,135,189,11.2832,
FD004,135,190,10.3928,
FD004,135,191,10.8792,
FD004,135,192,9.8841,
FD004,135,193,10.2289,
FD004,135,194,12.6868,
FD004,135,195,9.4288,
FD004,135,196,10.3674,
FD004,135,197,11.0819,
FD004,135,198,10.0617,
FD004,135,199,11.2652,
FD004,135,200,10.5156,
FD004,135,201,9.6187,
FD004,135,202,11.5342,
FD004,135,203,12.8969,
FD004,135,204,10.8938,
FD004,135,205,10.0941,
FD004,135,206,11.8135,
FD004,135,207,10.2644,
FD004,135,208,11.1865,
FD004,135,209,11.7256,
FD004,135,210,11.7621,
FD004,135,211,14.3145,
FD004,135,212,12.974,
FD004,135,213,12.4811,
FD004,135,214,15.5704,
FD004,135,215,13.6889,
FD004,135,216,10.1218,
FD004,135,217,8.5089,
FD004,135,218,9.1589,
FD004,135,219,8.9323,
FD004,135,220,7.267,
FD004,135,221,7.0407,
FD004,135,222,7.4427,
FD004,135,223,10.1309,
FD004,135,224,9.0596,
FD004,135,225,9.1237,
FD004,135,226,9.1594,
FD004,135,227,10.3558,
FD004,135,228,11.1612,
FD004,135,229,10.8187,
FD004,135,230,11.7589,
FD004,135,231,10.6173,
FD004,135,232,9.403,
FD004,135,233,9.0819,
FD004,135,234,7.7407,
FD004,135,235,6.053,
FD004,135,236,9.3233,
FD004,135,237,8.4506,
FD004,135,238,7.9792,
FD004,135,239,8.953,
FD004,135,240,13.4696,
FD004,135,241,11.6752,
FD004,135,242,14.8,
FD004,135,243,17.3986,
FD004,135,244,20.1176,
FD004,135,245,18.343,
FD004,135,246,17.4635,
FD004,135,247,16.6336,
FD004,135,248,17.1974,
FD004,135,249,14.6531,
FD004,135,250,13.9312,
FD004,135,251,12.0676,
FD004,135,252,12.6939,
FD004,135,253,11.792,
FD004,135,254,9.7123,
FD004,135,255,10.3664,
FD004,135,256,16.0069,
FD004,135,257,16.1109,
FD004,135,258,16.5923,
FD004,135,259,17.7639,
FD004,135,260,16.3563,
FD004,135,261,19.1256,
FD004,135,262,18.8972,
FD004,135,263,19.58,
FD004,135,264,15.0396,
FD004,135,265,10.3722,
FD004,135,266,11.1516,
FD004,135,267,11.6772,
FD004,135,268,10.348,
FD004,135,269,13.585,
FD004,135,270,10.2118,
FD004,135,271,12.1486,
FD004,135,272,12.9656,
FD004,135,273,12.3046,
FD004,135,274,12.3118,
FD004,135,275,12.3885,
FD004,135,276,11.4414,
FD004,135,277,9.4617,
FD004,135,278,11.2415,
FD004,135,279,10.4455,
FD004,135,280,9.5459,
FD004,135,281,10.7224,
FD004,135,282,8.5468,
FD004,135,283,6.5713,
FD004,135,284,6.9044,
FD004,135,285,8.3627,
FD004,135,286,9.1016,
FD004,135,287,8.1741,
FD004,135,288,9.6254,
FD004,135,289,9.6107,
FD004,135,290,10.9888,
FD004,135,291,10.1378,
FD004,135,292,10.0243,
FD004,135,293,10.3208,
FD004,135,294,10.8557,
FD004,135,295,9.4213,
FD004,135,296,10.2631,
FD004,135,297,10.8046,
FD004,135,298,10.9527,
FD004,135,299,9.7838,
FD004,135,300,13.524,
FD004,135,301,14.1138,
FD004,135,302,13.5122,
FD004,135,303,14.9911,
FD004,135,304,8.8548,
FD004,135,305,7.8501,
FD004,135,306,7.5426,
FD004,135,307,7.7373,
FD004,135,308,7.5302,
FD004,135,309,7.4373,
FD004,135,310,6.8275,
FD004,135,311,7.8862,
FD004,135,312,9.2701,
FD004,135,313,11.9861,
FD004,135,314,10.6323,
FD004,135,315,11.5757,
FD004,135,316,9.8984,
FD004,135,317,9.9399,
FD004,135,318,9.4824,
FD004,135,319,7.981,
FD004,135,320,7.3462,
FD004,135,321,7.1294,
FD004,135,322,6.8562,
FD004,135,323,8.1889,
FD004,135,324,7.7992,
FD004,135,325,7.6288,
FD004,135,326,7.0393,
FD004,135,327,7.7474,
FD004,135,328,7.1374,
FD004,135,329,6.6825,
FD004,135,330,6.6832,
FD004,135,331,7.4029,
FD004,135,332,6.0789,
FD004,135,333,6.2305,
FD004,135,334,5.5577,
FD004,135,335,5.7963,
FD004,135,336,5.9659,
FD004,135,337,5.9199,
FD004,135,338,5.5824,
FD004,135,339,5.5178,
FD004,135,340,5.6562,
FD004,135,341,8.6153,
FD004,135,342,9.968,
FD004,135,343,11.6826,
FD004,135,344,14.07,
FD004,135,345,14.4367,
FD004,135,346,15.4269,
FD004,135,347,12.4328,
FD004,135,348,9.1347,
FD004,135,349,11.4913,
FD004,135,350,8.5601,
FD004,135,351,9.2998,
FD004,135,352,8.6025,
FD004,135,353,9.0926,
FD004,135,354,8.2,
FD004,135,355,7.5169,
FD004,135,356,6.8274,
FD004,135,357,6.1294,
FD004,135,358,6.239,
FD004,135,359,9.7558,
FD004,135,360,7.0926,
FD004,135,361,9.6775,
FD004,135,362,7.3419,
FD004,135,363,7.3553,
FD004,135,364,8.4889,
FD004,135,365,8.7171,
FD004,135,366,12.4114,
FD004,135,367,13.0473,
FD004,135,368,9.2327,
FD004,135,369,7.6965,
FD004,135,370,7.8648,
FD004,135,371,8.0717,
FD004,135,372,9.3346,
FD004,135,373,10.0958,
FD004,135,374,9.633,
FD004,135,375,11.6956,
FD004,135,376,12.2566,
FD004,135,377,10.8321,
FD004,135,378,10.8771,
FD004,135,379,10.703,
FD004,135,380,9.0195,
FD004,135,381,9.306,
FD004,135,382,8.6223,
FD004,135,383,8.3884,
FD004,135,384,8.6795,
FD004,135,385,9.1022,
FD004,135,386,9.969,
FD004,135,387,8.824,
FD004,135,388,8.5809,
FD004,135,389,8.8623,
FD004,135,390,8.4778,
FD004,135,391,8.6108,
FD004,135,392,9.3252,
FD004,135,393,9.3074,
FD004,135,394,8.7246,
FD004,135,395,8.2312,
FD004,135,396,7.0051,
FD004,135,397,7.447,
FD004,135,398,6.4819,
FD004,135,399,6.8666,
FD004,135,400,7.1654,
FD004,135,401,7.9406,
FD004,135,402,7.5855,
FD004,135,403,8.4293,
FD004,135,404,9.719,
FD004,135,405,10.9813,
FD004,135,406,7.9926,
FD004,135,407,8.7441,
FD004,135,408,10.9313,
FD004,135,409,9.9933,
FD004,135,410,9.6281,
FD004,135,411,10.3107,
FD004,135,412,12.8963,
FD004,135,413,10.507,
FD004,135,414,9.6524,
FD004,135,415,7.867,
FD004,135,416,8.3561,
FD004,135,417,9.0711,
FD004,135,418,11.6325,
FD004,135,419,11.2386,
FD004,135,420,12.4147,
FD004,135,421,11.3681,
FD004,135,422,11.7623,
FD004,135,423,9.5213,
FD004,135,424,10.3962,
FD004,135,425,8.4005,
FD004,135,426,8.3293,
FD004,135,427,8.0163,
FD004,135,428,7.7425,
FD004,135,429,8.9537,
FD004,135,430,9.8385,
FD004,135,431,10.3695,
FD004,135,432,11.0591,
FD004,135,433,11.4973,
FD004,135,434,12.1505,
FD004,135,435,9.2117,
FD004,136,1,0.0,
FD004,136,2,0.0,
FD004,136,3,0.0,
FD004,136,4,0.0,
FD004,136,5,0.0,
FD004,136,6,0.0,
FD004,136,7,0.0,
FD004,136,8,0.0,
FD004,136,9,0.0,
FD004,136,10,0.0,
FD004,136,11,0.0,
FD004,136,12,0.0,
FD004,136,13,0.0,
FD004,136,14,0.0,
FD004,136,15,0.0,
FD004,136,16,0.0,
FD004,136,17,0.0,
FD004,136,18,0.0,
FD004,136,19,0.0,
FD004,136,20,0.0,
FD004,136,21,0.0,
FD004,136,22,0.0,
FD004,136,23,0.0,
FD004,136,24,0.0,
FD004,136,25,0.0,
FD004,136,26,0.0,
FD004,136,27,0.0,
FD004,136,28,0.0,
FD004,136,29,0.0,
FD004,136,30,0.0,
FD004,136,31,0.0,
FD004,136,32,0.0,
FD004,136,33,0.0,
FD004,136,34,0.0,
FD004,136,35,0.0,
FD004,136,36,0.0,
FD004,136,37,0.0,
FD004,136,38,0.0,
FD004,136,39,0.0,
FD004,136,40,0.0,
FD004,136,41,0.0,
FD004,136,42,0.0,
FD004,136,43,0.0,
FD004,136,44,0.0,
FD004,136,45,0.0,
FD004,136,46,0.0,
FD004,136,47,0.0,
FD004,136,48,0.0,
FD004,136,49,0.0,
FD004,136,50,9.6252,
FD004,136,51,7.6312,
FD004,136,52,7.3009,
FD004,136,53,8.7614,
FD004,136,54,9.07,
FD004,136,55,9.7507,
FD004,136,56,9.065,
FD004,137,1,0.0,
FD004,137,2,0.0,
FD004,137,3,0.0,
FD004,137,4,0.0,
FD004,137,5,0.0,
FD004,137,6,0.0,
FD004,137,7,0.0,
FD004,137,8,0.0,
FD004,137,9,0.0,
FD004,137,10,0.0,
FD004,137,11,0.0,
FD004,137,12,0.0,
FD004,137,13,0.0,
FD004,137,14,0.0,
FD004,137,15,0.0,
FD004,137,16,0.0,
FD004,137,17,0.0,
FD004,137,18,0.0,
FD004,137,19,0.0,
FD004,137,20,0.0,
FD004,137,21,0.0,
FD004,137,22,0.0,
FD004,137,23,0.0,
FD004,137,24,0.0,
FD004,137,25,0.0,
FD004,137,26,0.0,
FD004,137,27,0.0,
FD004,137,28,0.0,
FD004,137,29,0.0,
FD004,137,30,0.0,
FD004,137,31,0.0,
FD004,137,32,0.0,
FD004,137,33,0.0,
FD004,137,34,0.0,
FD004,137,35,0.0,
FD004,137,36,0.0,
FD004,137,37,0.0,
FD004,137,38,0.0,
FD004,137,39,0.0,
FD004,137,40,0.0,
FD004,137,41,0.0,
FD004,137,42,0.0,
FD004,137,43,0.0,
FD004,137,44,0.0,
FD004,137,45,0.0,
FD004,137,46,0.0,
FD004,137,47,0.0,
FD004,137,48,0.0,
FD004,137,49,0.0,
FD004,137,50,8.3949,
FD004,137,51,9.788,
FD004,137,52,10.9232,
FD004,137,53,14.2254,
FD004,137,54,17.3154,
FD004,137,55,15.4689,
FD004,137,56,15.6377,
FD004,137,57,16.3661,
FD004,137,58,17.1947,
FD004,137,59,17.0976,
FD004,137,60,16.151,
FD004,137,61,15.9283,
FD004,137,62,14.9187,
FD004,137,63,14.4089,
FD004,137,64,12.487,
FD004,137,65,11.934,
FD004,137,66,14.0953,
FD004,137,67,14.1696,
FD004,137,68,15.7818,
FD004,137,69,15.0614,
FD004,137,70,11.8691,
FD004,137,71,10.8461,
FD004,137,72,10.3053,
FD004,137,73,10.156,
FD004,137,74,8.2119,
FD004,137,75,10.1774,
FD004,137,76,9.9644,
FD004,137,77,10.9967,
FD004,137,78,9.9248,
FD004,137,79,12.7137,
FD004,137,80,10.3278,
FD004,137,81,11.801,
FD004,137,82,10.4987,
FD004,137,83,11.7659,
FD004,137,84,11.0676,
FD004,137,85,9.8071,
FD004,137,86,9.8579,
FD004,137,87,8.7182,
FD004,137,88,8.2767,
FD004,137,89,7.719,
FD004,137,90,8.0282,
FD004,137,91,12.0525,
FD004,137,92,9.1958,
FD004,137,93,13.2079,
FD004,137,94,8.7913,
FD004,137,95,9.4511,
FD004,137,96,8.4167,
FD004,137,97,7.2462,
FD004,137,98,8.3515,
FD004,137,99,8.1551,
FD004,137,100,8.0684,
FD004,137,101,8.3539,
FD004,137,102,7.6543,
FD004,137,103,11.5263,
FD004,137,104,9.7608,
FD004,137,105,12.5275,
FD004,137,106,12.6994,
FD004,137,107,9.1576,
FD004,137,108,10.1919,
FD004,137,109,11.245,
FD004,137,110,9.0988,
FD004,137,111,10.15,
FD004,137,112,9.1228,
FD004,137,113,10.2679,
FD004,137,114,8.1693,
FD004,137,115,9.8491,
FD004,137,116,11.8669,
FD004,137,117,13.7154,
FD004,137,118,14.6974,
FD004,137,119,13.4703,
FD004,137,120,14.8717,
FD004,137,121,9.2773,
FD004,137,122,10.3473,
FD004,137,123,9.758,
FD004,137,124,8.2802,
FD004,137,125,9.9041,
FD004,137,126,10.0862,
FD004,137,127,9.4571,
FD004,137,128,9.2226,
FD004,137,129,9.4766,
FD004,137,130,15.4555,
FD004,137,131,14.3799,
FD004,137,132,14.9417,
FD004,137,133,13.7188,
FD004,137,134,18.4629,
FD004,137,135,15.4449,
FD004,137,136,15.7872,
FD004,137,137,12.8527,
FD004,137,138,11.6769,
FD004,137,139,8.2992,
FD004,137,140,9.56,
FD004,137,141,9.4406,
FD004,137,142,9.2743,
FD004,137,143,11.0855,
FD004,137,144,9.9871,
FD004,137,145,7.5011,
FD004,137,146,7.4804,
FD004,137,147,7.8593,
FD004,137,148,7.5707,
FD004,137,149,8.5624,
FD004,137,150,8.0063,
FD004,137,151,9.7036,
FD004,137,152,10.59,
FD004,137,153,10.5601,
FD004,137,154,9.731,
FD004,137,155,10.5374,
FD004,137,156,9.2487,
FD004,137,157,8.4636,
FD004,137,158,6.9045,
FD004,137,159,9.4729,
FD004,137,160,9.9235,
FD004,137,161,9.3773,
FD004,137,162,8.7528,
FD004,137,163,10.9625,
FD004,137,164,10.9193,
FD004,137,165,11.0093,
FD004,137,166,12.0152,
FD004,137,167,11.0298,
FD004,137,168,10.1705,
FD004,137,169,9.8523,
FD004,137,170,9.1313,
FD004,137,171,9.2368,
FD004,137,172,10.2744,
FD004,137,173,11.4691,
FD004,137,174,13.3512,
FD004,137,175,18.0561,
FD004,137,176,13.4102,
FD004,137,177,15.4398,
FD004,137,178,17.9215,
FD004,137,179,13.981,
FD004,137,180,16.5685,
FD004,137,181,12.1258,
FD004,137,182,12.4512,
FD004,137,183,11.6408,
FD004,137,184,11.7996,
FD004,137,185,9.8215,
FD004,137,186,10.0723,
FD004,137,187,10.1637,
FD004,137,188,9.8228,
FD004,137,189,9.3123,
FD004,137,190,9.3954,
FD004,137,191,9.8913,
FD004,137,192,9.4825,
FD004,137,193,11.6824,
FD004,137,194,9.4622,
FD004,137,195,6.7103,
FD004,137,196,6.9223,
FD004,137,197,7.6229,
FD004,137,198,11.1499,
FD004,137,199,15.2206,
FD004,137,200,14.2888,
FD004,137,201,13.2755,
FD004,137,202,14.406,
FD004,137,203,15.3439,
FD004,137,204,16.0593,
FD004,137,205,14.0393,
FD004,137,206,13.6711,
FD004,137,207,21.8694,
FD004,137,208,25.0126,
FD004,137,209,14.7322,
FD004,137,210,14.2695,
FD004,137,211,12.1675,
FD004,137,212,12.4009,
FD004,137,213,7.3238,
FD004,137,214,10.8241,
FD004,137,215,8.1602,
FD004,137,216,10.535,
FD004,137,217,10.1257,
FD004,137,218,9.9714,
FD004,137,219,9.5809,
FD004,137,220,10.1195,
FD004,137,221,8.5724,
FD004,137,222,8.642,
FD004,137,223,12.7685,
FD004,137,224,14.2454,
FD004,137,225,17.991,
FD004,137,226,11.4728,
FD004,137,227,10.039,
FD004,137,228,10.072,
FD004,137,229,11.1735,
FD004,137,230,10.3066,
FD004,137,231,11.5733,
FD004,137,232,11.7972,
FD004,137,233,10.595,
FD004,137,234,12.5779,
FD004,137,235,9.923,
FD004,137,236,8.1748,
FD004,137,237,10.7851,
FD004,137,238,8.6543,
FD004,137,239,12.0261,
FD004,137,240,10.1799,
FD004,137,241,9.3004,
FD004,137,242,9.8382,
FD004,137,243,10.7237,
FD004,137,244,10.7082,
FD004,137,245,13.3523,
FD004,137,246,13.2131,
FD004,137,247,14.2006,
FD004,137,248,14.347,
FD004,137,249,13.3738,
FD004,137,250,15.7435,
FD004,137,251,14.7677,
FD004,137,252,12.8024,
FD004,137,253,12.0934,
FD004,137,254,13.1572,
FD004,137,255,13.7018,
FD004,137,256,13.091,
FD004,137,257,11.4495,
FD004,137,258,11.482,
FD004,137,259,12.0575,
FD004,137,260,13.2295,
FD004,137,261,15.213,
FD004,137,262,12.9605,
FD004,137,263,13.7046,
FD004,137,264,14.8756,
FD004,137,265,14.9721,
FD004,137,266,11.1787,
FD004,137,267,9.2756,
FD004,137,268,10.1064,
FD004,137,269,9.4148,
FD004,137,270,9.5564,
FD004,137,271,8.2904,
FD004,137,272,8.4074,
FD004,137,273,7.2805,
FD004,137,274,6.7448,
FD004,137,275,8.2236,
FD004,137,276,8.8464,
FD004,137,277,13.782,
FD004,137,278,13.1773,
FD004,137,279,9.6205,
FD004,137,280,9.8489,
FD004,137,281,10.4909,
FD004,137,282,11.7169,
FD004,137,283,11.9257,
FD004,137,284,11.2602,
FD004,137,285,11.1558,
FD004,137,286,13.4717,
FD004,137,287,17.1123,
FD004,137,288,14.277,
FD004,137,289,14.7055,
FD004,137,290,12.6884,
FD004,137,291,13.7086,
FD004,138,1,0.0,
FD004,138,2,0.0,
FD004,138,3,0.0,
FD004,138,4,0.0,
FD004,138,5,0.0,
FD004,138,6,0.0,
FD004,138,7,0.0,
FD004,138,8,0.0,
FD004,138,9,0.0,
FD004,138,10,0.0,
FD004,138,11,0.0,
FD004,138,12,0.0,
FD004,138,13,0.0,
FD004,138,14,0.0,
FD004,138,15,0.0,
FD004,138,16,0.0,
FD004,138,17,0.0,
FD004,138,18,0.0,
FD004,138,19,0.0,
FD004,138,20,0.0,
FD004,138,21,0.0,
FD004,138,22,0.0,
FD004,138,23,0.0,
FD004,138,24,0.0,
FD004,138,25,0.0,
FD004,138,26,0.0,
FD004,138,27,0.0,
FD004,138,28,0.0,
FD004,138,29,0.0,
FD004,138,30,0.0,
FD004,138,31,0.0,
FD004,138,32,0.0,
FD004,138,33,0.0,
FD004,138,34,0.0,
FD004,138,35,0.0,
FD004,138,36,0.0,
FD004,138,37,0.0,
FD004,138,38,0.0,
FD004,138,39,0.0,
FD004,138,40,0.0,
FD004,138,41,0.0,
FD004,138,42,0.0,
FD004,138,43,0.0,
FD004,138,44,0.0,
FD004,138,45,0.0,
FD004,138,46,0.0,
FD004,138,47,0.0,
FD004,138,48,0.0,
FD004,138,49,0.0,
FD004,138,50,7.2785,
FD004,138,51,10.6727,
FD004,138,52,9.198,
FD004,138,53,9.9635,
FD004,138,54,11.8721,
FD004,138,55,12.1953,
FD004,138,56,11.8088,
FD004,138,57,12.0471,
FD004,138,58,11.66,
FD004,138,59,11.3162,
FD004,138,60,10.6806,
FD004,138,61,9.2098,
FD004,138,62,9.7089,
FD004,138,63,7.7331,
FD004,138,64,9.4637,
FD004,138,65,10.2477,
FD004,138,66,6.9786,
FD004,138,67,6.0448,
FD004,138,68,8.2892,
FD004,138,69,7.3689,
FD004,138,70,7.3096,
FD004,138,71,6.7881,
FD004,138,72,7.2085,
FD004,138,73,7.8079,
FD004,138,74,8.9707,
FD004,138,75,9.2461,
FD004,138,76,10.4093,
FD004,138,77,6.1059,
FD004,138,78,6.203,
FD004,138,79,7.2758,
FD004,138,80,7.6596,
FD004,138,81,7.6373,
FD004,138,82,8.2827,
FD004,138,83,11.75,
FD004,138,84,14.3704,
FD004,138,85,13.6016,
FD004,138,86,14.4904,
FD004,138,87,12.8816,
FD004,138,88,9.5254,
FD004,138,89,16.2775,
FD004,138,90,16.2544,
FD004,138,91,14.2272,
FD004,138,92,14.4016,
FD004,138,93,15.4787,
FD004,138,94,14.2096,
FD004,138,95,14.9685,
FD004,138,96,9.7845,
FD004,138,97,10.2576,
FD004,138,98,9.4698,
FD004,138,99,9.8654,
FD004,138,100,10.4007,
FD004,138,101,10.3986,
FD004,138,102,9.6883,
FD004,138,103,9.9583,
FD004,138,104,8.3291,
FD004,138,105,14.4343,
FD004,138,106,12.1181,
FD004,138,107,11.7775,
FD004,138,108,19.3553,
FD004,138,109,14.1368,
FD004,138,110,12.017,
FD004,138,111,11.1981,
FD004,138,112,8.3612,
FD004,138,113,7.5718,
FD004,138,114,7.6102,
FD004,138,115,8.0824,
FD004,138,116,9.0039,
FD004,138,117,8.1804,
FD004,138,118,9.0167,
FD004,138,119,8.1629,
FD004,138,120,8.2607,
FD004,138,121,7.5288,
FD004,138,122,8.1437,
FD004,138,123,8.1612,
FD004,138,124,7.9618,
FD004,138,125,10.2784,
FD004,138,126,10.5273,
FD004,138,127,12.726,
FD004,138,128,14.9939,
FD004,138,129,12.8959,
FD004,138,130,12.3078,
FD004,138,131,11.7026,
FD004,138,132,10.2262,
FD004,138,133,9.8571,
FD004,138,134,6.8364,
FD004,138,135,12.4306,
FD004,138,136,9.4874,
FD004,138,137,7.5578,
FD004,138,138,7.1025,
FD004,138,139,7.5273,
FD004,138,140,6.0407,
FD004,138,141,7.6469,
FD004,138,142,7.2625,
FD004,138,143,7.6479,
FD004,138,144,7.2114,
FD004,138,145,7.8692,
FD004,138,146,7.1143,
FD004,138,147,7.2047,
FD004,138,148,8.2228,
FD004,138,149,9.4578,
FD004,138,150,11.0449,
FD004,138,151,9.2947,
FD004,138,152,8.3835,
FD004,138,153,12.0255,
FD004,138,154,8.9851,
FD004,138,155,9.679,
FD004,138,156,11.5545,
FD004,138,157,11.2522,
FD004,138,158,12.8853,
FD004,138,159,10.2936,
FD004,138,160,13.2504,
FD004,138,161,12.3242,
FD004,138,162,8.3975,
FD004,138,163,9.7496,
FD004,138,164,11.811,
FD004,138,165,12.7746,
FD004,138,166,13.3041,
FD004,138,167,13.9898,
FD004,138,168,10.2504,
FD004,138,169,11.825,
FD004,138,170,10.9304,
FD004,138,171,12.0428,
FD004,138,172,11.0036,
FD004,138,173,9.8909,
FD004,138,174,9.9859,
FD004,138,175,9.7179,
FD004,138,176,10.2249,
FD004,138,177,9.1606,
FD004,138,178,10.1831,
FD004,138,179,9.827,
FD004,138,180,11.4261,
FD004,138,181,6.5343,
FD004,138,182,9.7153,
FD004,138,183,9.1029,
FD004,138,184,9.9893,
FD004,138,185,8.9674,
FD004,138,186,9.0388,
FD004,138,187,7.4976,
FD004,138,188,7.3438,
FD004,138,189,6.9341,
FD004,138,190,5.9427,
FD004,138,191,7.8791,
FD004,138,192,5.5466,
FD004,138,193,5.1874,
FD004,138,194,6.382,
FD004,138,195,7.3718,
FD004,138,196,6.0397,
FD004,138,197,5.8372,
FD004,138,198,6.0537,
FD004,138,199,6.415,
FD004,138,200,6.4343,
FD004,138,201,6.7593,
FD004,138,202,6.4025,
FD004,138,203,7.4568,
FD004,138,204,6.6493,
FD004,138,205,5.904,
FD004,138,206,8.1053,
FD004,138,207,10.331,
FD004,138,208,8.9111,
FD004,138,209,9.1127,
FD004,138,210,11.9014,
FD004,138,211,10.606,
FD004,138,212,14.5388,
FD004,138,213,13.4377,
FD004,138,214,14.082,
FD004,138,215,13.4364,
FD004,138,216,13.4668,
FD004,138,217,15.1568,
FD004,138,218,15.0376,
FD004,138,219,13.5138,
FD004,138,220,21.0788,
FD004,138,221,18.556,
FD004,138,222,20.2274,
FD004,138,223,22.347,
FD004,138,224,21.2647,
FD004,138,225,18.197,
FD004,138,226,17.7003,
FD004,138,227,17.8211,
FD004,138,228,13.3492,
FD004,138,229,11.248,
FD004,138,230,14.2626,
FD004,138,231,12.4452,
FD004,138,232,9.9661,
FD004,138,233,12.7293,
FD004,138,234,9.3231,
FD004,138,235,11.0014,
FD004,138,236,10.5033,
FD004,138,237,11.0569,
FD004,138,238,10.4511,
FD004,138,239,10.6358,
FD004,139,1,0.0,
FD004,139,2,0.0,
FD004,139,3,0.0,
FD004,139,4,0.0,
FD004,139,5,0.0,
FD004,139,6,0.0,
FD004,139,7,0.0,
FD004,139,8,0.0,
FD004,139,9,0.0,
FD004,139,10,0.0,
FD004,139,11,0.0,
FD004,139,12,0.0,
FD004,139,13,0.0,
FD004,139,14,0.0,
FD004,139,15,0.0,
FD004,139,16,0.0,
FD004,139,17,0.0,
FD004,139,18,0.0,
FD004,139,19,0.0,
FD004,139,20,0.0,
FD004,139,21,0.0,
FD004,139,22,0.0,
FD004,139,23,0.0,
FD004,139,24,0.0,
FD004,139,25,0.0,
FD004,139,26,0.0,
FD004,139,27,0.0,
FD004,139,28,0.0,
FD004,139,29,0.0,
FD004,139,30,0.0,
FD004,139,31,0.0,
FD004,139,32,0.0,
FD004,139,33,0.0,
FD004,139,34,0.0,
FD004,139,35,0.0,
FD004,139,36,0.0,
FD004,139,37,0.0,
FD004,139,38,0.0,
FD004,139,39,0.0,
FD004,139,40,0.0,
FD004,139,41,0.0,
FD004,139,42,0.0,
FD004,139,43,0.0,
FD004,139,44,0.0,
FD004,139,45,0.0,
FD004,139,46,0.0,
FD004,139,47,0.0,
FD004,139,48,0.0,
FD004,139,49,0.0,
FD004,139,50,6.6004,
FD004,139,51,9.1739,
FD004,139,52,12.7321,
FD004,139,53,11.7752,
FD004,139,54,10.2789,
FD004,139,55,9.6363,
FD004,139,56,10.6603,
FD004,139,57,10.5569,
FD004,139,58,7.3666,
FD004,139,59,6.8895,
FD004,139,60,8.0346,
FD004,139,61,8.8286,
FD004,139,62,9.1941,
FD004,139,63,8.5257,
FD004,139,64,8.4716,
FD004,139,65,8.503,
FD004,139,66,7.8476,
FD004,139,67,7.4849,
FD004,139,68,6.4545,
FD004,139,69,6.968,
FD004,139,70,8.5249,
FD004,139,71,9.1747,
FD004,139,72,7.2633,
FD004,139,73,6.3891,
FD004,139,74,7.1997,
FD004,139,75,11.5971,
FD004,139,76,8.5393,
FD004,139,77,10.5636,
FD004,139,78,11.3908,
FD004,139,79,13.8721,
FD004,139,80,11.5384,
FD004,139,81,11.4129,
FD004,139,82,13.9831,
FD004,139,83,19.515,
FD004,139,84,10.4915,
FD004,139,85,10.9249,
FD004,139,86,10.5353,
FD004,139,87,12.1612,
FD004,139,88,8.0732,
FD004,140,1,0.0,
FD004,140,2,0.0,
FD004,140,3,0.0,
FD004,140,4,0.0,
FD004,140,5,0.0,
FD004,140,6,0.0,
FD004,140,7,0.0,
FD004,140,8,0.0,
FD004,140,9,0.0,
FD004,140,10,0.0,
FD004,140,11,0.0,
FD004,140,12,0.0,
FD004,140,13,0.0,
FD004,140,14,0.0,
FD004,140,15,0.0,
FD004,140,16,0.0,
FD004,140,17,0.0,
FD004,140,18,0.0,
FD004,140,19,0.0,
FD004,140,20,0.0,
FD004,140,21,0.0,
FD004,140,22,0.0,
FD004,140,23,0.0,
FD004,140,24,0.0,
FD004,140,25,0.0,
FD004,140,26,0.0,
FD004,140,27,0.0,
FD004,140,28,0.0,
FD004,140,29,0.0,
FD004,140,30,0.0,
FD004,140,31,0.0,
FD004,140,32,0.0,
FD004,140,33,0.0,
FD004,140,34,0.0,
FD004,140,35,0.0,
FD004,140,36,0.0,
FD004,140,37,0.0,
FD004,140,38,0.0,
FD004,140,39,0.0,
FD004,140,40,0.0,
FD004,140,41,0.0,
FD004,140,42,0.0,
FD004,140,43,0.0,
FD004,140,44,0.0,
FD004,140,45,0.0,
FD004,140,46,0.0,
FD004,140,47,0.0,
FD004,140,48,0.0,
FD004,140,49,0.0,
FD004,140,50,7.0383,
FD004,140,51,6.5235,
FD004,140,52,7.2081,
FD004,140,53,6.7899,
FD004,140,54,6.7537,
FD004,140,55,6.2119,
FD004,140,56,5.8346,
FD004,140,57,9.2565,
FD004,140,58,8.6835,
FD004,140,59,10.4278,
FD004,140,60,13.2527,
FD004,140,61,11.6465,
FD004,140,62,10.848,
FD004,140,63,9.3942,
FD004,140,64,9.2601,
FD004,140,65,10.394,
FD004,140,66,8.8878,
FD004,140,67,8.8238,
FD004,140,68,8.5877,
FD004,140,69,8.9044,
FD004,140,70,8.2588,
FD004,140,71,8.2052,
FD004,140,72,10.3024,
FD004,140,73,10.768,
FD004,140,74,8.7561,
FD004,140,75,12.3753,
FD004,140,76,13.5965,
FD004,140,77,10.6573,
FD004,140,78,9.4063,
FD004,140,79,7.9725,
FD004,140,80,7.9431,
FD004,140,81,8.4388,
FD004,140,82,7.2754,
FD004,140,83,7.4153,
FD004,140,84,8.4268,
FD004,140,85,8.8929,
FD004,140,86,10.3067,
FD004,140,87,10.7086,
FD004,140,88,12.0199,
FD004,140,89,11.9257,
FD004,140,90,13.5184,
FD004,140,91,7.1703,
FD004,140,92,8.5235,
FD004,140,93,8.9028,
FD004,140,94,7.9736,
FD004,140,95,8.7354,
FD004,140,96,8.7917,
FD004,140,97,8.7013,
FD004,140,98,8.764,
FD004,140,99,8.1447,
FD004,140,100,11.608,
FD004,140,101,8.7856,
FD004,140,102,9.264,
FD004,140,103,15.1382,
FD004,140,104,11.8261,
FD004,140,105,12.8968,
FD004,140,106,7.8201,
FD004,140,107,7.2781,
FD004,140,108,6.8212,
FD004,140,109,6.3092,
FD004,140,110,5.3098,
FD004,140,111,6.0618,
FD004,140,112,11.2192,
FD004,140,113,10.3035,
FD004,140,114,13.2052,
FD004,140,115,14.3699,
FD004,140,116,15.9407,
FD004,140,117,17.6496,
FD004,140,118,17.4033,
FD004,140,119,17.5798,
FD004,140,120,18.1442,
FD004,140,121,18.0453,
FD004,140,122,18.4156,
FD004,140,123,17.3932,
FD004,140,124,16.8641,
FD004,140,125,16.4256,
FD004,140,126,14.3688,
FD004,140,127,14.4261,
FD004,140,128,11.6019,
FD004,140,129,9.026,
FD004,140,130,8.457,
FD004,140,131,8.4977,
FD004,140,132,8.3888,
FD004,140,133,7.3916,
FD004,140,134,7.8769,
FD004,140,135,9.084,
FD004,140,136,10.4799,
FD004,140,137,9.5417,
FD004,140,138,6.7264,
FD004,140,139,7.894,
FD004,140,140,10.5992,
FD004,140,141,12.114,
FD004,140,142,10.1422,
FD004,140,143,13.2976,
FD004,140,144,10.0249,
FD004,140,145,10.1461,
FD004,140,146,6.56,
FD004,140,147,6.4427,
FD004,140,148,7.3715,
FD004,140,149,5.699,
FD004,140,150,10.8174,
FD004,140,151,13.0215,
FD004,140,152,15.983,
FD004,140,153,13.403,
FD004,140,154,10.7657,
FD004,140,155,13.3864,
FD004,140,156,8.2771,
FD004,140,157,10.4731,
FD004,140,158,11.0005,
FD004,140,159,12.8997,
FD004,140,160,10.7549,
FD004,141,1,0.0,
FD004,141,2,0.0,
FD004,141,3,0.0,
FD004,141,4,0.0,
FD004,141,5,0.0,
FD004,141,6,0.0,
FD004,141,7,0.0,
FD004,141,8,0.0,
FD004,141,9,0.0,
FD004,141,10,0.0,
FD004,141,11,0.0,
FD004,141,12,0.0,
FD004,141,13,0.0,
FD004,141,14,0.0,
FD004,141,15,0.0,
FD004,141,16,0.0,
FD004,141,17,0.0,
FD004,141,18,0.0,
FD004,141,19,0.0,
FD004,142,1,0.0,
FD004,142,2,0.0,
FD004,142,3,0.0,
FD004,142,4,0.0,
FD004,142,5,0.0,
FD004,142,6,0.0,
FD004,142,7,0.0,
FD004,142,8,0.0,
FD004,142,9,0.0,
FD004,142,10,0.0,
FD004,142,11,0.0,
FD004,142,12,0.0,
FD004,142,13,0.0,
FD004,142,14,0.0,
FD004,142,15,0.0,
FD004,142,16,0.0,
FD004,142,17,0.0,
FD004,142,18,0.0,
FD004,142,19,0.0,
FD004,142,20,0.0,
FD004,142,21,0.0,
FD004,142,22,0.0,
FD004,142,23,0.0,
FD004,142,24,0.0,
FD004,142,25,0.0,
FD004,142,26,0.0,
FD004,142,27,0.0,
FD004,142,28,0.0,
FD004,142,29,0.0,
FD004,142,30,0.0,
FD004,142,31,0.0,
FD004,142,32,0.0,
FD004,142,33,0.0,
FD004,142,34,0.0,
FD004,142,35,0.0,
FD004,142,36,0.0,
FD004,142,37,0.0,
FD004,142,38,0.0,
FD004,142,39,0.0,
FD004,142,40,0.0,
FD004,142,41,0.0,
FD004,142,42,0.0,
FD004,142,43,0.0,
FD004,142,44,0.0,
FD004,142,45,0.0,
FD004,142,46,0.0,
FD004,142,47,0.0,
FD004,142,48,0.0,
FD004,142,49,0.0,
FD004,142,50,11.2647,
FD004,142,51,15.0817,
FD004,142,52,7.8961,
FD004,142,53,7.8348,
FD004,142,54,6.5111,
FD004,142,55,4.0371,
FD004,142,56,5.8907,
FD004,142,57,5.7398,
FD004,142,58,5.2352,
FD004,142,59,5.0378,
FD004,142,60,6.4146,
FD004,142,61,5.2849,
FD004,142,62,7.2656,
FD004,142,63,9.4565,
FD004,142,64,8.7978,
FD004,142,65,8.5561,
FD004,142,66,7.3223,
FD004,142,67,5.8325,
FD004,142,68,7.3582,
FD004,142,69,7.2618,
FD004,143,1,0.0,
FD004,143,2,0.0,
FD004,143,3,0.0,
FD004,143,4,0.0,
FD004,143,5,0.0,
FD004,143,6,0.0,
FD004,143,7,0.0,
FD004,143,8,0.0,
FD004,143,9,0.0,
FD004,143,10,0.0,
FD004,143,11,0.0,
FD004,143,12,0.0,
FD004,143,13,0.0,
FD004,143,14,0.0,
FD004,143,15,0.0,
FD004,143,16,0.0,
FD004,143,17,0.0,
FD004,143,18,0.0,
FD004,143,19,0.0,
FD004,143,20,0.0,
FD004,143,21,0.0,
FD004,143,22,0.0,
FD004,143,23,0.0,
FD004,143,24,0.0,
FD004,143,25,0.0,
FD004,143,26,0.0,
FD004,143,27,0.0,
FD004,143,28,0.0,
FD004,143,29,0.0,
FD004,143,30,0.0,
FD004,143,31,0.0,
FD004,143,32,0.0,
FD004,143,33,0.0,
FD004,143,34,0.0,
FD004,143,35,0.0,
FD004,143,36,0.0,
FD004,143,37,0.0,
FD004,143,38,0.0,
FD004,143,39,0.0,
FD004,143,40,0.0,
FD004,143,41,0.0,
FD004,143,42,0.0,
FD004,143,43,0.0,
FD004,143,44,0.0,
FD004,143,45,0.0,
FD004,143,46,0.0,
FD004,143,47,0.0,
FD004,143,48,0.0,
FD004,143,49,0.0,
FD004,143,50,5.4376,
FD004,143,51,6.9003,
FD004,143,52,10.1864,
FD004,143,53,8.7341,
FD004,143,54,8.2911,
FD004,143,55,8.4134,
FD004,143,56,5.6012,
FD004,143,57,6.669,
FD004,143,58,6.5587,
FD004,143,59,7.4724,
FD004,143,60,6.127,
FD004,143,61,6.2835,
FD004,143,62,7.563,
FD004,143,63,10.0809,
FD004,143,64,11.4304,
FD004,143,65,10.8996,
FD004,143,66,11.7664,
FD004,143,67,10.494,
FD004,143,68,10.8035,
FD004,143,69,10.5161,
FD004,143,70,9.118,
FD004,143,71,11.024,
FD004,143,72,9.3517,
FD004,143,73,8.4051,
FD004,143,74,8.4078,
FD004,143,75,5.2257,
FD004,143,76,5.0115,
FD004,143,77,4.4884,
FD004,143,78,5.8374,
FD004,143,79,6.2445,
FD004,143,80,6.9332,
FD004,143,81,7.5557,
FD004,143,82,7.6658,
FD004,143,83,8.8157,
FD004,143,84,6.8028,
FD004,143,85,6.2941,
FD004,143,86,5.8871,
FD004,143,87,8.0377,
FD004,143,88,8.6151,
FD004,143,89,7.862,
FD004,143,90,8.6636,
FD004,143,91,6.5301,
FD004,143,92,5.934,
FD004,143,93,6.8078,
FD004,143,94,5.1883,
FD004,143,95,6.0267,
FD004,143,96,5.7926,
FD004,143,97,6.3491,
FD004,143,98,5.7522,
FD004,143,99,6.9106,
FD004,143,100,8.8014,
FD004,143,101,8.536,
FD004,143,102,5.1518,
FD004,143,103,8.2729,
FD004,143,104,10.3369,
FD004,143,105,8.6561,
FD004,143,106,12.6809,
FD004,143,107,11.9011,
FD004,143,108,11.9355,
FD004,143,109,8.8501,
FD004,143,110,9.0258,
FD004,143,111,7.4907,
FD004,143,112,5.6124,
FD004,143,113,6.4958,
FD004,143,114,4.9407,
FD004,143,115,5.8331,
FD004,143,116,5.6593,
FD004,143,117,7.375,
FD004,143,118,9.5552,
FD004,143,119,10.7498,
FD004,143,120,10.6171,
FD004,143,121,8.3635,
FD004,143,122,7.5534,
FD004,143,123,8.6713,
FD004,143,124,7.9862,
FD004,143,125,8.3347,
FD004,143,126,9.2655,
FD004,143,127,9.3041,
FD004,143,128,9.3379,
FD004,143,129,8.9179,
FD004,143,130,9.6133,
FD004,143,131,8.9674,
FD004,143,132,8.5464,
FD004,143,133,8.8446,
FD004,143,134,8.7339,
FD004,143,135,8.6289,
FD004,143,136,8.0702,
FD004,143,137,8.077,
FD004,143,138,8.5256,
FD004,143,139,8.5111,
FD004,143,140,6.085,
FD004,143,141,6.3153,
FD004,143,142,7.3997,
FD004,143,143,8.4825,
FD004,143,144,9.0094,
FD004,143,145,7.1516,
FD004,143,146,9.5565,
FD004,143,147,10.0137,
FD004,143,148,8.474,
FD004,143,149,5.8458,
FD004,143,150,6.6312,
FD004,143,151,6.9132,
FD004,143,152,9.8769,
FD004,143,153,6.8343,
FD004,143,154,8.117,
FD004,143,155,7.4529,
FD004,143,156,6.5201,
FD004,143,157,7.1362,
FD004,143,158,6.4038,
FD004,143,159,6.7123,
FD004,143,160,5.8476,
FD004,143,161,5.8541,
FD004,143,162,6.1669,
FD004,143,163,7.2614,
FD004,143,164,6.7714,
FD004,143,165,10.4401,
FD004,143,166,11.4457,
FD004,143,167,12.5892,
FD004,143,168,10.0829,
FD004,143,169,12.845,
FD004,143,170,11.4643,
FD004,143,171,12.3302,
FD004,143,172,11.1334,
FD004,143,173,13.7336,
FD004,143,174,13.1872,
FD004,143,175,9.2362,
FD004,143,176,8.5806,
FD004,143,177,7.81,
FD004,143,178,6.043,
FD004,143,179,7.3463,
FD004,143,180,8.4135,
FD004,143,181,6.2729,
FD004,143,182,8.9997,
FD004,143,183,9.3355,
FD004,143,184,14.7234,
FD004,143,185,12.1299,
FD004,143,186,10.382,
FD004,143,187,10.9078,
FD004,143,188,12.9255,
FD004,143,189,11.8381,
FD004,143,190,13.4922,
FD004,143,191,15.3574,
FD004,143,192,14.4545,
FD004,143,193,16.176,
FD004,143,194,12.2595,
FD004,143,195,11.4104,
FD004,143,196,12.3393,
FD004,143,197,16.4411,
FD004,143,198,10.0822,
FD004,143,199,7.3414,
FD004,143,200,9.3936,
FD004,143,201,9.6146,
FD004,143,202,8.6098,
FD004,143,203,8.0962,
FD004,143,204,7.1857,
FD004,143,205,5.7656,
FD004,143,206,5.1242,
FD004,143,207,5.1664,
FD004,143,208,6.9349,
FD004,143,209,7.0279,
FD004,143,210,7.4003,
FD004,143,211,8.7314,
FD004,143,212,8.3648,
FD004,143,213,9.5458,
FD004,143,214,9.1676,
FD004,143,215,8.8566,
FD004,143,216,8.9026,
FD004,143,217,8.7734,
FD004,143,218,9.2161,
FD004,143,219,7.7827,
FD004,143,220,9.8179,
FD004,143,221,9.2175,
FD004,143,222,8.3695,
FD004,143,223,9.5344,
FD004,143,224,9.0768,
FD004,143,225,9.7697,
FD004,143,226,7.9611,
FD004,143,227,8.9661,
FD004,143,228,6.773,
FD004,143,229,6.5439,
FD004,143,230,6.8386,
FD004,143,231,6.9271,
FD004,143,232,5.9764,
FD004,143,233,7.8498,
FD004,143,234,7.0924,
FD004,143,235,9.2812,
FD004,143,236,10.6304,
FD004,143,237,9.7867,
FD004,143,238,9.9743,
FD004,143,239,9.457,
FD004,143,240,9.8428,
FD004,143,241,9.4956,
FD004,143,242,9.6047,
FD004,143,243,9.9873,
FD004,143,244,10.779,
FD004,143,245,9.88,
FD004,143,246,10.2815,
FD004,143,247,9.8678,
FD004,143,248,9.4501,
FD004,143,249,9.4067,
FD004,143,250,10.1467,
FD004,143,251,10.33,
FD004,143,252,10.2448,
FD004,143,253,10.3217,
FD004,143,254,12.8217,
FD004,143,255,10.4197,
FD004,143,256,11.2052,
FD004,143,257,10.5833,
FD004,143,258,8.1502,
FD004,143,259,8.6432,
FD004,143,260,9.108,
FD004,143,261,11.0084,
FD004,143,262,10.4103,
FD004,143,263,8.8642,
FD004,143,264,9.935,
FD004,143,265,8.3337,
FD004,143,266,7.7929,
FD004,143,267,8.0588,
FD004,143,268,8.1315,
FD004,143,269,6.9369,
FD004,143,270,7.8433,
FD004,143,271,6.1034,
FD004,143,272,6.694,
FD004,143,273,9.3562,
FD004,143,274,9.455,
FD004,143,275,8.9421,
FD004,143,276,14.5317,
FD004,143,277,11.1318,
FD004,143,278,10.9381,
FD004,143,279,10.3693,
FD004,143,280,6.7402,
FD004,143,281,7.1731,
FD004,143,282,10.4225,
FD004,143,283,8.1355,
FD004,143,284,7.1647,
FD004,143,285,7.9527,
FD004,143,286,7.0198,
FD004,143,287,9.495,
FD004,143,288,11.416,
FD004,143,289,10.6017,
FD004,143,290,9.0543,
FD004,143,291,9.3651,
FD004,143,292,6.6696,
FD004,143,293,4.5305,
FD004,143,294,4.9286,
FD004,143,295,5.9075,
FD004,143,296,3.7149,
FD004,143,297,5.9177,
FD004,143,298,6.5586,
FD004,143,299,7.1343,
FD004,143,300,6.943,
FD004,143,301,7.2529,
FD004,143,302,7.4901,
FD004,143,303,7.3652,
FD004,143,304,6.8833,
FD004,143,305,7.4586,
FD004,143,306,8.7277,
FD004,143,307,9.5033,
FD004,143,308,11.721,
FD004,143,309,14.6836,
FD004,143,310,13.453,
FD004,143,311,15.4014,
FD004,143,312,12.3147,
FD004,143,313,11.9539,
FD004,143,314,14.7882,
FD004,143,315,13.9601,
FD004,143,316,14.8229,
FD004,143,317,17.2431,
FD004,143,318,8.6979,
FD004,143,319,12.8033,
FD004,143,320,13.3531,
FD004,143,321,13.2361,
FD004,143,322,13.5048,
FD004,143,323,12.4845,
FD004,143,324,8.8019,
FD004,143,325,13.5391,
FD004,143,326,13.5306,
FD004,143,327,14.5176,
FD004,144,1,0.0,
FD004,144,2,0.0,
FD004,144,3,0.0,
FD004,144,4,0.0,
FD004,144,5,0.0,
FD004,144,6,0.0,
FD004,144,7,0.0,
FD004,144,8,0.0,
FD004,144,9,0.0,
FD004,144,10,0.0,
FD004,144,11,0.0,
FD004,144,12,0.0,
FD004,144,13,0.0,
FD004,144,14,0.0,
FD004,144,15,0.0,
FD004,144,16,0.0,
FD004,144,17,0.0,
FD004,144,18,0.0,
FD004,144,19,0.0,
FD004,144,20,0.0,
FD004,144,21,0.0,
FD004,144,22,0.0,
FD004,144,23,0.0,
FD004,144,24,0.0,
FD004,144,25,0.0,
FD004,144,26,0.0,
FD004,144,27,0.0,
FD004,144,28,0.0,
FD004,144,29,0.0,
FD004,144,30,0.0,
FD004,144,31,0.0,
FD004,144,32,0.0,
FD004,144,33,0.0,
FD004,144,34,0.0,
FD004,145,1,0.0,
FD004,145,2,0.0,
FD004,145,3,0.0,
FD004,145,4,0.0,
FD004,145,5,0.0,
FD004,145,6,0.0,
FD004,145,7,0.0,
FD004,145,8,0.0,
FD004,145,9,0.0,
FD004,145,10,0.0,
FD004,145,11,0.0,
FD004,145,12,0.0,
FD004,145,13,0.0,
FD004,145,14,0.0,
FD004,145,15,0.0,
FD004,145,16,0.0,
FD004,145,17,0.0,
FD004,145,18,0.0,
FD004,145,19,0.0,
FD004,145,20,0.0,
FD004,145,21,0.0,
FD004,145,22,0.0,
FD004,145,23,0.0,
FD004,145,24,0.0,
FD004,145,25,0.0,
FD004,145,26,0.0,
FD004,145,27,0.0,
FD004,145,28,0.0,
FD004,145,29,0.0,
FD004,145,30,0.0,
FD004,145,31,0.0,
FD004,145,32,0.0,
FD004,145,33,0.0,
FD004,145,34,0.0,
FD004,145,35,0.0,
FD004,145,36,0.0,
FD004,145,37,0.0,
FD004,145,38,0.0,
FD004,145,39,0.0,
FD004,145,40,0.0,
FD004,145,41,0.0,
FD004,145,42,0.0,
FD004,145,43,0.0,
FD004,145,44,0.0,
FD004,145,45,0.0,
FD004,145,46,0.0,
FD004,145,47,0.0,
FD004,145,48,0.0,
FD004,145,49,0.0,
FD004,145,50,6.6302,
FD004,145,51,7.0179,
FD004,145,52,8.5457,
FD004,145,53,10.7535,
FD004,145,54,10.5712,
FD004,145,55,11.1849,
FD004,145,56,11.035,
FD004,145,57,11.2368,
FD004,145,58,9.5911,
FD004,145,59,10.3304,
FD004,145,60,12.031,
FD004,145,61,10.3685,
FD004,145,62,10.7889,
FD004,145,63,8.3025,
FD004,145,64,8.0354,
FD004,145,65,7.3883,
FD004,145,66,7.1941,
FD004,145,67,7.8111,
FD004,145,68,7.3293,
FD004,145,69,7.7628,
FD004,145,70,9.0313,
FD004,145,71,7.3703,
FD004,145,72,7.4343,
FD004,145,73,7.645,
FD004,145,74,7.7521,
FD004,145,75,6.2676,
FD004,145,76,6.768,
FD004,145,77,7.9554,
FD004,145,78,7.9291,
FD004,145,79,6.0915,
FD004,145,80,5.5657,
FD004,145,81,6.0562,
FD004,145,82,8.6095,
FD004,145,83,6.0589,
FD004,145,84,6.6019,
FD004,145,85,7.0818,
FD004,145,86,6.5766,
FD004,145,87,5.9263,
FD004,145,88,8.5352,
FD004,145,89,7.4084,
FD004,145,90,8.392,
FD004,145,91,10.0905,
FD004,145,92,10.6693,
FD004,145,93,13.219,
FD004,145,94,13.7573,
FD004,145,95,13.5664,
FD004,145,96,14.0366,
FD004,145,97,10.5615,
FD004,145,98,11.6656,
FD004,145,99,12.1548,
FD004,145,100,12.4077,
FD004,145,101,10.2969,
FD004,145,102,12.3583,
FD004,146,1,0.0,
FD004,146,2,0.0,
FD004,146,3,0.0,
FD004,146,4,0.0,
FD004,146,5,0.0,
FD004,146,6,0.0,
FD004,146,7,0.0,
FD004,146,8,0.0,
FD004,146,9,0.0,
FD004,146,10,0.0,
FD004,146,11,0.0,
FD004,146,12,0.0,
FD004,146,13,0.0,
FD004,146,14,0.0,
FD004,146,15,0.0,
FD004,146,16,0.0,
FD004,146,17,0.0,
FD004,146,18,0.0,
FD004,146,19,0.0,
FD004,146,20,0.0,
FD004,146,21,0.0,
FD004,146,22,0.0,
FD004,146,23,0.0,
FD004,146,24,0.0,
FD004,146,25,0.0,
FD004,146,26,0.0,
FD004,146,27,0.0,
FD004,146,28,0.0,
FD004,146,29,0.0,
FD004,146,30,0.0,
FD004,146,31,0.0,
FD004,146,32,0.0,
FD004,146,33,0.0,
FD004,146,34,0.0,
FD004,146,35,0.0,
FD004,146,36,0.0,
FD004,146,37,0.0,
FD004,146,38,0.0,
FD004,146,39,0.0,
FD004,146,40,0.0,
FD004,146,41,0.0,
FD004,146,42,0.0,
FD004,146,43,0.0,
FD004,146,44,0.0,
FD004,146,45,0.0,
FD004,146,46,0.0,
FD004,146,47,0.0,
FD004,146,48,0.0,
FD004,146,49,0.0,
FD004,146,50,14.9993,
FD004,146,51,13.3809,
FD004,146,52,13.5791,
FD004,146,53,8.6592,
FD004,146,54,10.3662,
FD004,146,55,8.7173,
FD004,146,56,9.8597,
FD004,146,57,6.3227,
FD004,146,58,7.8631,
FD004,146,59,11.5264,
FD004,146,60,10.3276,
FD004,146,61,13.5512,
FD004,146,62,9.4949,
FD004,146,63,10.6175,
FD004,146,64,10.8148,
FD004,146,65,24.873,
FD004,146,66,20.1445,
FD004,146,67,9.453,
FD004,146,68,9.4806,
FD004,146,69,8.9101,
FD004,146,70,8.2877,
FD004,146,71,8.6668,
FD004,146,72,6.7407,
FD004,146,73,6.443,
FD004,146,74,6.5012,
FD004,146,75,7.4744,
FD004,146,76,6.7885,
FD004,146,77,6.2834,
FD004,146,78,6.2652,
FD004,146,79,6.7369,
FD004,146,80,10.1323,
FD004,146,81,9.5937,
FD004,146,82,11.6205,
FD004,146,83,10.7288,
FD004,146,84,11.8617,
FD004,147,1,0.0,
FD004,147,2,0.0,
FD004,147,3,0.0,
FD004,147,4,0.0,
FD004,147,5,0.0,
FD004,147,6,0.0,
FD004,147,7,0.0,
FD004,147,8,0.0,
FD004,147,9,0.0,
FD004,147,10,0.0,
FD004,147,11,0.0,
FD004,147,12,0.0,
FD004,147,13,0.0,
FD004,147,14,0.0,
FD004,147,15,0.0,
FD004,147,16,0.0,
FD004,147,17,0.0,
FD004,147,18,0.0,
FD004,147,19,0.0,
FD004,147,20,0.0,
FD004,147,21,0.0,
FD004,147,22,0.0,
FD004,147,23,0.0,
FD004,147,24,0.0,
FD004,147,25,0.0,
FD004,147,26,0.0,
FD004,147,27,0.0,
FD004,147,28,0.0,
FD004,147,29,0.0,
FD004,147,30,0.0,
FD004,147,31,0.0,
FD004,147,32,0.0,
FD004,147,33,0.0,
FD004,147,34,0.0,
FD004,147,35,0.0,
FD004,147,36,0.0,
FD004,147,37,0.0,
FD004,147,38,0.0,
FD004,147,39,0.0,
FD004,147,40,0.0,
FD004,147,41,0.0,
FD004,147,42,0.0,
FD004,147,43,0.0,
FD004,147,44,0.0,
FD004,147,45,0.0,
FD004,147,46,0.0,
FD004,147,47,0.0,
FD004,147,48,0.0,
FD004,147,49,0.0,
FD004,147,50,7.4237,
FD004,147,51,7.9709,
FD004,147,52,7.8817,
FD004,147,53,8.3866,
FD004,147,54,9.1715,
FD004,147,55,10.2728,
FD004,147,56,9.1363,
FD004,147,57,10.0849,
FD004,147,58,11.7446,
FD004,147,59,11.0272,
FD004,147,60,9.8693,
FD004,147,61,9.9029,
FD004,147,62,9.6695,
FD004,147,63,8.3808,
FD004,147,64,7.8998,
FD004,147,65,9.2737,
FD004,147,66,6.7325,
FD004,147,67,7.5208,
FD004,147,68,8.2311,
FD004,147,69,7.6818,
FD004,147,70,10.0253,
FD004,147,71,10.7317,
FD004,147,72,11.877,
FD004,147,73,13.6014,
FD004,147,74,12.2362,
FD004,147,75,12.7022,
FD004,147,76,13.1427,
FD004,147,77,13.423,
FD004,147,78,14.773,
FD004,147,79,15.0136,
FD004,147,80,16.2149,
FD004,147,81,15.4543,
FD004,147,82,13.6932,
FD004,147,83,11.882,
FD004,147,84,13.0033,
FD004,147,85,16.66,
FD004,147,86,12.9756,
FD004,147,87,10.422,
FD004,147,88,9.7846,
FD004,147,89,9.9309,
FD004,147,90,9.8941,
FD004,147,91,9.5401,
FD004,147,92,8.697,
FD004,147,93,9.0204,
FD004,147,94,8.1594,
FD004,147,95,7.403,
FD004,147,96,10.0784,
FD004,147,97,12.3466,
FD004,147,98,13.289,
FD004,147,99,16.9984,
FD004,147,100,15.4684,
FD004,147,101,15.1146,
FD004,147,102,14.5215,
FD004,147,103,13.9462,
FD004,147,104,14.6242,
FD004,147,105,13.7977,
FD004,147,106,13.5242,
FD004,147,107,13.5811,
FD004,147,108,13.7835,
FD004,147,109,12.6676,
FD004,147,110,11.8914,
FD004,147,111,11.2495,
FD004,147,112,10.4369,
FD004,147,113,9.389,
FD004,147,114,8.9344,
FD004,147,115,8.8179,
FD004,147,116,8.3342,
FD004,148,1,0.0,
FD004,148,2,0.0,
FD004,148,3,0.0,
FD004,148,4,0.0,
FD004,148,5,0.0,
FD004,148,6,0.0,
FD004,148,7,0.0,
FD004,148,8,0.0,
FD004,148,9,0.0,
FD004,148,10,0.0,
FD004,148,11,0.0,
FD004,148,12,0.0,
FD004,148,13,0.0,
FD004,148,14,0.0,
FD004,148,15,0.0,
FD004,148,16,0.0,
FD004,148,17,0.0,
FD004,148,18,0.0,
FD004,148,19,0.0,
FD004,148,20,0.0,
FD004,148,21,0.0,
FD004,148,22,0.0,
FD004,148,23,0.0,
FD004,148,24,0.0,
FD004,148,25,0.0,
FD004,148,26,0.0,
FD004,148,27,0.0,
FD004,148,28,0.0,
FD004,148,29,0.0,
FD004,148,30,0.0,
FD004,148,31,0.0,
FD004,148,32,0.0,
FD004,148,33,0.0,
FD004,148,34,0.0,
FD004,148,35,0.0,
FD004,148,36,0.0,
FD004,148,37,0.0,
FD004,148,38,0.0,
FD004,148,39,0.0,
FD004,148,40,0.0,
FD004,148,41,0.0,
FD004,148,42,0.0,
FD004,148,43,0.0,
FD004,148,44,0.0,
FD004,148,45,0.0,
FD004,148,46,0.0,
FD004,148,47,0.0,
FD004,148,48,0.0,
FD004,148,49,0.0,
FD004,148,50,8.9313,
FD004,148,51,8.3893,
FD004,148,52,8.2813,
FD004,148,53,9.9099,
FD004,148,54,11.3067,
FD004,148,55,10.7131,
FD004,148,56,10.6543,
FD004,148,57,8.1939,
FD004,148,58,6.9858,
FD004,148,59,10.8521,
FD004,148,60,5.3036,
FD004,148,61,4.8718,
FD004,148,62,5.3307,
FD004,148,63,5.7323,
FD004,148,64,6.8187,
FD004,148,65,7.6139,
FD004,148,66,7.764,
FD004,148,67,8.0278,
FD004,148,68,7.6293,
FD004,148,69,10.6132,
FD004,148,70,10.3573,
FD004,148,71,6.9456,
FD004,148,72,9.7506,
FD004,148,73,9.4914,
FD004,148,74,9.1589,
FD004,148,75,7.5396,
FD004,148,76,6.8112,
FD004,148,77,8.3875,
FD004,148,78,8.3323,
FD004,148,79,8.1437,
FD004,148,80,6.5349,
FD004,148,81,8.0862,
FD004,148,82,7.6095,
FD004,148,83,7.2504,
FD004,148,84,7.3507,
FD004,148,85,6.6395,
FD004,148,86,5.5594,
FD004,148,87,7.2428,
FD004,148,88,5.3648,
FD004,148,89,6.8525,
FD004,148,90,5.9287,
FD004,148,91,6.4304,
FD004,148,92,5.3004,
FD004,148,93,7.6084,
FD004,148,94,7.2757,
FD004,148,95,9.4566,
FD004,148,96,10.97,
FD004,148,97,14.1314,
FD004,148,98,18.2582,
FD004,148,99,19.1329,
FD004,148,100,21.5978,
FD004,148,101,21.2951,
FD004,148,102,27.4046,
FD004,148,103,35.1321,
FD004,148,104,20.4808,
FD004,148,105,19.3125,
FD004,148,106,20.0028,
FD004,148,107,14.3042,
FD004,148,108,7.6035,
FD004,148,109,8.0947,
FD004,148,110,7.8761,
FD004,148,111,6.3453,
FD004,148,112,5.8108,
FD004,148,113,6.3647,
FD004,148,114,5.5363,
FD004,148,115,6.2002,
FD004,148,116,6.801,
FD004,148,117,6.9503,
FD004,148,118,6.9572,
FD004,148,119,5.0165,
FD004,148,120,10.185,
FD004,148,121,17.0206,
FD004,148,122,15.1865,
FD004,148,123,17.2201,
FD004,148,124,8.5237,
FD004,148,125,9.7994,
FD004,148,126,9.7992,
FD004,149,1,0.0,
FD004,149,2,0.0,
FD004,149,3,0.0,
FD004,149,4,0.0,
FD004,149,5,0.0,
FD004,149,6,0.0,
FD004,149,7,0.0,
FD004,149,8,0.0,
FD004,149,9,0.0,
FD004,149,10,0.0,
FD004,149,11,0.0,
FD004,149,12,0.0,
FD004,149,13,0.0,
FD004,149,14,0.0,
FD004,149,15,0.0,
FD004,149,16,0.0,
FD004,149,17,0.0,
FD004,149,18,0.0,
FD004,149,19,0.0,
FD004,149,20,0.0,
FD004,149,21,0.0,
FD004,149,22,0.0,
FD004,149,23,0.0,
FD004,149,24,0.0,
FD004,149,25,0.0,
FD004,149,26,0.0,
FD004,149,27,0.0,
FD004,149,28,0.0,
FD004,149,29,0.0,
FD004,149,30,0.0,
FD004,149,31,0.0,
FD004,149,32,0.0,
FD004,149,33,0.0,
FD004,149,34,0.0,
FD004,149,35,0.0,
FD004,149,36,0.0,
FD004,149,37,0.0,
FD004,149,38,0.0,
FD004,149,39,0.0,
FD004,149,40,0.0,
FD004,149,41,0.0,
FD004,149,42,0.0,
FD004,149,43,0.0,
FD004,149,44,0.0,
FD004,149,45,0.0,
FD004,149,46,0.0,
FD004,149,47,0.0,
FD004,149,48,0.0,
FD004,149,49,0.0,
FD004,149,50,11.6817,
FD004,149,51,10.0733,
FD004,149,52,13.2326,
FD004,149,53,11.1843,
FD004,149,54,9.797,
FD004,149,55,13.8172,
FD004,149,56,12.63,
FD004,149,57,10.3507,
FD004,149,58,7.7244,
FD004,149,59,13.628,
FD004,149,60,11.7683,
FD004,149,61,12.8839,
FD004,149,62,12.8069,
FD004,149,63,12.1846,
FD004,149,64,9.1802,
FD004,149,65,8.9798,
FD004,149,66,9.0219,
FD004,149,67,8.0145,
FD004,149,68,7.4974,
FD004,149,69,7.3692,
FD004,149,70,7.9846,
FD004,149,71,7.9506,
FD004,149,72,7.8089,
FD004,149,73,8.7444,
FD004,149,74,10.5077,
FD004,149,75,9.7052,
FD004,149,76,12.3757,
FD004,149,77,12.3022,
FD004,149,78,10.4003,
FD004,149,79,9.484,
FD004,149,80,10.6462,
FD004,149,81,11.4368,
FD004,149,82,12.5273,
FD004,149,83,12.3391,
FD004,149,84,12.4236,
FD004,149,85,9.8865,
FD004,149,86,9.5421,
FD004,149,87,10.3044,
FD004,149,88,10.0717,
FD004,149,89,8.9348,
FD004,149,90,7.9332,
FD004,149,91,7.5924,
FD004,149,92,7.0928,
FD004,149,93,5.9088,
FD004,149,94,9.4286,
FD004,149,95,6.7569,
FD004,149,96,6.1958,
FD004,149,97,5.5765,
FD004,149,98,5.3548,
FD004,149,99,5.9116,
FD004,149,100,7.8014,
FD004,149,101,6.6005,
FD004,149,102,6.5985,
FD004,149,103,6.5066,
FD004,149,104,6.4851,
FD004,149,105,7.0678,
FD004,149,106,8.1152,
FD004,149,107,12.9944,
FD004,149,108,11.3437,
FD004,149,109,11.0666,
FD004,149,110,11.0888,
FD004,149,111,9.7624,
FD004,149,112,8.9891,
FD004,149,113,11.9284,
FD004,149,114,8.6031,
FD004,149,115,8.5886,
FD004,149,116,8.754,
FD004,149,117,8.7501,
FD004,149,118,10.2724,
FD004,149,119,8.4988,
FD004,149,120,8.4084,
FD004,149,121,7.0852,
FD004,149,122,7.1343,
FD004,149,123,7.5361,
FD004,149,124,8.3353,
FD004,149,125,8.7643,
FD004,149,126,7.0459,
FD004,149,127,7.1716,
FD004,149,128,7.5064,
FD004,149,129,7.463,
FD004,149,130,6.6048,
FD004,149,131,9.7312,
FD004,149,132,14.523,
FD004,149,133,11.0502,
FD004,149,134,9.473,
FD004,149,135,12.3191,
FD004,149,136,8.9137,
FD004,149,137,8.3179,
FD004,149,138,5.9159,
FD004,149,139,9.7825,
FD004,149,140,9.2095,
FD004,149,141,7.2441,
FD004,149,142,7.6394,
FD004,149,143,9.069,
FD004,149,144,7.7514,
FD004,149,145,7.6676,
FD004,149,146,8.6819,
FD004,149,147,7.9937,
FD004,149,148,6.7178,
FD004,149,149,9.5022,
FD004,149,150,7.2585,
FD004,149,151,9.6405,
FD004,149,152,5.9347,
FD004,149,153,6.9302,
FD004,149,154,6.6178,
FD004,149,155,6.7083,
FD004,149,156,6.554,
FD004,149,157,9.1445,
FD004,149,158,9.0495,
FD004,149,159,8.6196,
FD004,149,160,6.54,
FD004,149,161,6.6872,
FD004,149,162,10.4281,
FD004,149,163,11.3195,
FD004,149,164,10.5933,
FD004,149,165,12.0555,
FD004,149,166,7.663,
FD004,149,167,7.2751,
FD004,149,168,6.6911,
FD004,149,169,6.2078,
FD004,149,170,9.3605,
FD004,149,171,6.4287,
FD004,149,172,9.9187,
FD004,149,173,10.3995,
FD004,149,174,9.7433,
FD004,149,175,9.5827,
FD004,149,176,9.6056,
FD004,149,177,9.5691,
FD004,149,178,9.876,
FD004,149,179,9.5025,
FD004,149,180,7.1239,
FD004,149,181,7.3282,
FD004,149,182,7.532,
FD004,149,183,7.2379,
FD004,149,184,6.9326,
FD004,149,185,7.3276,
FD004,149,186,6.3474,
FD004,149,187,7.2407,
FD004,149,188,6.9701,
FD004,149,189,6.0306,
FD004,149,190,5.8957,
FD004,149,191,4.8749,
FD004,149,192,5.2361,
FD004,149,193,4.587,
FD004,149,194,8.2656,
FD004,149,195,6.487,
FD004,149,196,6.1945,
FD004,149,197,7.0547,
FD004,149,198,10.9523,
FD004,149,199,9.4682,
FD004,149,200,9.8493,
FD004,149,201,11.1833,
FD004,149,202,16.9962,
FD004,149,203,15.3562,
FD004,149,204,14.569,
FD004,149,205,11.9196,
FD004,149,206,14.3904,
FD004,149,207,9.0778,
FD004,149,208,11.1864,
FD004,149,209,10.1431,
FD004,149,210,13.1904,
FD004,149,211,11.298,
FD004,149,212,9.7856,
FD004,149,213,9.0148,
FD004,149,214,9.2078,
FD004,149,215,9.5365,
FD004,149,216,9.3861,
FD004,149,217,11.5547,
FD004,149,218,12.5474,
FD004,149,219,11.3396,
FD004,149,220,10.5298,
FD004,149,221,6.968,
FD004,149,222,6.8638,
FD004,149,223,7.2182,
FD004,149,224,7.4101,
FD004,149,225,5.2714,
FD004,149,226,7.6711,
FD004,149,227,8.6095,
FD004,149,228,8.0667,
FD004,149,229,6.6738,
FD004,149,230,8.0259,
FD004,149,231,8.3468,
FD004,149,232,9.3843,
FD004,149,233,7.4857,
FD004,149,234,9.6478,
FD004,149,235,10.0665,
FD004,149,236,9.677,
FD004,149,237,10.9625,
FD004,149,238,10.1361,
FD004,149,239,7.2053,
FD004,149,240,17.2424,
FD004,149,241,21.4807,
FD004,149,242,20.2365,
FD004,149,243,21.5324,
FD004,149,244,21.2541,
FD004,149,245,22.4274,
FD004,149,246,27.3996,
FD004,149,247,14.6989,
FD004,149,248,15.6667,
FD004,149,249,8.9794,
FD004,149,250,9.8765,
FD004,149,251,9.7214,
FD004,149,252,9.4929,
FD004,149,253,10.5173,
FD004,149,254,11.4551,
FD004,149,255,11.7017,
FD004,149,256,12.8925,
FD004,149,257,12.8871,
FD004,149,258,14.1704,
FD004,149,259,12.7036,
FD004,149,260,13.257,
FD004,149,261,9.8237,
FD004,149,262,10.994,
FD004,149,263,10.9661,
FD004,149,264,10.2174,
FD004,149,265,11.8998,
FD004,149,266,7.9948,
FD004,149,267,7.3814,
FD004,149,268,7.1755,
FD004,149,269,9.2731,
FD004,149,270,9.303,
FD004,149,271,7.8747,
FD004,149,272,8.2745,
FD004,149,273,8.0575,
FD004,149,274,8.0249,
FD004,149,275,9.4441,
FD004,149,276,8.9323,
FD004,149,277,14.6945,
FD004,149,278,19.3331,
FD004,149,279,15.983,
FD004,149,280,12.7942,
FD004,149,281,12.8416,
FD004,149,282,12.1948,
FD004,149,283,7.11,
FD004,149,284,9.4785,
FD004,149,285,8.0456,
FD004,149,286,8.8801,
FD004,149,287,9.6742,
FD004,149,288,8.8191,
FD004,149,289,8.8271,
FD004,149,290,10.4288,
FD004,149,291,9.3024,
FD004,149,292,10.909,
FD004,149,293,9.32,
FD004,149,294,8.6718,
FD004,149,295,10.0884,
FD004,149,296,11.5464,
FD004,149,297,8.6504,
FD004,149,298,7.7987,
FD004,149,299,7.4984,
FD004,149,300,7.0687,
FD004,149,301,7.3157,
FD004,149,302,7.0199,
FD004,149,303,7.4015,
FD004,149,304,7.3088,
FD004,149,305,7.9124,
FD004,149,306,10.6649,
FD004,149,307,12.9315,
FD004,149,308,15.5844,
FD004,149,309,14.3506,
FD004,149,310,16.1156,
FD004,149,311,17.0244,
FD004,149,312,11.3118,
FD004,149,313,11.9029,
FD004,149,314,10.9089,
FD004,149,315,10.4818,
FD004,149,316,10.6173,
FD004,149,317,10.8395,
FD004,149,318,9.1248,
FD004,149,319,8.8832,
FD004,149,320,8.7662,
FD004,150,1,0.0,
FD004,150,2,0.0,
FD004,150,3,0.0,
FD004,150,4,0.0,
FD004,150,5,0.0,
FD004,150,6,0.0,
FD004,150,7,0.0,
FD004,150,8,0.0,
FD004,150,9,0.0,
FD004,150,10,0.0,
FD004,150,11,0.0,
FD004,150,12,0.0,
FD004,150,13,0.0,
FD004,150,14,0.0,
FD004,150,15,0.0,
FD004,150,16,0.0,
FD004,150,17,0.0,
FD004,150,18,0.0,
FD004,150,19,0.0,
FD004,150,20,0.0,
FD004,150,21,0.0,
FD004,150,22,0.0,
FD004,150,23,0.0,
FD004,150,24,0.0,
FD004,150,25,0.0,
FD004,150,26,0.0,
FD004,150,27,0.0,
FD004,150,28,0.0,
FD004,150,29,0.0,
FD004,150,30,0.0,
FD004,150,31,0.0,
FD004,150,32,0.0,
FD004,150,33,0.0,
FD004,150,34,0.0,
FD004,150,35,0.0,
FD004,150,36,0.0,
FD004,150,37,0.0,
FD004,150,38,0.0,
FD004,150,39,0.0,
FD004,150,40,0.0,
FD004,150,41,0.0,
FD004,150,42,0.0,
FD004,150,43,0.0,
FD004,150,44,0.0,
FD004,150,45,0.0,
FD004,150,46,0.0,
FD004,150,47,0.0,
FD004,150,48,0.0,
FD004,150,49,0.0,
FD004,150,50,7.5158,
FD004,150,51,6.7692,
FD004,150,52,7.2252,
FD004,150,53,7.6951,
FD004,150,54,7.7074,
FD004,150,55,8.7027,
FD004,150,56,8.5838,
FD004,150,57,10.9661,
FD004,150,58,10.8883,
FD004,150,59,10.7943,
FD004,150,60,12.8155,
FD004,150,61,13.7414,
FD004,150,62,23.2296,
FD004,150,63,16.0752,
FD004,150,64,15.9074,
FD004,150,65,19.2688,
FD004,150,66,17.9845,
FD004,150,67,15.0751,
FD004,150,68,12.29,
FD004,150,69,11.442,
FD004,150,70,11.0794,
FD004,150,71,9.144,
FD004,150,72,9.4173,
FD004,150,73,9.4569,
FD004,150,74,8.9754,
FD004,150,75,8.0301,
FD004,150,76,11.6302,
FD004,150,77,8.694,
FD004,150,78,9.5828,
FD004,150,79,10.3721,
FD004,150,80,11.4327,
FD004,150,81,8.9863,
FD004,150,82,8.4858,
FD004,150,83,7.4304,
FD004,150,84,8.1396,
FD004,150,85,8.7554,
FD004,150,86,9.2958,
FD004,150,87,12.5178,
FD004,150,88,18.495,
FD004,150,89,13.1524,
FD004,150,90,9.1108,
FD004,150,91,7.79,
FD004,150,92,7.9169,
FD004,150,93,9.5884,
FD004,150,94,11.2633,
FD004,150,95,14.0885,
FD004,150,96,8.6705,
FD004,150,97,9.8853,
FD004,150,98,10.2814,
FD004,150,99,9.5448,
FD004,150,100,8.4201,
FD004,150,101,10.4088,
FD004,150,102,10.4519,
FD004,150,103,10.8455,
FD004,150,104,10.4087,
FD004,150,105,9.6993,
FD004,150,106,9.8539,
FD004,150,107,9.1493,
FD004,150,108,8.3534,
FD004,150,109,9.4582,
FD004,150,110,10.2204,
FD004,150,111,10.0161,
FD004,150,112,10.3688,
FD004,150,113,10.1237,
FD004,150,114,11.3222,
FD004,150,115,9.3825,
FD004,150,116,9.1882,
FD004,150,117,9.0937,
FD004,150,118,8.5679,
FD004,150,119,7.8908,
FD004,150,120,10.8996,
FD004,150,121,12.3766,
FD004,150,122,15.5326,
FD004,150,123,15.9012,
FD004,150,124,16.6768,
FD004,150,125,16.7476,
FD004,150,126,15.7468,
FD004,150,127,18.4591,
FD004,150,128,15.6946,
FD004,150,129,14.7591,
FD004,150,130,13.8275,
FD004,150,131,14.4044,
FD004,150,132,8.5875,
FD004,150,133,7.5988,
FD004,150,134,7.8125,
FD004,150,135,9.0265,
FD004,150,136,9.822,
FD004,150,137,11.413,
FD004,150,138,9.9845,
FD004,150,139,9.8656,
FD004,150,140,10.4187,
FD004,150,141,10.919,
FD004,150,142,11.415,
FD004,150,143,10.2184,
FD004,150,144,9.5505,
FD004,150,145,8.2464,
FD004,150,146,9.1244,
FD004,150,147,8.0481,
FD004,150,148,10.6346,
FD004,150,149,9.0295,
FD004,150,150,9.4272,
FD004,150,151,8.5835,
FD004,150,152,8.441,
FD004,150,153,7.1874,
FD004,150,154,8.9017,
FD004,150,155,8.5556,
FD004,150,156,7.1544,
FD004,150,157,8.2351,
FD004,150,158,7.9749,
FD004,150,159,7.5237,
FD004,150,160,9.7657,
FD004,150,161,9.5716,
FD004,150,162,10.1178,
FD004,150,163,8.5028,
FD004,150,164,7.3582,
FD004,150,165,9.112,
FD004,150,166,8.3579,
FD004,150,167,8.2007,
FD004,150,168,9.9007,
FD004,150,169,9.6409,
FD004,150,170,9.7926,
FD004,150,171,10.1545,
FD004,150,172,9.4195,
FD004,150,173,10.2899,
FD004,150,174,9.6278,
FD004,150,175,9.5528,
FD004,150,176,9.7895,
FD004,150,177,9.0534,
FD004,150,178,10.5571,
FD004,150,179,10.8802,
FD004,150,180,10.5141,
FD004,150,181,11.1119,
FD004,150,182,11.1333,
FD004,150,183,11.9107,
FD004,150,184,11.063,
FD004,150,185,11.3127,
FD004,150,186,10.9356,
FD004,150,187,13.7576,
FD004,150,188,13.2643,
FD004,150,189,12.7451,
FD004,150,190,13.6091,
FD004,150,191,11.0999,
FD004,150,192,13.221,
FD004,150,193,15.0585,
FD004,150,194,12.1792,
FD004,150,195,13.7259,
FD004,150,196,12.317,
FD004,150,197,11.1127,
FD004,150,198,9.9156,
FD004,150,199,10.9725,
FD004,150,200,8.2165,
FD004,150,201,10.3739,
FD004,150,202,10.8046,
FD004,151,1,0.0,
FD004,151,2,0.0,
FD004,151,3,0.0,
FD004,151,4,0.0,
FD004,151,5,0.0,
FD004,151,6,0.0,
FD004,151,7,0.0,
FD004,151,8,0.0,
FD004,151,9,0.0,
FD004,151,10,0.0,
FD004,151,11,0.0,
FD004,151,12,0.0,
FD004,151,13,0.0,
FD004,151,14,0.0,
FD004,151,15,0.0,
FD004,151,16,0.0,
FD004,151,17,0.0,
FD004,151,18,0.0,
FD004,151,19,0.0,
FD004,151,20,0.0,
FD004,151,21,0.0,
FD004,151,22,0.0,
FD004,151,23,0.0,
FD004,151,24,0.0,
FD004,151,25,0.0,
FD004,151,26,0.0,
FD004,151,27,0.0,
FD004,151,28,0.0,
FD004,151,29,0.0,
FD004,151,30,0.0,
FD004,151,31,0.0,
FD004,151,32,0.0,
FD004,151,33,0.0,
FD004,151,34,0.0,
FD004,151,35,0.0,
FD004,151,36,0.0,
FD004,151,37,0.0,
FD004,151,38,0.0,
FD004,151,39,0.0,
FD004,151,40,0.0,
FD004,151,41,0.0,
FD004,151,42,0.0,
FD004,151,43,0.0,
FD004,151,44,0.0,
FD004,151,45,0.0,
FD004,151,46,0.0,
FD004,151,47,0.0,
FD004,151,48,0.0,
FD004,151,49,0.0,
FD004,151,50,11.2854,
FD004,151,51,10.8054,
FD004,151,52,9.3719,
FD004,151,53,26.4144,
FD004,151,54,10.0908,
FD004,151,55,10.733,
FD004,151,56,11.8095,
FD004,151,57,10.8886,
FD004,151,58,8.2437,
FD004,151,59,9.8875,
FD004,151,60,9.9816,
FD004,151,61,9.7821,
FD004,151,62,9.5882,
FD004,151,63,11.0194,
FD004,151,64,8.9863,
FD004,151,65,8.0095,
FD004,151,66,8.9371,
FD004,151,67,7.0127,
FD004,151,68,7.3803,
FD004,151,69,8.6905,
FD004,151,70,9.1981,
FD004,151,71,12.7922,
FD004,151,72,18.7684,
FD004,151,73,16.1647,
FD004,151,74,16.3103,
FD004,151,75,12.4016,
FD004,151,76,15.5745,
FD004,151,77,15.9126,
FD004,151,78,15.096,
FD004,151,79,17.3969,
FD004,151,80,15.4691,
FD004,151,81,12.9326,
FD004,151,82,15.8131,
FD004,151,83,13.6444,
FD004,151,84,12.0038,
FD004,151,85,10.8656,
FD004,151,86,7.9208,
FD004,151,87,13.6586,
FD004,151,88,8.4577,
FD004,151,89,9.062,
FD004,151,90,9.8679,
FD004,151,91,9.1071,
FD004,151,92,9.2026,
FD004,151,93,12.3002,
FD004,151,94,13.9408,
FD004,151,95,6.1334,
FD004,151,96,7.9971,
FD004,151,97,6.0324,
FD004,151,98,8.8836,
FD004,151,99,8.4256,
FD004,151,100,8.2969,
FD004,151,101,8.3423,
FD004,151,102,8.2068,
FD004,151,103,7.8361,
FD004,151,104,8.2747,
FD004,151,105,7.3543,
FD004,151,106,8.1537,
FD004,151,107,11.2319,
FD004,151,108,6.9643,
FD004,151,109,11.6519,
FD004,151,110,11.7359,
FD004,151,111,11.3792,
FD004,151,112,9.6309,
FD004,151,113,10.0578,
FD004,151,114,8.9995,
FD004,151,115,9.5913,
FD004,151,116,6.739,
FD004,151,117,6.3835,
FD004,151,118,7.3114,
FD004,151,119,7.1354,
FD004,151,120,10.3601,
FD004,151,121,9.4957,
FD004,151,122,9.8078,
FD004,151,123,9.4299,
FD004,151,124,7.9638,
FD004,151,125,8.7662,
FD004,151,126,8.9308,
FD004,151,127,8.8575,
FD004,151,128,11.4549,
FD004,151,129,9.8974,
FD004,151,130,7.6021,
FD004,151,131,7.9066,
FD004,151,132,8.2046,
FD004,151,133,8.3981,
FD004,151,134,11.5864,
FD004,151,135,11.6101,
FD004,151,136,10.4251,
FD004,151,137,11.3574,
FD004,151,138,12.1935,
FD004,151,139,10.841,
FD004,151,140,12.8106,
FD004,151,141,10.0917,
FD004,151,142,8.8482,
FD004,151,143,6.0274,
FD004,151,144,6.602,
FD004,151,145,8.6021,
FD004,151,146,10.3455,
FD004,151,147,10.655,
FD004,151,148,10.3509,
FD004,151,149,12.1281,
FD004,151,150,13.7147,
FD004,151,151,9.7806,
FD004,151,152,13.0825,
FD004,151,153,8.316,
FD004,151,154,10.0916,
FD004,151,155,11.006,
FD004,151,156,10.7535,
FD004,151,157,11.3646,
FD004,151,158,13.1,
FD004,151,159,10.3175,
FD004,151,160,9.9342,
FD004,151,161,9.385,
FD004,151,162,8.0765,
FD004,151,163,9.342,
FD004,151,164,10.019,
FD004,151,165,9.0443,
FD004,151,166,9.7353,
FD004,151,167,10.1741,
FD004,151,168,10.9765,
FD004,151,169,11.1983,
FD004,151,170,11.0543,
FD004,151,171,11.7011,
FD004,151,172,16.0918,
FD004,151,173,12.0719,
FD004,151,174,14.6338,
FD004,151,175,12.7943,
FD004,151,176,12.8486,
FD004,151,177,13.706,
FD004,151,178,13.0004,
FD004,151,179,12.8493,
FD004,151,180,11.4024,
FD004,151,181,10.9075,
FD004,151,182,9.0491,
FD004,151,183,10.4295,
FD004,151,184,7.8511,
FD004,151,185,7.6915,
FD004,151,186,6.9523,
FD004,151,187,7.7588,
FD004,151,188,6.3824,
FD004,151,189,6.8264,
FD004,151,190,6.5516,
FD004,151,191,5.452,
FD004,151,192,7.1825,
FD004,151,193,6.7654,
FD004,151,194,6.2227,
FD004,151,195,6.6627,
FD004,151,196,7.0334,
FD004,151,197,7.1643,
FD004,151,198,7.2245,
FD004,151,199,7.4659,
FD004,151,200,9.9687,
FD004,151,201,14.4395,
FD004,151,202,11.9633,
FD004,151,203,11.9845,
FD004,151,204,10.2859,
FD004,151,205,10.6218,
FD004,151,206,7.4194,
FD004,151,207,8.8214,
FD004,151,208,6.8611,
FD004,151,209,7.2242,
FD004,151,210,7.3536,
FD004,151,211,7.0016,
FD004,151,212,8.5953,
FD004,151,213,9.3288,
FD004,151,214,8.3923,
FD004,151,215,8.082,
FD004,151,216,9.2426,
FD004,151,217,7.924,
FD004,151,218,8.5733,
FD004,151,219,11.1113,
FD004,151,220,8.0079,
FD004,151,221,6.6252,
FD004,151,222,9.3752,
FD004,151,223,7.4092,
FD004,151,224,8.1552,
FD004,151,225,8.2128,
FD004,151,226,8.8045,
FD004,151,227,10.7059,
FD004,151,228,10.0303,
FD004,151,229,10.8212,
FD004,151,230,9.7362,
FD004,151,231,8.6986,
FD004,151,232,8.5918,
FD004,151,233,9.2152,
FD004,151,234,6.8923,
FD004,151,235,7.7155,
FD004,151,236,7.6952,
FD004,151,237,6.9469,
FD004,151,238,7.4111,
FD004,151,239,8.1207,
FD004,151,240,6.8341,
FD004,151,241,6.5599,
FD004,151,242,6.9577,
FD004,151,243,7.1307,
FD004,151,244,7.4862,
FD004,151,245,7.6594,
FD004,151,246,12.0722,
FD004,151,247,9.1935,
FD004,151,248,8.9032,
FD004,151,249,8.4697,
FD004,151,250,8.4396,
FD004,151,251,9.0837,
FD004,151,252,8.2119,
FD004,151,253,8.7928,
FD004,151,254,9.5394,
FD004,151,255,9.2221,
FD004,151,256,11.6439,
FD004,151,257,10.22,
FD004,151,258,8.9861,
FD004,151,259,10.9652,
FD004,151,260,16.6647,
FD004,151,261,10.782,
FD004,151,262,12.4696,
FD004,151,263,11.7462,
FD004,151,264,8.2462,
FD004,151,265,11.8816,
FD004,151,266,10.9663,
FD004,151,267,12.6622,
FD004,151,268,12.0414,
FD004,151,269,12.65,
FD004,151,270,8.5029,
FD004,151,271,8.3459,
FD004,151,272,10.4566,
FD004,151,273,9.7947,
FD004,151,274,7.891,
FD004,151,275,9.1869,
FD004,151,276,10.352,
FD004,151,277,7.8063,
FD004,151,278,11.5013,
FD004,151,279,6.3949,
FD004,151,280,7.1975,
FD004,151,281,8.6627,
FD004,151,282,8.7949,
FD004,151,283,9.3859,
FD004,151,284,8.5749,
FD004,151,285,8.6642,
FD004,152,1,0.0,
FD004,152,2,0.0,
FD004,152,3,0.0,
FD004,152,4,0.0,
FD004,152,5,0.0,
FD004,152,6,0.0,
FD004,152,7,0.0,
FD004,152,8,0.0,
FD004,152,9,0.0,
FD004,152,10,0.0,
FD004,152,11,0.0,
FD004,152,12,0.0,
FD004,152,13,0.0,
FD004,152,14,0.0,
FD004,152,15,0.0,
FD004,152,16,0.0,
FD004,152,17,0.0,
FD004,152,18,0.0,
FD004,152,19,0.0,
FD004,152,20,0.0,
FD004,152,21,0.0,
FD004,152,22,0.0,
FD004,152,23,0.0,
FD004,152,24,0.0,
FD004,152,25,0.0,
FD004,152,26,0.0,
FD004,152,27,0.0,
FD004,152,28,0.0,
FD004,152,29,0.0,
FD004,152,30,0.0,
FD004,152,31,0.0,
FD004,152,32,0.0,
FD004,152,33,0.0,
FD004,152,34,0.0,
FD004,152,35,0.0,
FD004,152,36,0.0,
FD004,152,37,0.0,
FD004,152,38,0.0,
FD004,152,39,0.0,
FD004,152,40,0.0,
FD004,152,41,0.0,
FD004,152,42,0.0,
FD004,152,43,0.0,
FD004,152,44,0.0,
FD004,152,45,0.0,
FD004,152,46,0.0,
FD004,152,47,0.0,
FD004,152,48,0.0,
FD004,152,49,0.0,
FD004,152,50,10.3456,
FD004,152,51,7.8151,
FD004,152,52,9.4899,
FD004,152,53,12.4409,
FD004,152,54,10.236,
FD004,152,55,8.9399,
FD004,152,56,7.0537,
FD004,152,57,5.5153,
FD004,152,58,5.71,
FD004,152,59,6.5541,
FD004,152,60,8.3648,
FD004,152,61,8.0049,
FD004,152,62,8.4632,
FD004,152,63,12.0116,
FD004,152,64,9.3765,
FD004,152,65,9.0235,
FD004,152,66,8.749,
FD004,152,67,12.3636,
FD004,152,68,18.6747,
FD004,152,69,14.9811,
FD004,152,70,10.8952,
FD004,152,71,10.61,
FD004,152,72,10.014,
FD004,152,73,10.447,
FD004,152,74,8.0838,
FD004,152,75,8.4388,
FD004,152,76,12.4995,
FD004,152,77,10.209,
FD004,152,78,10.0363,
FD004,152,79,10.7493,
FD004,152,80,10.7919,
FD004,152,81,10.8826,
FD004,152,82,15.9121,
FD004,152,83,16.2535,
FD004,152,84,16.8298,
FD004,152,85,17.4574,
FD004,152,86,9.1463,
FD004,152,87,6.8005,
FD004,152,88,8.1814,
FD004,152,89,6.7796,
FD004,152,90,7.4804,
FD004,152,91,10.0656,
FD004,152,92,12.9253,
FD004,152,93,14.5159,
FD004,152,94,12.961,
FD004,152,95,13.6978,
FD004,152,96,15.4905,
FD004,152,97,17.6307,
FD004,152,98,13.8913,
FD004,152,99,12.8588,
FD004,152,100,11.2153,
FD004,152,101,12.5472,
FD004,152,102,10.6283,
FD004,152,103,10.5402,
FD004,152,104,9.1454,
FD004,152,105,10.6355,
FD004,152,106,12.129,
FD004,152,107,10.7289,
FD004,152,108,8.8979,
FD004,152,109,9.7122,
FD004,152,110,7.8405,
FD004,152,111,7.6518,
FD004,152,112,7.0877,
FD004,152,113,7.8521,
FD004,152,114,9.2841,
FD004,152,115,7.3831,
FD004,152,116,7.1482,
FD004,152,117,8.266,
FD004,152,118,7.6352,
FD004,152,119,8.7523,
FD004,152,120,6.962,
FD004,152,121,7.8257,
FD004,152,122,8.2098,
FD004,152,123,8.5071,
FD004,152,124,8.6629,
FD004,152,125,7.5282,
FD004,152,126,8.0884,
FD004,152,127,8.4654,
FD004,152,128,8.9359,
FD004,152,129,11.8023,
FD004,152,130,9.9004,
FD004,152,131,13.4542,
FD004,152,132,16.0952,
FD004,152,133,7.4794,
FD004,152,134,8.3613,
FD004,152,135,6.7892,
FD004,152,136,8.0393,
FD004,152,137,8.5696,
FD004,152,138,5.0687,
FD004,152,139,5.3045,
FD004,152,140,6.6135,
FD004,152,141,6.3945,
FD004,152,142,6.9452,
FD004,152,143,5.9446,
FD004,152,144,6.3624,
FD004,152,145,6.2966,
FD004,152,146,5.9873,
FD004,152,147,6.4584,
FD004,152,148,9.7973,
FD004,152,149,9.4737,
FD004,152,150,9.7614,
FD004,152,151,8.0695,
FD004,152,152,7.8223,
FD004,152,153,9.1006,
FD004,152,154,7.6409,
FD004,152,155,8.2223,
FD004,152,156,8.3533,
FD004,152,157,8.3313,
FD004,152,158,12.4521,
FD004,152,159,8.9404,
FD004,152,160,9.3766,
FD004,152,161,10.1188,
FD004,152,162,9.7326,
FD004,152,163,8.6098,
FD004,152,164,6.2502,
FD004,152,165,7.567,
FD004,152,166,8.6039,
FD004,152,167,7.3286,
FD004,152,168,10.2402,
FD004,152,169,13.3127,
FD004,152,170,9.1156,
FD004,152,171,8.4756,
FD004,152,172,8.6033,
FD004,152,173,9.5154,
FD004,152,174,9.6655,
FD004,152,175,9.5727,
FD004,152,176,12.9786,
FD004,152,177,11.7131,
FD004,152,178,12.9059,
FD004,152,179,10.4649,
FD004,152,180,10.9222,
FD004,152,181,15.3781,
FD004,152,182,12.0246,
FD004,152,183,11.515,
FD004,152,184,12.6321,
FD004,152,185,11.2861,
FD004,152,186,14.0866,
FD004,152,187,12.0846,
FD004,152,188,11.873,
FD004,152,189,12.0417,
FD004,152,190,6.2976,
FD004,152,191,8.2737,
FD004,152,192,7.2561,
FD004,152,193,7.9445,
FD004,152,194,7.5715,
FD004,152,195,6.7993,
FD004,153,1,0.0,
FD004,153,2,0.0,
FD004,153,3,0.0,
FD004,153,4,0.0,
FD004,153,5,0.0,
FD004,153,6,0.0,
FD004,153,7,0.0,
FD004,153,8,0.0,
FD004,153,9,0.0,
FD004,153,10,0.0,
FD004,153,11,0.0,
FD004,153,12,0.0,
FD004,153,13,0.0,
FD004,153,14,0.0,
FD004,153,15,0.0,
FD004,153,16,0.0,
FD004,153,17,0.0,
FD004,153,18,0.0,
FD004,153,19,0.0,
FD004,153,20,0.0,
FD004,153,21,0.0,
FD004,153,22,0.0,
FD004,153,23,0.0,
FD004,153,24,0.0,
FD004,153,25,0.0,
FD004,153,26,0.0,
FD004,153,27,0.0,
FD004,153,28,0.0,
FD004,153,29,0.0,
FD004,153,30,0.0,
FD004,153,31,0.0,
FD004,153,32,0.0,
FD004,153,33,0.0,
FD004,153,34,0.0,
FD004,153,35,0.0,
FD004,153,36,0.0,
FD004,153,37,0.0,
FD004,153,38,0.0,
FD004,153,39,0.0,
FD004,153,40,0.0,
FD004,153,41,0.0,
FD004,153,42,0.0,
FD004,153,43,0.0,
FD004,153,44,0.0,
FD004,153,45,0.0,
FD004,153,46,0.0,
FD004,153,47,0.0,
FD004,153,48,0.0,
FD004,153,49,0.0,
FD004,153,50,9.0236,
FD004,153,51,9.9661,
FD004,153,52,12.9953,
FD004,153,53,12.1261,
FD004,153,54,12.219,
FD004,153,55,14.283,
FD004,153,56,13.3311,
FD004,153,57,12.9434,
FD004,153,58,12.5679,
FD004,153,59,12.7117,
FD004,153,60,13.9359,
FD004,153,61,14.1545,
FD004,153,62,13.0517,
FD004,153,63,13.6494,
FD004,153,64,8.6401,
FD004,153,65,9.541,
FD004,153,66,10.0367,
FD004,153,67,11.9319,
FD004,153,68,9.3949,
FD004,153,69,8.3745,
FD004,153,70,6.7769,
FD004,153,71,6.3416,
FD004,153,72,7.0521,
FD004,153,73,7.177,
FD004,153,74,6.9412,
FD004,153,75,7.1849,
FD004,153,76,9.5845,
FD004,153,77,8.0332,
FD004,153,78,10.038,
FD004,153,79,9.503,
FD004,153,80,7.6647,
FD004,153,81,9.2646,
FD004,153,82,11.4324,
FD004,153,83,11.7401,
FD004,153,84,9.1773,
FD004,153,85,9.3053,
FD004,153,86,8.2684,
FD004,153,87,6.9589,
FD004,153,88,7.5363,
FD004,153,89,7.2981,
FD004,153,90,6.7878,
FD004,153,91,7.0895,
FD004,153,92,7.1399,
FD004,153,93,7.7288,
FD004,153,94,7.6704,
FD004,153,95,7.9909,
FD004,153,96,7.8839,
FD004,153,97,9.3921,
FD004,153,98,8.7513,
FD004,153,99,11.267,
FD004,153,100,10.4071,
FD004,153,101,8.9771,
FD004,153,102,8.5864,
FD004,153,103,10.7741,
FD004,153,104,7.6432,
FD004,153,105,8.2929,
FD004,153,106,6.2299,
FD004,153,107,6.6162,
FD004,153,108,7.6921,
FD004,153,109,7.6698,
FD004,153,110,10.9328,
FD004,153,111,10.6756,
FD004,153,112,11.1931,
FD004,153,113,11.8088,
FD004,153,114,9.0761,
FD004,153,115,8.4605,
FD004,153,116,9.0051,
FD004,153,117,8.5897,
FD004,153,118,9.7466,
FD004,153,119,10.247,
FD004,153,120,13.0265,
FD004,153,121,11.3641,
FD004,153,122,8.7786,
FD004,153,123,11.893,
FD004,153,124,13.4305,
FD004,153,125,11.5294,
FD004,153,126,13.5942,
FD004,153,127,11.6357,
FD004,153,128,12.8257,
FD004,153,129,11.4954,
FD004,153,130,10.8552,
FD004,154,1,0.0,
FD004,154,2,0.0,
FD004,154,3,0.0,
FD004,154,4,0.0,
FD004,154,5,0.0,
FD004,154,6,0.0,
FD004,154,7,0.0,
FD004,154,8,0.0,
FD004,154,9,0.0,
FD004,154,10,0.0,
FD004,154,11,0.0,
FD004,154,12,0.0,
FD004,154,13,0.0,
FD004,154,14,0.0,
FD004,154,15,0.0,
FD004,154,16,0.0,
FD004,154,17,0.0,
FD004,154,18,0.0,
FD004,154,19,0.0,
FD004,154,20,0.0,
FD004,154,21,0.0,
FD004,154,22,0.0,
FD004,154,23,0.0,
FD004,154,24,0.0,
FD004,154,25,0.0,
FD004,154,26,0.0,
FD004,154,27,0.0,
FD004,154,28,0.0,
FD004,154,29,0.0,
FD004,154,30,0.0,
FD004,154,31,0.0,
FD004,154,32,0.0,
FD004,154,33,0.0,
FD004,154,34,0.0,
FD004,154,35,0.0,
FD004,154,36,0.0,
FD004,154,37,0.0,
FD004,154,38,0.0,
FD004,154,39,0.0,
FD004,154,40,0.0,
FD004,154,41,0.0,
FD004,154,42,0.0,
FD004,154,43,0.0,
FD004,154,44,0.0,
FD004,154,45,0.0,
FD004,154,46,0.0,
FD004,154,47,0.0,
FD004,154,48,0.0,
FD004,154,49,0.0,
FD004,154,50,7.7379,
FD004,154,51,8.7279,
FD004,154,52,5.7985,
FD004,154,53,5.9175,
FD004,154,54,6.1294,
FD004,154,55,8.2407,
FD004,154,56,6.6845,
FD004,154,57,5.4895,
FD004,154,58,6.1899,
FD004,154,59,8.0172,
FD004,154,60,6.625,
FD004,154,61,5.8894,
FD004,154,62,6.7088,
FD004,154,63,7.6602,
FD004,154,64,7.2963,
FD004,154,65,7.8938,
FD004,154,66,8.2013,
FD004,154,67,9.3013,
FD004,154,68,10.9602,
FD004,154,69,6.9497,
FD004,154,70,8.4175,
FD004,154,71,9.1889,
FD004,154,72,9.6414,
FD004,154,73,10.3262,
FD004,154,74,7.8058,
FD004,154,75,12.1806,
FD004,154,76,9.9237,
FD004,154,77,9.6076,
FD004,154,78,10.9079,
FD004,154,79,9.6575,
FD004,154,80,8.1625,
FD004,154,81,11.2227,
FD004,154,82,9.7256,
FD004,154,83,8.0808,
FD004,154,84,9.6206,
FD004,154,85,7.6627,
FD004,154,86,8.3389,
FD004,154,87,8.3473,
FD004,154,88,6.6279,
FD004,154,89,6.6124,
FD004,154,90,10.2854,
FD004,154,91,8.2501,
FD004,154,92,5.8702,
FD004,154,93,8.1767,
FD004,154,94,6.7585,
FD004,154,95,5.4355,
FD004,154,96,4.8381,
FD004,154,97,5.8617,
FD004,154,98,9.0461,
FD004,154,99,7.2718,
FD004,154,100,7.0168,
FD004,154,101,9.6645,
FD004,154,102,6.6696,
FD004,154,103,9.8349,
FD004,154,104,9.3871,
FD004,154,105,7.8741,
FD004,154,106,11.3651,
FD004,154,107,11.3178,
FD004,154,108,11.1746,
FD004,154,109,10.4455,
FD004,154,110,8.9132,
FD004,154,111,12.2444,
FD004,154,112,11.7918,
FD004,154,113,10.1626,
FD004,154,114,12.346,
FD004,154,115,10.8766,
FD004,154,116,14.1086,
FD004,154,117,14.456,
FD004,154,118,14.1161,
FD004,154,119,13.5338,
FD004,154,120,10.6791,
FD004,154,121,4.7489,
FD004,154,122,6.7573,
FD004,155,1,0.0,
FD004,155,2,0.0,
FD004,155,3,0.0,
FD004,155,4,0.0,
FD004,155,5,0.0,
FD004,155,6,0.0,
FD004,155,7,0.0,
FD004,155,8,0.0,
FD004,155,9,0.0,
FD004,155,10,0.0,
FD004,155,11,0.0,
FD004,155,12,0.0,
FD004,155,13,0.0,
FD004,155,14,0.0,
FD004,155,15,0.0,
FD004,155,16,0.0,
FD004,155,17,0.0,
FD004,155,18,0.0,
FD004,155,19,0.0,
FD004,155,20,0.0,
FD004,155,21,0.0,
FD004,155,22,0.0,
FD004,155,23,0.0,
FD004,155,24,0.0,
FD004,155,25,0.0,
FD004,155,26,0.0,
FD004,155,27,0.0,
FD004,155,28,0.0,
FD004,155,29,0.0,
FD004,155,30,0.0,
FD004,155,31,0.0,
FD004,155,32,0.0,
FD004,155,33,0.0,
FD004,155,34,0.0,
FD004,155,35,0.0,
FD004,155,36,0.0,
FD004,155,37,0.0,
FD004,155,38,0.0,
FD004,155,39,0.0,
FD004,155,40,0.0,
FD004,155,41,0.0,
FD004,155,42,0.0,
FD004,155,43,0.0,
FD004,155,44,0.0,
FD004,155,45,0.0,
FD004,155,46,0.0,
FD004,155,47,0.0,
FD004,155,48,0.0,
FD004,155,49,0.0,
FD004,155,50,10.2363,
FD004,155,51,6.2713,
FD004,155,52,5.5319,
FD004,155,53,9.3199,
FD004,155,54,5.6661,
FD004,155,55,8.2686,
FD004,155,56,8.1475,
FD004,155,57,8.0931,
FD004,155,58,7.0039,
FD004,155,59,9.0572,
FD004,155,60,8.9131,
FD004,155,61,8.4365,
FD004,155,62,10.0186,
FD004,155,63,9.79,
FD004,155,64,8.7383,
FD004,155,65,9.7355,
FD004,155,66,10.4435,
FD004,155,67,8.9223,
FD004,155,68,9.8386,
FD004,155,69,10.2366,
FD004,155,70,12.1506,
FD004,155,71,7.6375,
FD004,155,72,8.643,
FD004,155,73,8.1631,
FD004,155,74,7.3763,
FD004,155,75,6.5535,
FD004,155,76,6.5588,
FD004,155,77,5.3682,
FD004,155,78,8.6614,
FD004,155,79,6.9105,
FD004,155,80,5.8327,
FD004,155,81,7.2818,
FD004,155,82,7.8135,
FD004,155,83,12.4193,
FD004,155,84,6.6796,
FD004,155,85,6.3455,
FD004,155,86,8.0156,
FD004,155,87,6.4135,
FD004,155,88,7.6212,
FD004,155,89,9.2524,
FD004,155,90,7.6189,
FD004,155,91,7.5149,
FD004,155,92,6.6508,
FD004,155,93,5.4892,
FD004,155,94,5.4543,
FD004,155,95,5.6566,
FD004,155,96,7.631,
FD004,155,97,8.5058,
FD004,155,98,5.2036,
FD004,155,99,9.4782,
FD004,155,100,9.7975,
FD004,155,101,8.2875,
FD004,155,102,12.3737,
FD004,155,103,11.8163,
FD004,155,104,12.6677,
FD004,155,105,8.5636,
FD004,155,106,8.1036,
FD004,155,107,7.7657,
FD004,155,108,9.5081,
FD004,155,109,9.0448,
FD004,155,110,9.9044,
FD004,155,111,9.7964,
FD004,155,112,9.9902,
FD004,155,113,9.2288,
FD004,155,114,8.1027,
FD004,155,115,8.9714,
FD004,155,116,8.417,
FD004,155,117,9.5946,
FD004,155,118,10.404,
FD004,155,119,13.134,
FD004,155,120,14.7033,
FD004,155,121,19.9765,
FD004,155,122,14.5798,
FD004,155,123,11.8805,
FD004,155,124,12.317,
FD004,155,125,10.8812,
FD004,155,126,7.6608,
FD004,155,127,9.173,
FD004,155,128,7.8811,
FD004,155,129,8.9641,
FD004,155,130,9.8858,
FD004,155,131,11.9388,
FD004,155,132,13.1074,
FD004,155,133,16.9054,
FD004,155,134,15.5774,
FD004,155,135,15.1272,
FD004,155,136,13.3563,
FD004,155,137,12.1919,
FD004,155,138,11.1862,
FD004,155,139,6.6121,
FD004,155,140,4.5669,
FD004,155,141,4.8957,
FD004,155,142,4.5935,
FD004,155,143,4.5809,
FD004,155,144,5.0384,
FD004,155,145,6.2242,
FD004,155,146,5.7355,
FD004,155,147,6.0453,
FD004,155,148,7.0703,
FD004,155,149,7.0088,
FD004,155,150,7.3898,
FD004,155,151,13.6743,
FD004,155,152,14.1655,
FD004,155,153,11.6739,
FD004,155,154,12.998,
FD004,155,155,13.0418,
FD004,155,156,11.4532,
FD004,155,157,6.144,
FD004,155,158,5.5408,
FD004,155,159,10.2066,
FD004,155,160,10.7677,
FD004,155,161,10.6961,
FD004,156,1,0.0,
FD004,156,2,0.0,
FD004,156,3,0.0,
FD004,156,4,0.0,
FD004,156,5,0.0,
FD004,156,6,0.0,
FD004,156,7,0.0,
FD004,156,8,0.0,
FD004,156,9,0.0,
FD004,156,10,0.0,
FD004,156,11,0.0,
FD004,156,12,0.0,
FD004,156,13,0.0,
FD004,156,14,0.0,
FD004,156,15,0.0,
FD004,156,16,0.0,
FD004,156,17,0.0,
FD004,156,18,0.0,
FD004,156,19,0.0,
FD004,156,20,0.0,
FD004,156,21,0.0,
FD004,156,22,0.0,
FD004,156,23,0.0,
FD004,156,24,0.0,
FD004,156,25,0.0,
FD004,156,26,0.0,
FD004,156,27,0.0,
FD004,156,28,0.0,
FD004,157,1,0.0,
FD004,157,2,0.0,
FD004,157,3,0.0,
FD004,157,4,0.0,
FD004,157,5,0.0,
FD004,157,6,0.0,
FD004,157,7,0.0,
FD004,157,8,0.0,
FD004,157,9,0.0,
FD004,157,10,0.0,
FD004,157,11,0.0,
FD004,157,12,0.0,
FD004,157,13,0.0,
FD004,157,14,0.0,
FD004,157,15,0.0,
FD004,157,16,0.0,
FD004,157,17,0.0,
FD004,157,18,0.0,
FD004,157,19,0.0,
FD004,157,20,0.0,
FD004,157,21,0.0,
FD004,157,22,0.0,
FD004,157,23,0.0,
FD004,157,24,0.0,
FD004,157,25,0.0,
FD004,157,26,0.0,
FD004,157,27,0.0,
FD004,157,28,0.0,
FD004,157,29,0.0,
FD004,157,30,0.0,
FD004,157,31,0.0,
FD004,157,32,0.0,
FD004,157,33,0.0,
FD004,157,34,0.0,
FD004,157,35,0.0,
FD004,157,36,0.0,
FD004,157,37,0.0,
FD004,157,38,0.0,
FD004,157,39,0.0,
FD004,157,40,0.0,
FD004,157,41,0.0,
FD004,157,42,0.0,
FD004,157,43,0.0,
FD004,157,44,0.0,
FD004,157,45,0.0,
FD004,157,46,0.0,
FD004,157,47,0.0,
FD004,157,48,0.0,
FD004,157,49,0.0,
FD004,157,50,19.3252,
FD004,157,51,18.2249,
FD004,157,52,17.078,
FD004,157,53,18.6182,
FD004,157,54,22.8453,
FD004,157,55,26.8929,
FD004,157,56,19.5252,
FD004,157,57,15.9054,
FD004,157,58,19.0958,
FD004,157,59,18.4927,
FD004,157,60,19.1443,
FD004,157,61,18.844,
FD004,157,62,18.9841,
FD004,157,63,17.592,
FD004,157,64,13.6105,
FD004,157,65,11.7017,
FD004,157,66,11.381,
FD004,157,67,10.8125,
FD004,157,68,9.5535,
FD004,157,69,9.3757,
FD004,157,70,8.8083,
FD004,157,71,9.0519,
FD004,157,72,10.7753,
FD004,157,73,7.5182,
FD004,157,74,7.4817,
FD004,157,75,7.0788,
FD004,157,76,5.883,
FD004,157,77,7.082,
FD004,157,78,7.1314,
FD004,157,79,8.2395,
FD004,157,80,7.0,
FD004,157,81,9.0175,
FD004,157,82,9.5952,
FD004,157,83,9.3549,
FD004,157,84,14.2445,
FD004,157,85,10.9572,
FD004,157,86,11.1937,
FD004,157,87,12.3273,
FD004,157,88,12.0297,
FD004,157,89,12.8904,
FD004,157,90,12.4159,
FD004,157,91,14.3926,
FD004,157,92,13.7509,
FD004,157,93,16.5593,
FD004,157,94,19.993,
FD004,157,95,20.4018,
FD004,157,96,18.1564,
FD004,157,97,17.347,
FD004,157,98,16.8138,
FD004,157,99,20.687,
FD004,157,100,17.2397,
FD004,157,101,16.387,
FD004,157,102,14.7274,
FD004,157,103,12.5921,
FD004,157,104,14.0439,
FD004,157,105,11.2144,
FD004,157,106,14.6316,
FD004,157,107,11.1665,
FD004,157,108,9.7231,
FD004,157,109,10.6118,
FD004,157,110,10.2503,
FD004,157,111,10.9496,
FD004,157,112,9.9594,
FD004,157,113,9.7605,
FD004,157,114,9.5981,
FD004,157,115,11.2321,
FD004,157,116,9.4293,
FD004,157,117,10.8189,
FD004,157,118,21.7136,
FD004,157,119,12.7121,
FD004,157,120,12.9861,
FD004,157,121,12.8177,
FD004,157,122,11.613,
FD004,157,123,10.9944,
FD004,157,124,11.1485,
FD004,157,125,12.069,
FD004,157,126,12.3803,
FD004,157,127,12.146,
FD004,157,128,11.148,
FD004,157,129,12.6245,
FD004,157,130,14.0848,
FD004,157,131,7.8267,
FD004,157,132,7.0234,
FD004,157,133,7.4593,
FD004,157,134,8.6362,
FD004,157,135,7.7337,
FD004,157,136,9.1019,
FD004,157,137,10.6701,
FD004,157,138,11.5295,
FD004,158,1,0.0,
FD004,158,2,0.0,
FD004,158,3,0.0,
FD004,158,4,0.0,
FD004,158,5,0.0,
FD004,158,6,0.0,
FD004,158,7,0.0,
FD004,158,8,0.0,
FD004,158,9,0.0,
FD004,158,10,0.0,
FD004,158,11,0.0,
FD004,158,12,0.0,
FD004,158,13,0.0,
FD004,158,14,0.0,
FD004,158,15,0.0,
FD004,158,16,0.0,
FD004,158,17,0.0,
FD004,158,18,0.0,
FD004,158,19,0.0,
FD004,158,20,0.0,
FD004,158,21,0.0,
FD004,158,22,0.0,
FD004,158,23,0.0,
FD004,158,24,0.0,
FD004,158,25,0.0,
FD004,158,26,0.0,
FD004,158,27,0.0,
FD004,158,28,0.0,
FD004,158,29,0.0,
FD004,158,30,0.0,
FD004,158,31,0.0,
FD004,158,32,0.0,
FD004,158,33,0.0,
FD004,158,34,0.0,
FD004,158,35,0.0,
FD004,158,36,0.0,
FD004,158,37,0.0,
FD004,158,38,0.0,
FD004,158,39,0.0,
FD004,158,40,0.0,
FD004,158,41,0.0,
FD004,158,42,0.0,
FD004,158,43,0.0,
FD004,158,44,0.0,
FD004,158,45,0.0,
FD004,158,46,0.0,
FD004,158,47,0.0,
FD004,158,48,0.0,
FD004,158,49,0.0,
FD004,158,50,6.541,
FD004,158,51,7.7916,
FD004,158,52,8.4084,
FD004,158,53,6.6378,
FD004,158,54,6.1737,
FD004,158,55,6.0238,
FD004,158,56,6.2654,
FD004,158,57,4.9802,
FD004,158,58,8.9289,
FD004,158,59,7.6708,
FD004,158,60,6.3935,
FD004,158,61,5.922,
FD004,158,62,7.287,
FD004,158,63,6.1816,
FD004,158,64,6.9077,
FD004,158,65,8.4402,
FD004,158,66,9.6759,
FD004,158,67,7.5088,
FD004,158,68,6.9535,
FD004,158,69,5.7053,
FD004,158,70,7.5233,
FD004,158,71,11.0805,
FD004,158,72,11.7016,
FD004,158,73,11.1098,
FD004,158,74,8.8677,
FD004,158,75,9.8895,
FD004,158,76,8.4673,
FD004,158,77,7.1441,
FD004,158,78,7.0908,
FD004,158,79,9.4062,
FD004,158,80,8.0112,
FD004,158,81,9.5994,
FD004,158,82,9.6003,
FD004,158,83,9.5988,
FD004,158,84,9.2894,
FD004,158,85,10.2216,
FD004,158,86,8.9058,
FD004,158,87,7.1812,
FD004,158,88,7.9514,
FD004,158,89,8.6684,
FD004,158,90,8.8605,
FD004,158,91,9.601,
FD004,158,92,7.9623,
FD004,158,93,7.5564,
FD004,158,94,8.404,
FD004,158,95,9.8816,
FD004,158,96,11.5494,
FD004,158,97,12.0397,
FD004,158,98,11.0145,
FD004,158,99,12.4131,
FD004,158,100,9.8369,
FD004,158,101,6.9653,
FD004,158,102,6.7699,
FD004,158,103,7.3442,
FD004,158,104,7.7942,
FD004,158,105,8.504,
FD004,158,106,11.4809,
FD004,158,107,10.9017,
FD004,158,108,10.4957,
FD004,158,109,10.4549,
FD004,158,110,10.6853,
FD004,158,111,13.4923,
FD004,158,112,13.0027,
FD004,158,113,11.5985,
FD004,158,114,10.7655,
FD004,158,115,12.3793,
FD004,158,116,7.6061,
FD004,158,117,5.6612,
FD004,158,118,6.15,
FD004,158,119,6.1982,
FD004,158,120,6.8424,
FD004,158,121,6.6055,
FD004,158,122,7.2712,
FD004,158,123,6.4589,
FD004,158,124,6.1528,
FD004,158,125,6.9446,
FD004,158,126,7.1473,
FD004,158,127,8.1737,
FD004,158,128,9.9375,
FD004,158,129,15.6122,
FD004,158,130,11.5591,
FD004,158,131,12.5948,
FD004,158,132,12.3585,
FD004,158,133,12.0114,
FD004,158,134,9.5088,
FD004,158,135,8.302,
FD004,158,136,7.9216,
FD004,158,137,6.3729,
FD004,158,138,6.6259,
FD004,158,139,6.6569,
FD004,158,140,6.9186,
FD004,158,141,7.1542,
FD004,158,142,7.3761,
FD004,158,143,6.2406,
FD004,158,144,7.084,
FD004,158,145,6.8089,
FD004,158,146,6.5465,
FD004,158,147,7.3857,
FD004,158,148,8.0042,
FD004,158,149,7.3801,
FD004,158,150,6.6095,
FD004,158,151,5.9094,
FD004,158,152,5.8906,
FD004,158,153,7.4623,
FD004,158,154,7.6232,
FD004,158,155,9.5006,
FD004,158,156,7.4976,
FD004,158,157,8.1945,
FD004,158,158,7.8351,
FD004,158,159,6.7062,
FD004,158,160,6.4775,
FD004,158,161,6.994,
FD004,158,162,8.4492,
FD004,158,163,7.8947,
FD004,158,164,7.4141,
FD004,158,165,7.7056,
FD004,158,166,9.1412,
FD004,158,167,16.9257,
FD004,158,168,12.7098,
FD004,158,169,7.1498,
FD004,158,170,8.8265,
FD004,158,171,8.8729,
FD004,159,1,0.0,
FD004,159,2,0.0,
FD004,159,3,0.0,
FD004,159,4,0.0,
FD004,159,5,0.0,
FD004,159,6,0.0,
FD004,159,7,0.0,
FD004,159,8,0.0,
FD004,159,9,0.0,
FD004,159,10,0.0,
FD004,159,11,0.0,
FD004,159,12,0.0,
FD004,159,13,0.0,
FD004,159,14,0.0,
FD004,159,15,0.0,
FD004,159,16,0.0,
FD004,159,17,0.0,
FD004,159,18,0.0,
FD004,159,19,0.0,
FD004,159,20,0.0,
FD004,159,21,0.0,
FD004,159,22,0.0,
FD004,159,23,0.0,
FD004,159,24,0.0,
FD004,159,25,0.0,
FD004,159,26,0.0,
FD004,159,27,0.0,
FD004,159,28,0.0,
FD004,159,29,0.0,
FD004,159,30,0.0,
FD004,159,31,0.0,
FD004,159,32,0.0,
FD004,159,33,0.0,
FD004,159,34,0.0,
FD004,159,35,0.0,
FD004,159,36,0.0,
FD004,159,37,0.0,
FD004,159,38,0.0,
FD004,159,39,0.0,
FD004,159,40,0.0,
FD004,159,41,0.0,
FD004,159,42,0.0,
FD004,159,43,0.0,
FD004,159,44,0.0,
FD004,159,45,0.0,
FD004,159,46,0.0,
FD004,159,47,0.0,
FD004,159,48,0.0,
FD004,159,49,0.0,
FD004,159,50,11.558,
FD004,159,51,10.2709,
FD004,159,52,9.6086,
FD004,159,53,10.5258,
FD004,159,54,12.172,
FD004,159,55,10.3998,
FD004,159,56,7.715,
FD004,159,57,7.0727,
FD004,159,58,6.9388,
FD004,159,59,6.7414,
FD004,159,60,4.8778,
FD004,159,61,4.8144,
FD004,159,62,7.9544,
FD004,159,63,8.0239,
FD004,159,64,10.3881,
FD004,159,65,8.9545,
FD004,159,66,9.3391,
FD004,159,67,8.9773,
FD004,159,68,7.5105,
FD004,159,69,7.8834,
FD004,159,70,8.0899,
FD004,159,71,8.6921,
FD004,159,72,6.6042,
FD004,159,73,7.8295,
FD004,159,74,8.7402,
FD004,159,75,9.2048,
FD004,159,76,11.2503,
FD004,159,77,12.6818,
FD004,159,78,10.1936,
FD004,159,79,9.1715,
FD004,159,80,10.0197,
FD004,159,81,9.8511,
FD004,159,82,7.1575,
FD004,159,83,7.0667,
FD004,159,84,7.8876,
FD004,159,85,6.8537,
FD004,159,86,6.9882,
FD004,159,87,6.5635,
FD004,159,88,7.0798,
FD004,159,89,8.0126,
FD004,159,90,6.9668,
FD004,159,91,5.0907,
FD004,159,92,6.1636,
FD004,159,93,7.2739,
FD004,159,94,9.5628,
FD004,159,95,11.0563,
FD004,159,96,9.0371,
FD004,159,97,8.0296,
FD004,159,98,8.4083,
FD004,159,99,7.271,
FD004,159,100,6.3184,
FD004,159,101,5.6487,
FD004,159,102,5.9604,
FD004,159,103,5.257,
FD004,159,104,5.5698,
FD004,159,105,6.4611,
FD004,159,106,6.3359,
FD004,159,107,6.2709,
FD004,159,108,6.1822,
FD004,159,109,6.4839,
FD004,159,110,4.8217,
FD004,159,111,6.2599,
FD004,159,112,5.849,
FD004,159,113,5.032,
FD004,159,114,7.7036,
FD004,159,115,5.8772,
FD004,159,116,4.2309,
FD004,159,117,14.0384,
FD004,159,118,11.7913,
FD004,159,119,14.9715,
FD004,159,120,14.5926,
FD004,159,121,15.0935,
FD004,159,122,6.1094,
FD004,159,123,6.661,
FD004,159,124,6.5188,
FD004,159,125,6.746,
FD004,159,126,7.2945,
FD004,159,127,7.0876,
FD004,159,128,7.5681,
FD004,159,129,6.4848,
FD004,159,130,6.5974,
FD004,159,131,5.2979,
FD004,159,132,4.9951,
FD004,159,133,5.227,
FD004,159,134,6.6506,
FD004,159,135,8.9106,
FD004,159,136,8.2233,
FD004,159,137,10.0565,
FD004,159,138,9.8743,
FD004,159,139,10.0563,
FD004,159,140,10.2823,
FD004,159,141,11.5453,
FD004,159,142,16.1278,
FD004,159,143,16.963,
FD004,159,144,15.7896,
FD004,159,145,17.5601,
FD004,159,146,23.7744,
FD004,159,147,18.5186,
FD004,159,148,10.1706,
FD004,159,149,8.7588,
FD004,159,150,10.9044,
FD004,159,151,11.2399,
FD004,159,152,10.2468,
FD004,159,153,9.3779,
FD004,159,154,9.8135,
FD004,159,155,9.7796,
FD004,159,156,8.6226,
FD004,159,157,8.7361,
FD004,159,158,8.7511,
FD004,159,159,7.8292,
FD004,159,160,11.5919,
FD004,160,1,0.0,
FD004,160,2,0.0,
FD004,160,3,0.0,
FD004,160,4,0.0,
FD004,160,5,0.0,
FD004,160,6,0.0,
FD004,160,7,0.0,
FD004,160,8,0.0,
FD004,160,9,0.0,
FD004,160,10,0.0,
FD004,160,11,0.0,
FD004,160,12,0.0,
FD004,160,13,0.0,
FD004,160,14,0.0,
FD004,160,15,0.0,
FD004,160,16,0.0,
FD004,160,17,0.0,
FD004,160,18,0.0,
FD004,160,19,0.0,
FD004,160,20,0.0,
FD004,160,21,0.0,
FD004,160,22,0.0,
FD004,160,23,0.0,
FD004,160,24,0.0,
FD004,160,25,0.0,
FD004,160,26,0.0,
FD004,160,27,0.0,
FD004,160,28,0.0,
FD004,160,29,0.0,
FD004,160,30,0.0,
FD004,160,31,0.0,
FD004,160,32,0.0,
FD004,160,33,0.0,
FD004,160,34,0.0,
FD004,160,35,0.0,
FD004,160,36,0.0,
FD004,160,37,0.0,
FD004,160,38,0.0,
FD004,160,39,0.0,
FD004,160,40,0.0,
FD004,160,41,0.0,
FD004,160,42,0.0,
FD004,160,43,0.0,
FD004,160,44,0.0,
FD004,160,45,0.0,
FD004,160,46,0.0,
FD004,160,47,0.0,
FD004,160,48,0.0,
FD004,160,49,0.0,
FD004,160,50,11.7068,
FD004,160,51,11.4856,
FD004,160,52,10.2369,
FD004,160,53,8.9515,
FD004,160,54,9.0254,
FD004,160,55,10.236,
FD004,160,56,9.6974,
FD004,160,57,10.4378,
FD004,160,58,10.1922,
FD004,160,59,11.7984,
FD004,160,60,9.6562,
FD004,160,61,10.0682,
FD004,160,62,10.2691,
FD004,160,63,8.8424,
FD004,160,64,9.2546,
FD004,160,65,9.1251,
FD004,160,66,7.7573,
FD004,160,67,7.7171,
FD004,160,68,8.4249,
FD004,160,69,9.4372,
FD004,160,70,8.295,
FD004,160,71,7.1056,
FD004,160,72,7.4821,
FD004,160,73,7.7299,
FD004,160,74,7.6462,
FD004,160,75,6.4369,
FD004,160,76,6.6536,
FD004,160,77,6.1251,
FD004,160,78,6.2794,
FD004,160,79,7.682,
FD004,160,80,7.713,
FD004,160,81,9.0516,
FD004,160,82,9.7125,
FD004,160,83,11.3126,
FD004,160,84,9.6718,
FD004,160,85,7.7765,
FD004,160,86,7.7172,
FD004,160,87,7.5984,
FD004,160,88,7.47,
FD004,160,89,7.1821,
FD004,160,90,7.2272,
FD004,160,91,9.3388,
FD004,160,92,10.5241,
FD004,160,93,11.0568,
FD004,160,94,7.7898,
FD004,160,95,15.0197,
FD004,160,96,11.984,
FD004,160,97,9.6172,
FD004,160,98,8.2197,
FD004,160,99,10.9097,
FD004,160,100,11.1727,
FD004,160,101,12.2042,
FD004,160,102,11.3932,
FD004,160,103,9.5291,
FD004,160,104,9.3609,
FD004,160,105,10.281,
FD004,160,106,7.5817,
FD004,160,107,10.5662,
FD004,160,108,10.1838,
FD004,160,109,9.9426,
FD004,160,110,7.7002,
FD004,160,111,6.8807,
FD004,160,112,10.0561,
FD004,160,113,17.2297,
FD004,160,114,11.802,
FD004,160,115,7.6967,
FD004,160,116,5.5714,
FD004,160,117,5.717,
FD004,160,118,5.5967,
FD004,160,119,5.3819,
FD004,160,120,7.3018,
FD004,160,121,9.1518,
FD004,160,122,8.434,
FD004,161,1,0.0,
FD004,161,2,0.0,
FD004,161,3,0.0,
FD004,161,4,0.0,
FD004,161,5,0.0,
FD004,161,6,0.0,
FD004,161,7,0.0,
FD004,161,8,0.0,
FD004,161,9,0.0,
FD004,161,10,0.0,
FD004,161,11,0.0,
FD004,161,12,0.0,
FD004,161,13,0.0,
FD004,161,14,0.0,
FD004,161,15,0.0,
FD004,161,16,0.0,
FD004,161,17,0.0,
FD004,161,18,0.0,
FD004,161,19,0.0,
FD004,161,20,0.0,
FD004,161,21,0.0,
FD004,161,22,0.0,
FD004,161,23,0.0,
FD004,161,24,0.0,
FD004,161,25,0.0,
FD004,161,26,0.0,
FD004,161,27,0.0,
FD004,161,28,0.0,
FD004,161,29,0.0,
FD004,161,30,0.0,
FD004,161,31,0.0,
FD004,161,32,0.0,
FD004,161,33,0.0,
FD004,161,34,0.0,
FD004,161,35,0.0,
FD004,161,36,0.0,
FD004,161,37,0.0,
FD004,161,38,0.0,
FD004,161,39,0.0,
FD004,161,40,0.0,
FD004,161,41,0.0,
FD004,161,42,0.0,
FD004,161,43,0.0,
FD004,161,44,0.0,
FD004,161,45,0.0,
FD004,161,46,0.0,
FD004,161,47,0.0,
FD004,161,48,0.0,
FD004,161,49,0.0,
FD004,161,50,7.4802,
FD004,161,51,7.1466,
FD004,161,52,5.3403,
FD004,161,53,5.3664,
FD004,161,54,8.5394,
FD004,161,55,5.4017,
FD004,161,56,10.6713,
FD004,161,57,9.989,
FD004,161,58,7.6852,
FD004,161,59,6.2396,
FD004,161,60,8.2811,
FD004,161,61,8.4289,
FD004,161,62,7.8608,
FD004,161,63,8.444,
FD004,161,64,7.5434,
FD004,161,65,8.4859,
FD004,161,66,9.0483,
FD004,161,67,11.2275,
FD004,161,68,11.9239,
FD004,161,69,6.9281,
FD004,161,70,10.3891,
FD004,161,71,9.7712,
FD004,161,72,10.3978,
FD004,161,73,9.7398,
FD004,161,74,13.0,
FD004,161,75,13.5826,
FD004,161,76,12.4751,
FD004,161,77,10.278,
FD004,161,78,11.6936,
FD004,161,79,9.6232,
FD004,161,80,9.8625,
FD004,161,81,8.9878,
FD004,161,82,8.688,
FD004,161,83,8.0047,
FD004,161,84,8.8172,
FD004,161,85,8.8429,
FD004,161,86,9.1261,
FD004,161,87,7.5412,
FD004,161,88,6.1456,
FD004,161,89,7.2908,
FD004,161,90,16.5494,
FD004,161,91,11.3934,
FD004,161,92,11.2764,
FD004,161,93,11.5751,
FD004,161,94,9.9002,
FD004,161,95,9.9434,
FD004,161,96,9.78,
FD004,161,97,9.967,
FD004,161,98,10.3871,
FD004,161,99,7.3898,
FD004,161,100,8.9074,
FD004,161,101,9.3898,
FD004,161,102,9.6733,
FD004,161,103,7.7213,
FD004,161,104,10.8208,
FD004,161,105,10.6506,
FD004,161,106,8.2566,
FD004,161,107,9.8173,
FD004,161,108,8.4631,
FD004,161,109,7.1008,
FD004,161,110,6.6639,
FD004,161,111,4.8588,
FD004,161,112,9.07,
FD004,161,113,8.3803,
FD004,161,114,7.096,
FD004,161,115,6.7087,
FD004,161,116,6.2988,
FD004,161,117,6.8229,
FD004,161,118,6.4146,
FD004,161,119,9.8829,
FD004,161,120,10.7302,
FD004,161,121,7.8159,
FD004,161,122,9.0855,
FD004,161,123,10.554,
FD004,161,124,10.1867,
FD004,161,125,7.4166,
FD004,161,126,6.19,
FD004,161,127,7.0185,
FD004,161,128,7.593,
FD004,161,129,8.5051,
FD004,161,130,6.3253,
FD004,161,131,8.5989,
FD004,161,132,6.3348,
FD004,161,133,5.9723,
FD004,161,134,7.8711,
FD004,161,135,7.6569,
FD004,161,136,8.7023,
FD004,161,137,14.3527,
FD004,161,138,13.4131,
FD004,161,139,11.4707,
FD004,161,140,13.4933,
FD004,161,141,13.8666,
FD004,161,142,19.9279,
FD004,161,143,14.4911,
FD004,161,144,15.9605,
FD004,161,145,14.3926,
FD004,161,146,12.9955,
FD004,161,147,9.7646,
FD004,161,148,9.7525,
FD004,161,149,10.6632,
FD004,161,150,8.6014,
FD004,161,151,10.3124,
FD004,161,152,9.3491,
FD004,161,153,9.4001,
FD004,161,154,8.7496,
FD004,161,155,10.2575,
FD004,161,156,8.4539,
FD004,161,157,10.0766,
FD004,161,158,8.2002,
FD004,161,159,13.8842,
FD004,161,160,12.8199,
FD004,161,161,12.8123,
FD004,161,162,14.1277,
FD004,161,163,9.8543,
FD004,161,164,7.5562,
FD004,161,165,8.8016,
FD004,161,166,8.6233,
FD004,161,167,10.2722,
FD004,161,168,9.5632,
FD004,161,169,10.1495,
FD004,161,170,10.3233,
FD004,161,171,8.9943,
FD004,161,172,9.5482,
FD004,161,173,9.9592,
FD004,161,174,7.9673,
FD004,161,175,8.0403,
FD004,161,176,8.7684,
FD004,161,177,7.8539,
FD004,161,178,8.0155,
FD004,161,179,8.4517,
FD004,161,180,8.2285,
FD004,161,181,9.6987,
FD004,161,182,10.3125,
FD004,161,183,10.3702,
FD004,161,184,10.7737,
FD004,161,185,11.2482,
FD004,161,186,8.8824,
FD004,161,187,12.1829,
FD004,161,188,14.6955,
FD004,161,189,13.5256,
FD004,161,190,15.1363,
FD004,161,191,14.9768,
FD004,161,192,14.2672,
FD004,161,193,14.0528,
FD004,161,194,11.5097,
FD004,161,195,10.6973,
FD004,161,196,9.8899,
FD004,161,197,10.0051,
FD004,161,198,11.5231,
FD004,161,199,12.1645,
FD004,161,200,9.7221,
FD004,161,201,8.8559,
FD004,161,202,10.439,
FD004,161,203,12.43,
FD004,161,204,11.9813,
FD004,161,205,11.8697,
FD004,161,206,10.9186,
FD004,161,207,9.6653,
FD004,161,208,11.7334,
FD004,161,209,11.365,
FD004,161,210,11.1791,
FD004,161,211,10.0193,
FD004,161,212,9.7278,
FD004,161,213,11.4899,
FD004,161,214,16.0959,
FD004,161,215,14.9041,
FD004,161,216,12.1311,
FD004,161,217,12.4075,
FD004,161,218,14.1027,
FD004,161,219,11.4365,
FD004,161,220,12.5849,
FD004,161,221,12.9119,
FD004,161,222,13.1415,
FD004,161,223,14.7232,
FD004,161,224,14.0155,
FD004,161,225,10.0973,
FD004,161,226,8.848,
FD004,161,227,6.8841,
FD004,161,228,8.3148,
FD004,161,229,10.8139,
FD004,161,230,7.8195,
FD004,161,231,8.3385,
FD004,161,232,8.0098,
FD004,161,233,9.3037,
FD004,161,234,9.3752,
FD004,161,235,9.9583,
FD004,161,236,11.2694,
FD004,161,237,10.9527,
FD004,161,238,12.8734,
FD004,161,239,15.4678,
FD004,161,240,14.757,
FD004,161,241,13.2883,
FD004,161,242,11.4613,
FD004,161,243,9.937,
FD004,161,244,12.309,
FD004,161,245,11.4936,
FD004,161,246,11.32,
FD004,161,247,10.0549,
FD004,161,248,10.1187,
FD004,161,249,9.8918,
FD004,161,250,9.7235,
FD004,161,251,9.0901,
FD004,161,252,11.3777,
FD004,161,253,11.9476,
FD004,161,254,17.836,
FD004,161,255,14.8442,
FD004,161,256,16.2053,
FD004,161,257,14.6669,
FD004,162,1,0.0,
FD004,162,2,0.0,
FD004,162,3,0.0,
FD004,162,4,0.0,
FD004,162,5,0.0,
FD004,162,6,0.0,
FD004,162,7,0.0,
FD004,162,8,0.0,
FD004,162,9,0.0,
FD004,162,10,0.0,
FD004,162,11,0.0,
FD004,162,12,0.0,
FD004,162,13,0.0,
FD004,162,14,0.0,
FD004,162,15,0.0,
FD004,162,16,0.0,
FD004,162,17,0.0,
FD004,162,18,0.0,
FD004,162,19,0.0,
FD004,162,20,0.0,
FD004,162,21,0.0,
FD004,162,22,0.0,
FD004,162,23,0.0,
FD004,162,24,0.0,
FD004,162,25,0.0,
FD004,162,26,0.0,
FD004,162,27,0.0,
FD004,162,28,0.0,
FD004,162,29,0.0,
FD004,162,30,0.0,
FD004,162,31,0.0,
FD004,162,32,0.0,
FD004,162,33,0.0,
FD004,162,34,0.0,
FD004,162,35,0.0,
FD004,162,36,0.0,
FD004,162,37,0.0,
FD004,162,38,0.0,
FD004,162,39,0.0,
FD004,162,40,0.0,
FD004,162,41,0.0,
FD004,162,42,0.0,
FD004,162,43,0.0,
FD004,162,44,0.0,
FD004,162,45,0.0,
FD004,162,46,0.0,
FD004,162,47,0.0,
FD004,162,48,0.0,
FD004,162,49,0.0,
FD004,162,50,11.4176,
FD004,162,51,17.5499,
FD004,162,52,11.0899,
FD004,162,53,8.662,
FD004,162,54,7.2811,
FD004,162,55,5.6998,
FD004,162,56,5.2908,
FD004,162,57,6.5258,
FD004,162,58,6.5665,
FD004,162,59,7.2051,
FD004,162,60,8.4858,
FD004,162,61,8.8217,
FD004,162,62,11.518,
FD004,162,63,10.6647,
FD004,162,64,8.8671,
FD004,162,65,7.3925,
FD004,162,66,8.1024,
FD004,162,67,10.1789,
FD004,162,68,9.12,
FD004,162,69,9.3203,
FD004,162,70,8.9683,
FD004,162,71,7.7221,
FD004,162,72,7.1797,
FD004,162,73,9.2089,
FD004,162,74,8.6043,
FD004,162,75,8.2973,
FD004,162,76,8.8051,
FD004,162,77,7.6614,
FD004,162,78,7.7065,
FD004,162,79,7.8705,
FD004,162,80,7.7631,
FD004,162,81,7.9514,
FD004,162,82,8.2582,
FD004,162,83,7.5433,
FD004,162,84,7.6228,
FD004,162,85,7.6589,
FD004,162,86,7.6031,
FD004,162,87,7.1477,
FD004,162,88,10.3555,
FD004,162,89,12.1741,
FD004,162,90,8.0015,
FD004,162,91,9.9242,
FD004,162,92,9.4691,
FD004,162,93,8.3538,
FD004,162,94,9.5314,
FD004,162,95,10.4503,
FD004,162,96,10.8344,
FD004,162,97,12.4777,
FD004,162,98,11.6914,
FD004,162,99,9.6902,
FD004,163,1,0.0,
FD004,163,2,0.0,
FD004,163,3,0.0,
FD004,163,4,0.0,
FD004,163,5,0.0,
FD004,163,6,0.0,
FD004,163,7,0.0,
FD004,163,8,0.0,
FD004,163,9,0.0,
FD004,163,10,0.0,
FD004,163,11,0.0,
FD004,163,12,0.0,
FD004,163,13,0.0,
FD004,163,14,0.0,
FD004,163,15,0.0,
FD004,163,16,0.0,
FD004,163,17,0.0,
FD004,163,18,0.0,
FD004,163,19,0.0,
FD004,163,20,0.0,
FD004,163,21,0.0,
FD004,163,22,0.0,
FD004,163,23,0.0,
FD004,163,24,0.0,
FD004,163,25,0.0,
FD004,163,26,0.0,
FD004,163,27,0.0,
FD004,163,28,0.0,
FD004,163,29,0.0,
FD004,163,30,0.0,
FD004,163,31,0.0,
FD004,163,32,0.0,
FD004,163,33,0.0,
FD004,163,34,0.0,
FD004,163,35,0.0,
FD004,163,36,0.0,
FD004,163,37,0.0,
FD004,163,38,0.0,
FD004,163,39,0.0,
FD004,163,40,0.0,
FD004,163,41,0.0,
FD004,163,42,0.0,
FD004,163,43,0.0,
FD004,163,44,0.0,
FD004,163,45,0.0,
FD004,163,46,0.0,
FD004,163,47,0.0,
FD004,163,48,0.0,
FD004,163,49,0.0,
FD004,163,50,8.3464,
FD004,163,51,11.2404,
FD004,163,52,10.4325,
FD004,163,53,10.1737,
FD004,163,54,9.1243,
FD004,163,55,9.045,
FD004,163,56,8.77,
FD004,163,57,9.7138,
FD004,163,58,10.4148,
FD004,163,59,9.708,
FD004,163,60,7.1912,
FD004,163,61,7.1435,
FD004,163,62,7.1888,
FD004,163,63,7.8556,
FD004,163,64,6.8448,
FD004,163,65,12.0396,
FD004,163,66,11.7207,
FD004,163,67,12.4391,
FD004,163,68,11.5457,
FD004,163,69,12.5952,
FD004,163,70,12.2223,
FD004,163,71,18.0904,
FD004,163,72,12.9199,
FD004,163,73,11.4476,
FD004,163,74,12.5967,
FD004,163,75,12.6671,
FD004,163,76,12.6343,
FD004,163,77,13.4076,
FD004,163,78,10.5748,
FD004,163,79,9.4719,
FD004,163,80,9.3773,
FD004,163,81,8.8759,
FD004,163,82,8.6213,
FD004,163,83,8.5324,
FD004,163,84,10.217,
FD004,163,85,10.4784,
FD004,163,86,8.7454,
FD004,163,87,8.5639,
FD004,163,88,10.0873,
FD004,163,89,9.8409,
FD004,163,90,13.7392,
FD004,163,91,8.9089,
FD004,163,92,8.8414,
FD004,163,93,9.4078,
FD004,163,94,9.1809,
FD004,163,95,9.1266,
FD004,163,96,9.5364,
FD004,163,97,9.6966,
FD004,163,98,9.9126,
FD004,163,99,10.1423,
FD004,163,100,10.5585,
FD004,163,101,9.9583,
FD004,163,102,9.997,
FD004,163,103,9.6398,
FD004,163,104,11.2507,
FD004,163,105,11.1669,
FD004,163,106,10.0278,
FD004,163,107,11.7624,
FD004,163,108,9.6819,
FD004,163,109,9.7921,
FD004,163,110,7.6202,
FD004,163,111,8.311,
FD004,163,112,10.1223,
FD004,163,113,10.5229,
FD004,163,114,9.5135,
FD004,163,115,11.1229,
FD004,163,116,9.1396,
FD004,163,117,11.4658,
FD004,163,118,13.0582,
FD004,163,119,13.9745,
FD004,163,120,10.7411,
FD004,163,121,12.1888,
FD004,163,122,10.2049,
FD004,164,1,0.0,
FD004,164,2,0.0,
FD004,164,3,0.0,
FD004,164,4,0.0,
FD004,164,5,0.0,
FD004,164,6,0.0,
FD004,164,7,0.0,
FD004,164,8,0.0,
FD004,164,9,0.0,
FD004,164,10,0.0,
FD004,164,11,0.0,
FD004,164,12,0.0,
FD004,164,13,0.0,
FD004,164,14,0.0,
FD004,164,15,0.0,
FD004,164,16,0.0,
FD004,164,17,0.0,
FD004,164,18,0.0,
FD004,164,19,0.0,
FD004,164,20,0.0,
FD004,164,21,0.0,
FD004,164,22,0.0,
FD004,164,23,0.0,
FD004,164,24,0.0,
FD004,164,25,0.0,
FD004,164,26,0.0,
FD004,164,27,0.0,
FD004,164,28,0.0,
FD004,164,29,0.0,
FD004,165,1,0.0,
FD004,165,2,0.0,
FD004,165,3,0.0,
FD004,165,4,0.0,
FD004,165,5,0.0,
FD004,165,6,0.0,
FD004,165,7,0.0,
FD004,165,8,0.0,
FD004,165,9,0.0,
FD004,165,10,0.0,
FD004,165,11,0.0,
FD004,165,12,0.0,
FD004,165,13,0.0,
FD004,165,14,0.0,
FD004,165,15,0.0,
FD004,165,16,0.0,
FD004,165,17,0.0,
FD004,165,18,0.0,
FD004,165,19,0.0,
FD004,165,20,0.0,
FD004,165,21,0.0,
FD004,165,22,0.0,
FD004,165,23,0.0,
FD004,165,24,0.0,
FD004,165,25,0.0,
FD004,165,26,0.0,
FD004,165,27,0.0,
FD004,165,28,0.0,
FD004,165,29,0.0,
FD004,165,30,0.0,
FD004,165,31,0.0,
FD004,165,32,0.0,
FD004,165,33,0.0,
FD004,165,34,0.0,
FD004,165,35,0.0,
FD004,165,36,0.0,
FD004,165,37,0.0,
FD004,165,38,0.0,
FD004,165,39,0.0,
FD004,165,40,0.0,
FD004,165,41,0.0,
FD004,165,42,0.0,
FD004,165,43,0.0,
FD004,165,44,0.0,
FD004,165,45,0.0,
FD004,165,46,0.0,
FD004,165,47,0.0,
FD004,165,48,0.0,
FD004,165,49,0.0,
FD004,165,50,6.1885,
FD004,165,51,14.8808,
FD004,165,52,15.901,
FD004,165,53,15.7238,
FD004,165,54,14.3088,
FD004,165,55,14.6319,
FD004,165,56,11.1542,
FD004,165,57,11.1451,
FD004,165,58,11.4344,
FD004,165,59,9.1329,
FD004,165,60,13.0021,
FD004,165,61,11.4217,
FD004,165,62,12.055,
FD004,165,63,7.4311,
FD004,165,64,7.7947,
FD004,165,65,8.8296,
FD004,165,66,10.0706,
FD004,165,67,7.517,
FD004,165,68,14.9045,
FD004,165,69,10.2382,
FD004,165,70,10.9696,
FD004,165,71,9.2645,
FD004,165,72,6.741,
FD004,165,73,6.0558,
FD004,165,74,5.8023,
FD004,165,75,6.1127,
FD004,165,76,5.6352,
FD004,165,77,6.04,
FD004,165,78,6.3312,
FD004,165,79,6.751,
FD004,165,80,10.1988,
FD004,165,81,8.47,
FD004,165,82,10.0321,
FD004,165,83,7.7742,
FD004,165,84,8.2761,
FD004,165,85,6.8332,
FD004,165,86,7.7752,
FD004,165,87,6.9931,
FD004,165,88,9.5225,
FD004,165,89,9.5922,
FD004,165,90,11.1549,
FD004,165,91,7.264,
FD004,165,92,8.6932,
FD004,165,93,7.8624,
FD004,165,94,7.6475,
FD004,165,95,9.2275,
FD004,165,96,9.8803,
FD004,165,97,9.8781,
FD004,165,98,10.765,
FD004,165,99,10.687,
FD004,165,100,10.6786,
FD004,165,101,11.3195,
FD004,165,102,17.8937,
FD004,165,103,17.0837,
FD004,165,104,14.7344,
FD004,165,105,10.2273,
FD004,165,106,9.2276,
FD004,165,107,9.3935,
FD004,165,108,10.014,
FD004,165,109,9.3192,
FD004,165,110,9.3735,
FD004,165,111,10.4307,
FD004,165,112,9.5375,
FD004,165,113,13.8967,
FD004,165,114,9.5992,
FD004,165,115,9.8076,
FD004,165,116,9.9124,
FD004,165,117,9.0137,
FD004,165,118,8.3344,
FD004,165,119,9.2558,
FD004,165,120,8.6132,
FD004,165,121,8.8115,
FD004,165,122,10.3876,
FD004,165,123,10.3493,
FD004,165,124,8.1318,
FD004,165,125,7.8124,
FD004,165,126,9.2307,
FD004,165,127,9.7682,
FD004,165,128,10.0287,
FD004,165,129,9.27,
FD004,165,130,9.0622,
FD004,165,131,10.0189,
FD004,165,132,8.8656,
FD004,165,133,9.1457,
FD004,165,134,10.925,
FD004,165,135,13.7388,
FD004,165,136,9.405,
FD004,165,137,8.7292,
FD004,165,138,10.161,
FD004,165,139,12.119,
FD004,165,140,10.0684,
FD004,165,141,11.3455,
FD004,165,142,11.0111,
FD004,165,143,9.4537,
FD004,165,144,10.2046,
FD004,165,145,10.5519,
FD004,165,146,10.075,
FD004,165,147,9.823,
FD004,165,148,10.1615,
FD004,165,149,11.1115,
FD004,165,150,11.9139,
FD004,165,151,12.6377,
FD004,165,152,16.651,
FD004,165,153,14.3601,
FD004,165,154,13.7799,
FD004,165,155,12.9219,
FD004,165,156,13.4319,
FD004,165,157,10.8706,
FD004,165,158,11.9845,
FD004,165,159,9.4644,
FD004,165,160,9.6736,
FD004,165,161,8.9769,
FD004,165,162,7.8216,
FD004,165,163,6.1607,
FD004,165,164,7.6249,
FD004,165,165,6.9767,
FD004,165,166,7.3381,
FD004,165,167,7.3528,
FD004,165,168,6.6667,
FD004,165,169,7.1926,
FD004,165,170,7.9452,
FD004,165,171,11.7848,
FD004,165,172,13.496,
FD004,165,173,13.8239,
FD004,165,174,12.0544,
FD004,165,175,12.3556,
FD004,165,176,11.1441,
FD004,165,177,11.5821,
FD004,165,178,12.0959,
FD004,166,1,0.0,
FD004,166,2,0.0,
FD004,166,3,0.0,
FD004,166,4,0.0,
FD004,166,5,0.0,
FD004,166,6,0.0,
FD004,166,7,0.0,
FD004,166,8,0.0,
FD004,166,9,0.0,
FD004,166,10,0.0,
FD004,166,11,0.0,
FD004,166,12,0.0,
FD004,166,13,0.0,
FD004,166,14,0.0,
FD004,166,15,0.0,
FD004,166,16,0.0,
FD004,166,17,0.0,
FD004,166,18,0.0,
FD004,166,19,0.0,
FD004,166,20,0.0,
FD004,166,21,0.0,
FD004,166,22,0.0,
FD004,166,23,0.0,
FD004,166,24,0.0,
FD004,166,25,0.0,
FD004,166,26,0.0,
FD004,166,27,0.0,
FD004,166,28,0.0,
FD004,166,29,0.0,
FD004,166,30,0.0,
FD004,166,31,0.0,
FD004,166,32,0.0,
FD004,166,33,0.0,
FD004,166,34,0.0,
FD004,166,35,0.0,
FD004,166,36,0.0,
FD004,166,37,0.0,
FD004,166,38,0.0,
FD004,166,39,0.0,
FD004,166,40,0.0,
FD004,166,41,0.0,
FD004,166,42,0.0,
FD004,166,43,0.0,
FD004,166,44,0.0,
FD004,166,45,0.0,
FD004,166,46,0.0,
FD004,166,47,0.0,
FD004,166,48,0.0,
FD004,166,49,0.0,
FD004,166,50,6.6942,
FD004,166,51,6.8523,
FD004,166,52,6.6953,
FD004,166,53,5.5394,
FD004,166,54,6.2761,
FD004,166,55,6.5279,
FD004,166,56,6.2648,
FD004,166,57,8.5883,
FD004,166,58,6.2398,
FD004,166,59,6.6984,
FD004,166,60,8.9487,
FD004,166,61,6.0878,
FD004,166,62,7.9629,
FD004,166,63,8.1543,
FD004,167,1,0.0,
FD004,167,2,0.0,
FD004,167,3,0.0,
FD004,167,4,0.0,
FD004,167,5,0.0,
FD004,167,6,0.0,
FD004,167,7,0.0,
FD004,167,8,0.0,
FD004,167,9,0.0,
FD004,167,10,0.0,
FD004,167,11,0.0,
FD004,167,12,0.0,
FD004,167,13,0.0,
FD004,167,14,0.0,
FD004,167,15,0.0,
FD004,167,16,0.0,
FD004,167,17,0.0,
FD004,167,18,0.0,
FD004,167,19,0.0,
FD004,167,20,0.0,
FD004,167,21,0.0,
FD004,167,22,0.0,
FD004,167,23,0.0,
FD004,167,24,0.0,
FD004,167,25,0.0,
FD004,167,26,0.0,
FD004,167,27,0.0,
FD004,167,28,0.0,
FD004,167,29,0.0,
FD004,167,30,0.0,
FD004,167,31,0.0,
FD004,167,32,0.0,
FD004,167,33,0.0,
FD004,167,34,0.0,
FD004,167,35,0.0,
FD004,167,36,0.0,
FD004,167,37,0.0,
FD004,167,38,0.0,
FD004,167,39,0.0,
FD004,167,40,0.0,
FD004,167,41,0.0,
FD004,167,42,0.0,
FD004,167,43,0.0,
FD004,167,44,0.0,
FD004,167,45,0.0,
FD004,167,46,0.0,
FD004,167,47,0.0,
FD004,167,48,0.0,
FD004,167,49,0.0,
FD004,167,50,9.2032,
FD004,167,51,9.8741,
FD004,167,52,10.6768,
FD004,167,53,9.9064,
FD004,167,54,7.3707,
FD004,167,55,7.551,
FD004,167,56,7.321,
FD004,167,57,7.4008,
FD004,167,58,8.7413,
FD004,167,59,6.5967,
FD004,167,60,7.4084,
FD004,167,61,7.2643,
FD004,167,62,7.5916,
FD004,167,63,8.0507,
FD004,167,64,9.0222,
FD004,167,65,7.7374,
FD004,167,66,9.1553,
FD004,167,67,11.8791,
FD004,167,68,10.864,
FD004,167,69,9.1212,
FD004,167,70,9.0314,
FD004,167,71,20.7357,
FD004,167,72,11.9855,
FD004,167,73,12.3177,
FD004,167,74,14.0822,
FD004,167,75,13.9413,
FD004,167,76,15.0722,
FD004,167,77,14.7935,
FD004,167,78,12.8218,
FD004,167,79,10.9737,
FD004,167,80,12.7806,
FD004,167,81,12.8144,
FD004,167,82,11.9178,
FD004,167,83,6.7967,
FD004,167,84,9.0095,
FD004,167,85,9.7303,
FD004,167,86,8.45,
FD004,167,87,8.488,
FD004,167,88,8.8251,
FD004,167,89,9.3974,
FD004,167,90,9.7599,
FD004,167,91,11.6702,
FD004,167,92,10.3293,
FD004,167,93,8.9804,
FD004,167,94,11.6738,
FD004,167,95,9.9236,
FD004,167,96,8.1035,
FD004,167,97,9.4594,
FD004,167,98,6.8838,
FD004,167,99,7.9392,
FD004,168,1,0.0,
FD004,168,2,0.0,
FD004,168,3,0.0,
FD004,168,4,0.0,
FD004,168,5,0.0,
FD004,168,6,0.0,
FD004,168,7,0.0,
FD004,168,8,0.0,
FD004,168,9,0.0,
FD004,168,10,0.0,
FD004,168,11,0.0,
FD004,168,12,0.0,
FD004,168,13,0.0,
FD004,168,14,0.0,
FD004,168,15,0.0,
FD004,168,16,0.0,
FD004,168,17,0.0,
FD004,168,18,0.0,
FD004,168,19,0.0,
FD004,168,20,0.0,
FD004,168,21,0.0,
FD004,168,22,0.0,
FD004,168,23,0.0,
FD004,168,24,0.0,
FD004,168,25,0.0,
FD004,168,26,0.0,
FD004,168,27,0.0,
FD004,168,28,0.0,
FD004,168,29,0.0,
FD004,168,30,0.0,
FD004,168,31,0.0,
FD004,168,32,0.0,
FD004,168,33,0.0,
FD004,168,34,0.0,
FD004,168,35,0.0,
FD004,168,36,0.0,
FD004,168,37,0.0,
FD004,168,38,0.0,
FD004,168,39,0.0,
FD004,168,40,0.0,
FD004,168,41,0.0,
FD004,168,42,0.0,
FD004,168,43,0.0,
FD004,168,44,0.0,
FD004,168,45,0.0,
FD004,168,46,0.0,
FD004,168,47,0.0,
FD004,168,48,0.0,
FD004,168,49,0.0,
FD004,168,50,11.7435,
FD004,168,51,9.5186,
FD004,168,52,9.272,
FD004,168,53,9.9037,
FD004,168,54,10.6571,
FD004,168,55,10.4095,
FD004,168,56,10.2432,
FD004,168,57,9.9267,
FD004,168,58,8.857,
FD004,168,59,8.3178,
FD004,168,60,9.1652,
FD004,168,61,9.6739,
FD004,168,62,8.5663,
FD004,168,63,7.9166,
FD004,168,64,8.7342,
FD004,168,65,10.4965,
FD004,168,66,10.3433,
FD004,168,67,11.9442,
FD004,168,68,11.8405,
FD004,168,69,11.744,
FD004,168,70,13.3292,
FD004,168,71,11.8956,
FD004,168,72,13.7881,
FD004,168,73,13.6313,
FD004,168,74,12.9616,
FD004,169,1,0.0,
FD004,169,2,0.0,
FD004,169,3,0.0,
FD004,169,4,0.0,
FD004,169,5,0.0,
FD004,169,6,0.0,
FD004,169,7,0.0,
FD004,169,8,0.0,
FD004,169,9,0.0,
FD004,169,10,0.0,
FD004,169,11,0.0,
FD004,169,12,0.0,
FD004,169,13,0.0,
FD004,169,14,0.0,
FD004,169,15,0.0,
FD004,169,16,0.0,
FD004,169,17,0.0,
FD004,169,18,0.0,
FD004,169,19,0.0,
FD004,169,20,0.0,
FD004,169,21,0.0,
FD004,169,22,0.0,
FD004,169,23,0.0,
FD004,169,24,0.0,
FD004,169,25,0.0,
FD004,169,26,0.0,
FD004,169,27,0.0,
FD004,169,28,0.0,
FD004,169,29,0.0,
FD004,169,30,0.0,
FD004,169,31,0.0,
FD004,169,32,0.0,
FD004,169,33,0.0,
FD004,169,34,0.0,
FD004,170,1,0.0,
FD004,170,2,0.0,
FD004,170,3,0.0,
FD004,170,4,0.0,
FD004,170,5,0.0,
FD004,170,6,0.0,
FD004,170,7,0.0,
FD004,170,8,0.0,
FD004,170,9,0.0,
FD004,170,10,0.0,
FD004,170,11,0.0,
FD004,170,12,0.0,
FD004,170,13,0.0,
FD004,170,14,0.0,
FD004,170,15,0.0,
FD004,170,16,0.0,
FD004,170,17,0.0,
FD004,170,18,0.0,
FD004,170,19,0.0,
FD004,170,20,0.0,
FD004,170,21,0.0,
FD004,170,22,0.0,
FD004,170,23,0.0,
FD004,170,24,0.0,
FD004,170,25,0.0,
FD004,170,26,0.0,
FD004,170,27,0.0,
FD004,170,28,0.0,
FD004,170,29,0.0,
FD004,170,30,0.0,
FD004,170,31,0.0,
FD004,170,32,0.0,
FD004,170,33,0.0,
FD004,170,34,0.0,
FD004,170,35,0.0,
FD004,170,36,0.0,
FD004,170,37,0.0,
FD004,170,38,0.0,
FD004,170,39,0.0,
FD004,170,40,0.0,
FD004,170,41,0.0,
FD004,170,42,0.0,
FD004,170,43,0.0,
FD004,170,44,0.0,
FD004,170,45,0.0,
FD004,170,46,0.0,
FD004,170,47,0.0,
FD004,170,48,0.0,
FD004,171,1,0.0,
FD004,171,2,0.0,
FD004,171,3,0.0,
FD004,171,4,0.0,
FD004,171,5,0.0,
FD004,171,6,0.0,
FD004,171,7,0.0,
FD004,171,8,0.0,
FD004,171,9,0.0,
FD004,171,10,0.0,
FD004,171,11,0.0,
FD004,171,12,0.0,
FD004,171,13,0.0,
FD004,171,14,0.0,
FD004,171,15,0.0,
FD004,171,16,0.0,
FD004,171,17,0.0,
FD004,171,18,0.0,
FD004,171,19,0.0,
FD004,171,20,0.0,
FD004,171,21,0.0,
FD004,171,22,0.0,
FD004,171,23,0.0,
FD004,171,24,0.0,
FD004,171,25,0.0,
FD004,171,26,0.0,
FD004,171,27,0.0,
FD004,171,28,0.0,
FD004,171,29,0.0,
FD004,171,30,0.0,
FD004,171,31,0.0,
FD004,171,32,0.0,
FD004,171,33,0.0,
FD004,171,34,0.0,
FD004,171,35,0.0,
FD004,171,36,0.0,
FD004,171,37,0.0,
FD004,171,38,0.0,
FD004,171,39,0.0,
FD004,171,40,0.0,
FD004,171,41,0.0,
FD004,171,42,0.0,
FD004,171,43,0.0,
FD004,171,44,0.0,
FD004,171,45,0.0,
FD004,171,46,0.0,
FD004,171,47,0.0,
FD004,171,48,0.0,
FD004,171,49,0.0,
FD004,171,50,8.3301,
FD004,171,51,10.3495,
FD004,171,52,10.4182,
FD004,171,53,22.1971,
FD004,171,54,24.6416,
FD004,171,55,18.6656,
FD004,171,56,12.0204,
FD004,171,57,10.0945,
FD004,171,58,11.2398,
FD004,171,59,14.0902,
FD004,171,60,8.9567,
FD004,171,61,7.5661,
FD004,171,62,7.7607,
FD004,171,63,8.7783,
FD004,171,64,10.6398,
FD004,171,65,15.407,
FD004,171,66,16.4748,
FD004,171,67,18.7685,
FD004,171,68,14.3579,
FD004,171,69,12.1882,
FD004,171,70,13.9908,
FD004,171,71,15.1214,
FD004,171,72,12.3597,
FD004,171,73,13.7152,
FD004,171,74,14.1621,
FD004,171,75,12.932,
FD004,171,76,11.0817,
FD004,171,77,9.1949,
FD004,171,78,6.9594,
FD004,171,79,6.6378,
FD004,171,80,5.6935,
FD004,171,81,7.5873,
FD004,171,82,10.1936,
FD004,171,83,9.7217,
FD004,171,84,9.7692,
FD004,171,85,10.6074,
FD004,171,86,10.6319,
FD004,171,87,11.1781,
FD004,171,88,11.9331,
FD004,171,89,18.2126,
FD004,171,90,10.2934,
FD004,171,91,16.1914,
FD004,171,92,11.1543,
FD004,171,93,12.7879,
FD004,171,94,11.0184,
FD004,171,95,10.8363,
FD004,171,96,15.9888,
FD004,171,97,12.9186,
FD004,171,98,12.3244,
FD004,171,99,14.2096,
FD004,171,100,12.4488,
FD004,171,101,14.8136,
FD004,171,102,13.1912,
FD004,171,103,10.8626,
FD004,171,104,13.3751,
FD004,171,105,13.0849,
FD004,171,106,13.1245,
FD004,171,107,11.8831,
FD004,171,108,9.3348,
FD004,171,109,9.4607,
FD004,171,110,8.1285,
FD004,171,111,7.4193,
FD004,171,112,6.6658,
FD004,171,113,6.7921,
FD004,171,114,5.9834,
FD004,171,115,8.8055,
FD004,171,116,8.4725,
FD004,171,117,8.1982,
FD004,171,118,7.5171,
FD004,171,119,7.6757,
FD004,171,120,7.6023,
FD004,171,121,9.9135,
FD004,171,122,10.6685,
FD004,171,123,12.3202,
FD004,171,124,15.0294,
FD004,171,125,14.0752,
FD004,171,126,12.4235,
FD004,171,127,10.4945,
FD004,171,128,12.8902,
FD004,171,129,11.5772,
FD004,171,130,17.2112,
FD004,171,131,15.5094,
FD004,171,132,14.8035,
FD004,171,133,13.3239,
FD004,171,134,11.9365,
FD004,171,135,10.1462,
FD004,171,136,7.9084,
FD004,171,137,8.3839,
FD004,171,138,9.7295,
FD004,171,139,10.7642,
FD004,171,140,10.5206,
FD004,171,141,10.9121,
FD004,171,142,9.1507,
FD004,171,143,11.5104,
FD004,171,144,11.073,
FD004,171,145,8.1945,
FD004,171,146,8.1883,
FD004,171,147,11.8982,
FD004,171,148,11.5619,
FD004,171,149,10.0555,
FD004,171,150,9.2355,
FD004,171,151,9.3246,
FD004,171,152,10.1568,
FD004,171,153,10.5155,
FD004,171,154,12.6126,
FD004,171,155,12.3321,
FD004,171,156,13.0011,
FD004,171,157,11.3197,
FD004,171,158,8.8337,
FD004,171,159,11.4047,
FD004,171,160,10.4673,
FD004,171,161,8.9828,
FD004,171,162,14.0739,
FD004,171,163,12.8808,
FD004,171,164,12.4347,
FD004,171,165,11.1988,
FD004,171,166,10.62,
FD004,171,167,10.5449,
FD004,171,168,6.0519,
FD004,171,169,8.8243,
FD004,171,170,12.3957,
FD004,171,171,10.9237,
FD004,171,172,11.2851,
FD004,171,173,11.8807,
FD004,171,174,12.8181,
FD004,171,175,11.462,
FD004,171,176,13.8579,
FD004,171,177,14.738,
FD004,171,178,15.0018,
FD004,171,179,14.6445,
FD004,171,180,14.1231,
FD004,171,181,13.3657,
FD004,171,182,10.7041,
FD004,171,183,7.756,
FD004,171,184,9.8077,
FD004,171,185,12.6638,
FD004,171,186,8.3421,
FD004,171,187,9.7038,
FD004,171,188,10.9282,
FD004,171,189,12.7294,
FD004,171,190,9.5605,
FD004,171,191,9.4611,
FD004,171,192,9.0286,
FD004,171,193,9.6847,
FD004,171,194,14.5375,
FD004,171,195,13.4033,
FD004,171,196,12.5195,
FD004,171,197,9.314,
FD004,171,198,7.8396,
FD004,171,199,7.2873,
FD004,171,200,5.0335,
FD004,171,201,4.6663,
FD004,171,202,4.6067,
FD004,171,203,6.2055,
FD004,171,204,5.1964,
FD004,171,205,5.086,
FD004,171,206,13.478,
FD004,171,207,6.1058,
FD004,171,208,9.294,
FD004,171,209,6.7964,
FD004,171,210,4.918,
FD004,171,211,6.59,
FD004,171,212,9.1617,
FD004,171,213,11.5033,
FD004,171,214,12.3577,
FD004,171,215,14.9686,
FD004,171,216,14.8771,
FD004,171,217,13.9042,
FD004,171,218,14.1097,
FD004,171,219,12.6831,
FD004,171,220,17.8051,
FD004,171,221,18.6094,
FD004,171,222,14.9371,
FD004,171,223,10.073,
FD004,171,224,8.6533,
FD004,171,225,7.6018,
FD004,171,226,9.0187,
FD004,171,227,14.8038,
FD004,171,228,13.3642,
FD004,171,229,10.8313,
FD004,171,230,10.4921,
FD004,171,231,6.8383,
FD004,171,232,7.5855,
FD004,171,233,7.406,
FD004,171,234,8.8814,
FD004,171,235,12.0583,
FD004,171,236,13.7935,
FD004,171,237,12.5234,
FD004,171,238,14.2763,
FD004,171,239,9.4184,
FD004,171,240,8.9672,
FD004,171,241,6.8336,
FD004,171,242,6.4573,
FD004,171,243,5.7371,
FD004,171,244,7.4615,
FD004,171,245,7.0307,
FD004,171,246,6.7587,
FD004,171,247,7.7489,
FD004,171,248,7.5601,
FD004,171,249,7.1898,
FD004,171,250,9.3778,
FD004,171,251,10.0771,
FD004,171,252,8.5954,
FD004,171,253,7.7268,
FD004,171,254,9.398,
FD004,171,255,14.5491,
FD004,171,256,11.136,
FD004,171,257,10.3365,
FD004,171,258,6.9288,
FD004,171,259,6.7244,
FD004,171,260,6.6457,
FD004,171,261,6.99,
FD004,171,262,8.47,
FD004,171,263,7.8251,
FD004,171,264,7.5215,
FD004,171,265,7.916,
FD004,171,266,9.687,
FD004,171,267,8.9631,
FD004,171,268,7.9281,
FD004,171,269,8.4319,
FD004,171,270,5.6637,
FD004,171,271,6.47,
FD004,171,272,9.308,
FD004,171,273,12.1674,
FD004,171,274,10.3802,
FD004,171,275,11.9696,
FD004,171,276,13.9575,
FD004,171,277,15.7213,
FD004,171,278,14.0413,
FD004,171,279,19.0533,
FD004,171,280,21.4261,
FD004,171,281,21.2324,
FD004,171,282,20.5776,
FD004,171,283,22.3315,
FD004,171,284,14.569,
FD004,171,285,14.0506,
FD004,171,286,18.0528,
FD004,171,287,17.6991,
FD004,171,288,14.2204,
FD004,171,289,13.3118,
FD004,171,290,13.3381,
FD004,171,291,10.9779,
FD004,171,292,9.71,
FD004,171,293,9.7057,
FD004,171,294,13.0048,
FD004,171,295,7.0765,
FD004,171,296,11.5588,
FD004,171,297,11.1356,
FD004,171,298,12.6931,
FD004,171,299,8.4597,
FD004,171,300,8.8945,
FD004,171,301,7.24,
FD004,171,302,6.9128,
FD004,171,303,7.8804,
FD004,171,304,7.1755,
FD004,171,305,9.8916,
FD004,171,306,9.0568,
FD004,171,307,8.3346,
FD004,171,308,7.981,
FD004,171,309,7.8578,
FD004,171,310,9.0171,
FD004,171,311,8.3947,
FD004,171,312,7.5483,
FD004,171,313,8.6806,
FD004,171,314,9.3983,
FD004,171,315,8.3502,
FD004,171,316,8.9171,
FD004,171,317,11.6913,
FD004,171,318,14.2262,
FD004,171,319,12.2496,
FD004,171,320,12.552,
FD004,171,321,10.0085,
FD004,171,322,7.1749,
FD004,171,323,9.1913,
FD004,171,324,10.1736,
FD004,171,325,11.9512,
FD004,171,326,12.5261,
FD004,171,327,13.6172,
FD004,171,328,14.5417,
FD004,171,329,15.5715,
FD004,171,330,14.8469,
FD004,171,331,14.9516,
FD004,171,332,15.3461,
FD004,171,333,15.9437,
FD004,171,334,16.1641,
FD004,171,335,13.9202,
FD004,171,336,13.2158,
FD004,171,337,15.1363,
FD004,171,338,15.9843,
FD004,171,339,14.7974,
FD004,171,340,14.6205,
FD004,171,341,13.6678,
FD004,171,342,10.8573,
FD004,171,343,11.3977,
FD004,171,344,11.3518,
FD004,171,345,13.0729,
FD004,171,346,10.9946,
FD004,171,347,9.0098,
FD004,171,348,10.3112,
FD004,171,349,10.7085,
FD004,171,350,8.7933,
FD004,171,351,11.7137,
FD004,171,352,8.8315,
FD004,171,353,7.6393,
FD004,171,354,10.1505,
FD004,171,355,10.4145,
FD004,172,1,0.0,
FD004,172,2,0.0,
FD004,172,3,0.0,
FD004,172,4,0.0,
FD004,172,5,0.0,
FD004,172,6,0.0,
FD004,172,7,0.0,
FD004,172,8,0.0,
FD004,172,9,0.0,
FD004,172,10,0.0,
FD004,172,11,0.0,
FD004,172,12,0.0,
FD004,172,13,0.0,
FD004,172,14,0.0,
FD004,172,15,0.0,
FD004,172,16,0.0,
FD004,172,17,0.0,
FD004,172,18,0.0,
FD004,172,19,0.0,
FD004,172,20,0.0,
FD004,172,21,0.0,
FD004,172,22,0.0,
FD004,172,23,0.0,
FD004,172,24,0.0,
FD004,172,25,0.0,
FD004,172,26,0.0,
FD004,172,27,0.0,
FD004,172,28,0.0,
FD004,172,29,0.0,
FD004,172,30,0.0,
FD004,172,31,0.0,
FD004,172,32,0.0,
FD004,172,33,0.0,
FD004,172,34,0.0,
FD004,172,35,0.0,
FD004,172,36,0.0,
FD004,172,37,0.0,
FD004,172,38,0.0,
FD004,172,39,0.0,
FD004,172,40,0.0,
FD004,172,41,0.0,
FD004,172,42,0.0,
FD004,172,43,0.0,
FD004,172,44,0.0,
FD004,172,45,0.0,
FD004,172,46,0.0,
FD004,172,47,0.0,
FD004,172,48,0.0,
FD004,172,49,0.0,
FD004,172,50,8.7077,
FD004,172,51,8.49,
FD004,172,52,7.8538,
FD004,172,53,7.5099,
FD004,172,54,8.0981,
FD004,172,55,10.4554,
FD004,172,56,11.0799,
FD004,172,57,11.9471,
FD004,172,58,11.7141,
FD004,172,59,10.2504,
FD004,172,60,13.1474,
FD004,172,61,10.1563,
FD004,172,62,7.8781,
FD004,172,63,7.6534,
FD004,172,64,7.4082,
FD004,172,65,8.4755,
FD004,172,66,6.6318,
FD004,172,67,5.1763,
FD004,172,68,4.9563,
FD004,172,69,4.923,
FD004,172,70,6.6416,
FD004,172,71,9.9125,
FD004,172,72,16.8689,
FD004,172,73,14.5751,
FD004,172,74,11.095,
FD004,172,75,8.7514,
FD004,172,76,6.9508,
FD004,172,77,6.0456,
FD004,172,78,6.1828,
FD004,172,79,6.6301,
FD004,172,80,6.1423,
FD004,172,81,6.7393,
FD004,172,82,8.2726,
FD004,172,83,10.2297,
FD004,172,84,10.8844,
FD004,172,85,13.2518,
FD004,172,86,11.0353,
FD004,172,87,10.3948,
FD004,172,88,10.551,
FD004,172,89,10.5193,
FD004,172,90,8.8986,
FD004,172,91,9.4189,
FD004,172,92,8.9441,
FD004,172,93,8.42,
FD004,172,94,8.9376,
FD004,172,95,9.0221,
FD004,172,96,7.7288,
FD004,172,97,13.5112,
FD004,172,98,11.5459,
FD004,172,99,8.9258,
FD004,172,100,8.4446,
FD004,172,101,9.0386,
FD004,172,102,9.406,
FD004,172,103,8.5095,
FD004,172,104,10.1206,
FD004,172,105,11.2201,
FD004,172,106,8.9604,
FD004,172,107,10.8585,
FD004,172,108,8.5623,
FD004,172,109,9.628,
FD004,172,110,9.1768,
FD004,172,111,14.0123,
FD004,172,112,8.6618,
FD004,172,113,9.9021,
FD004,172,114,10.5746,
FD004,172,115,10.2267,
FD004,172,116,10.1407,
FD004,172,117,9.2614,
FD004,172,118,14.3912,
FD004,172,119,12.2981,
FD004,172,120,10.1194,
FD004,172,121,10.716,
FD004,172,122,9.7351,
FD004,172,123,8.1821,
FD004,172,124,6.7421,
FD004,172,125,6.2097,
FD004,172,126,6.7949,
FD004,172,127,7.1132,
FD004,172,128,6.8845,
FD004,172,129,8.5461,
FD004,172,130,10.2629,
FD004,172,131,10.4538,
FD004,172,132,8.6703,
FD004,173,1,0.0,
FD004,173,2,0.0,
FD004,173,3,0.0,
FD004,173,4,0.0,
FD004,173,5,0.0,
FD004,173,6,0.0,
FD004,173,7,0.0,
FD004,173,8,0.0,
FD004,173,9,0.0,
FD004,173,10,0.0,
FD004,173,11,0.0,
FD004,173,12,0.0,
FD004,173,13,0.0,
FD004,173,14,0.0,
FD004,173,15,0.0,
FD004,173,16,0.0,
FD004,173,17,0.0,
FD004,173,18,0.0,
FD004,173,19,0.0,
FD004,173,20,0.0,
FD004,173,21,0.0,
FD004,173,22,0.0,
FD004,173,23,0.0,
FD004,173,24,0.0,
FD004,173,25,0.0,
FD004,173,26,0.0,
FD004,173,27,0.0,
FD004,173,28,0.0,
FD004,173,29,0.0,
FD004,173,30,0.0,
FD004,173,31,0.0,
FD004,173,32,0.0,
FD004,173,33,0.0,
FD004,173,34,0.0,
FD004,173,35,0.0,
FD004,173,36,0.0,
FD004,173,37,0.0,
FD004,173,38,0.0,
FD004,173,39,0.0,
FD004,173,40,0.0,
FD004,173,41,0.0,
FD004,173,42,0.0,
FD004,173,43,0.0,
FD004,173,44,0.0,
FD004,173,45,0.0,
FD004,173,46,0.0,
FD004,173,47,0.0,
FD004,173,48,0.0,
FD004,173,49,0.0,
FD004,173,50,5.4454,
FD004,173,51,6.5699,
FD004,173,52,7.137,
FD004,173,53,5.2955,
FD004,173,54,5.8422,
FD004,173,55,5.9087,
FD004,173,56,5.5061,
FD004,173,57,5.7794,
FD004,173,58,5.6711,
FD004,173,59,5.946,
FD004,173,60,5.0009,
FD004,173,61,5.2981,
FD004,173,62,5.0849,
FD004,173,63,7.4049,
FD004,173,64,7.7102,
FD004,173,65,8.3493,
FD004,173,66,6.882,
FD004,173,67,11.9534,
FD004,173,68,7.0298,
FD004,173,69,9.4737,
FD004,173,70,10.09,
FD004,173,71,12.6661,
FD004,173,72,19.3745,
FD004,173,73,16.5066,
FD004,173,74,16.2263,
FD004,173,75,15.2714,
FD004,173,76,13.0108,
FD004,173,77,13.9561,
FD004,173,78,13.561,
FD004,173,79,13.3224,
FD004,173,80,16.4638,
FD004,173,81,17.0107,
FD004,173,82,14.5884,
FD004,173,83,15.5363,
FD004,173,84,8.3917,
FD004,173,85,9.7278,
FD004,173,86,8.3726,
FD004,173,87,7.2598,
FD004,173,88,7.4851,
FD004,173,89,9.3112,
FD004,173,90,9.3646,
FD004,173,91,8.5984,
FD004,173,92,7.4179,
FD004,173,93,12.3715,
FD004,173,94,11.1382,
FD004,173,95,10.5413,
FD004,173,96,8.6294,
FD004,173,97,9.2727,
FD004,173,98,9.2739,
FD004,173,99,8.332,
FD004,173,100,7.6805,
FD004,173,101,7.9611,
FD004,173,102,9.7176,
FD004,173,103,8.7305,
FD004,173,104,6.6987,
FD004,173,105,15.0384,
FD004,173,106,15.9521,
FD004,173,107,14.6706,
FD004,173,108,16.1653,
FD004,173,109,11.6664,
FD004,173,110,10.4613,
FD004,173,111,8.5772,
FD004,173,112,9.576,
FD004,173,113,10.1155,
FD004,173,114,10.162,
FD004,173,115,9.2274,
FD004,173,116,8.6389,
FD004,173,117,6.1239,
FD004,173,118,6.676,
FD004,173,119,8.1882,
FD004,173,120,7.7721,
FD004,173,121,7.2135,
FD004,173,122,6.8491,
FD004,173,123,6.4254,
FD004,173,124,7.1033,
FD004,173,125,6.0366,
FD004,173,126,6.1545,
FD004,173,127,5.5178,
FD004,173,128,8.1085,
FD004,173,129,11.2561,
FD004,173,130,12.9626,
FD004,173,131,14.6341,
FD004,173,132,12.848,
FD004,173,133,11.4203,
FD004,173,134,9.087,
FD004,173,135,14.6679,
FD004,173,136,8.3861,
FD004,173,137,7.3705,
FD004,173,138,8.6157,
FD004,173,139,9.0479,
FD004,173,140,10.5495,
FD004,173,141,12.5889,
FD004,173,142,11.7999,
FD004,173,143,11.0204,
FD004,173,144,8.7922,
FD004,173,145,10.3873,
FD004,173,146,11.0915,
FD004,173,147,9.9553,
FD004,173,148,8.2931,
FD004,173,149,10.3819,
FD004,173,150,6.6143,
FD004,173,151,6.5506,
FD004,174,1,0.0,
FD004,174,2,0.0,
FD004,174,3,0.0,
FD004,174,4,0.0,
FD004,174,5,0.0,
FD004,174,6,0.0,
FD004,174,7,0.0,
FD004,174,8,0.0,
FD004,174,9,0.0,
FD004,174,10,0.0,
FD004,174,11,0.0,
FD004,174,12,0.0,
FD004,174,13,0.0,
FD004,174,14,0.0,
FD004,174,15,0.0,
FD004,174,16,0.0,
FD004,174,17,0.0,
FD004,174,18,0.0,
FD004,174,19,0.0,
FD004,174,20,0.0,
FD004,174,21,0.0,
FD004,174,22,0.0,
FD004,174,23,0.0,
FD004,174,24,0.0,
FD004,174,25,0.0,
FD004,174,26,0.0,
FD004,174,27,0.0,
FD004,174,28,0.0,
FD004,174,29,0.0,
FD004,174,30,0.0,
FD004,174,31,0.0,
FD004,174,32,0.0,
FD004,174,33,0.0,
FD004,174,34,0.0,
FD004,174,35,0.0,
FD004,174,36,0.0,
FD004,174,37,0.0,
FD004,174,38,0.0,
FD004,174,39,0.0,
FD004,174,40,0.0,
FD004,174,41,0.0,
FD004,174,42,0.0,
FD004,174,43,0.0,
FD004,174,44,0.0,
FD004,174,45,0.0,
FD004,174,46,0.0,
FD004,174,47,0.0,
FD004,174,48,0.0,
FD004,174,49,0.0,
FD004,174,50,6.0124,
FD004,174,51,7.3036,
FD004,174,52,7.2632,
FD004,174,53,6.9306,
FD004,174,54,5.2249,
FD004,174,55,6.5938,
FD004,174,56,8.9319,
FD004,174,57,12.0307,
FD004,174,58,12.1367,
FD004,174,59,14.3407,
FD004,174,60,15.4682,
FD004,174,61,15.119,
FD004,174,62,14.227,
FD004,174,63,14.0007,
FD004,174,64,12.772,
FD004,174,65,12.9876,
FD004,174,66,13.1609,
FD004,174,67,11.5848,
FD004,174,68,9.9883,
FD004,174,69,6.82,
FD004,174,70,4.0201,
FD004,174,71,7.4759,
FD004,174,72,7.6354,
FD004,174,73,6.3188,
FD004,174,74,5.0771,
FD004,174,75,6.1487,
FD004,174,76,8.1118,
FD004,174,77,8.1889,
FD004,174,78,8.2709,
FD004,174,79,8.5374,
FD004,174,80,6.854,
FD004,174,81,8.2328,
FD004,174,82,10.585,
FD004,174,83,10.6603,
FD004,174,84,9.5958,
FD004,174,85,10.1565,
FD004,174,86,11.3594,
FD004,174,87,7.9027,
FD004,174,88,8.9636,
FD004,174,89,9.4521,
FD004,174,90,14.1422,
FD004,174,91,11.1532,
FD004,174,92,6.6643,
FD004,174,93,6.8222,
FD004,174,94,6.3944,
FD004,174,95,6.7827,
FD004,174,96,7.5365,
FD004,174,97,7.0451,
FD004,174,98,7.6983,
FD004,174,99,7.4163,
FD004,174,100,11.2958,
FD004,174,101,10.4373,
FD004,174,102,10.0468,
FD004,174,103,6.1285,
FD004,174,104,6.2809,
FD004,174,105,9.0852,
FD004,174,106,9.1651,
FD004,174,107,9.7149,
FD004,174,108,8.9903,
FD004,174,109,10.725,
FD004,174,110,8.8484,
FD004,174,111,10.2326,
FD004,174,112,10.9527,
FD004,174,113,10.3298,
FD004,174,114,10.2752,
FD004,174,115,9.3701,
FD004,174,116,8.6764,
FD004,174,117,8.3586,
FD004,174,118,8.0819,
FD004,174,119,9.9996,
FD004,174,120,9.6062,
FD004,174,121,8.8031,
FD004,174,122,8.7287,
FD004,174,123,8.0447,
FD004,174,124,7.817,
FD004,174,125,11.3201,
FD004,174,126,11.5763,
FD004,174,127,10.9384,
FD004,174,128,11.4829,
FD004,174,129,12.2036,
FD004,174,130,12.2349,
FD004,174,131,11.5431,
FD004,174,132,10.388,
FD004,174,133,11.2105,
FD004,174,134,8.5617,
FD004,174,135,8.9423,
FD004,175,1,0.0,
FD004,175,2,0.0,
FD004,175,3,0.0,
FD004,175,4,0.0,
FD004,175,5,0.0,
FD004,175,6,0.0,
FD004,175,7,0.0,
FD004,175,8,0.0,
FD004,175,9,0.0,
FD004,175,10,0.0,
FD004,175,11,0.0,
FD004,175,12,0.0,
FD004,175,13,0.0,
FD004,175,14,0.0,
FD004,175,15,0.0,
FD004,175,16,0.0,
FD004,175,17,0.0,
FD004,175,18,0.0,
FD004,175,19,0.0,
FD004,175,20,0.0,
FD004,175,21,0.0,
FD004,175,22,0.0,
FD004,175,23,0.0,
FD004,175,24,0.0,
FD004,175,25,0.0,
FD004,175,26,0.0,
FD004,175,27,0.0,
FD004,175,28,0.0,
FD004,175,29,0.0,
FD004,175,30,0.0,
FD004,175,31,0.0,
FD004,175,32,0.0,
FD004,175,33,0.0,
FD004,175,34,0.0,
FD004,175,35,0.0,
FD004,175,36,0.0,
FD004,175,37,0.0,
FD004,175,38,0.0,
FD004,175,39,0.0,
FD004,175,40,0.0,
FD004,175,41,0.0,
FD004,175,42,0.0,
FD004,175,43,0.0,
FD004,175,44,0.0,
FD004,175,45,0.0,
FD004,175,46,0.0,
FD004,175,47,0.0,
FD004,175,48,0.0,
FD004,175,49,0.0,
FD004,175,50,6.981,
FD004,175,51,13.3928,
FD004,175,52,10.9616,
FD004,175,53,10.9916,
FD004,175,54,8.5561,
FD004,175,55,8.9129,
FD004,175,56,12.4071,
FD004,175,57,8.4641,
FD004,175,58,8.4935,
FD004,175,59,9.0577,
FD004,175,60,7.9103,
FD004,175,61,7.3127,
FD004,175,62,7.1747,
FD004,175,63,5.4686,
FD004,175,64,6.3611,
FD004,175,65,6.3191,
FD004,175,66,6.282,
FD004,175,67,7.6975,
FD004,175,68,9.5372,
FD004,175,69,8.6771,
FD004,175,70,7.8229,
FD004,175,71,10.5752,
FD004,175,72,11.2463,
FD004,175,73,13.3594,
FD004,175,74,16.5097,
FD004,175,75,12.9656,
FD004,175,76,14.9551,
FD004,175,77,18.1125,
FD004,175,78,19.6952,
FD004,175,79,18.3233,
FD004,175,80,12.823,
FD004,175,81,12.0683,
FD004,175,82,13.3327,
FD004,175,83,12.7033,
FD004,175,84,13.6,
FD004,175,85,13.3658,
FD004,175,86,15.2986,
FD004,175,87,10.101,
FD004,175,88,7.1053,
FD004,175,89,7.1575,
FD004,175,90,6.7675,
FD004,175,91,7.1288,
FD004,175,92,5.2435,
FD004,175,93,6.3601,
FD004,175,94,7.55,
FD004,175,95,6.5822,
FD004,175,96,5.945,
FD004,175,97,7.0316,
FD004,175,98,7.231,
FD004,175,99,7.6662,
FD004,175,100,8.666,
FD004,175,101,7.7855,
FD004,175,102,6.6549,
FD004,175,103,7.8928,
FD004,175,104,11.5782,
FD004,175,105,8.1311,
FD004,175,106,7.007,
FD004,175,107,6.0795,
FD004,175,108,7.6692,
FD004,175,109,5.3745,
FD004,175,110,5.5345,
FD004,175,111,5.7799,
FD004,175,112,8.1371,
FD004,175,113,9.9798,
FD004,175,114,11.7562,
FD004,175,115,10.6111,
FD004,175,116,10.2978,
FD004,176,1,0.0,
FD004,176,2,0.0,
FD004,176,3,0.0,
FD004,176,4,0.0,
FD004,176,5,0.0,
FD004,176,6,0.0,
FD004,176,7,0.0,
FD004,176,8,0.0,
FD004,176,9,0.0,
FD004,176,10,0.0,
FD004,176,11,0.0,
FD004,176,12,0.0,
FD004,176,13,0.0,
FD004,176,14,0.0,
FD004,176,15,0.0,
FD004,176,16,0.0,
FD004,176,17,0.0,
FD004,176,18,0.0,
FD004,176,19,0.0,
FD004,176,20,0.0,
FD004,176,21,0.0,
FD004,176,22,0.0,
FD004,176,23,0.0,
FD004,176,24,0.0,
FD004,176,25,0.0,
FD004,176,26,0.0,
FD004,176,27,0.0,
FD004,176,28,0.0,
FD004,176,29,0.0,
FD004,176,30,0.0,
FD004,176,31,0.0,
FD004,176,32,0.0,
FD004,176,33,0.0,
FD004,176,34,0.0,
FD004,176,35,0.0,
FD004,176,36,0.0,
FD004,176,37,0.0,
FD004,176,38,0.0,
FD004,176,39,0.0,
FD004,176,40,0.0,
FD004,176,41,0.0,
FD004,176,42,0.0,
FD004,176,43,0.0,
FD004,176,44,0.0,
FD004,176,45,0.0,
FD004,176,46,0.0,
FD004,176,47,0.0,
FD004,176,48,0.0,
FD004,176,49,0.0,
FD004,176,50,8.4198,
FD004,176,51,7.8373,
FD004,176,52,13.0018,
FD004,176,53,11.189,
FD004,176,54,11.539,
FD004,176,55,10.5458,
FD004,176,56,11.4893,
FD004,176,57,11.7687,
FD004,176,58,10.915,
FD004,176,59,12.1371,
FD004,176,60,11.7986,
FD004,176,61,12.997,
FD004,176,62,12.6571,
FD004,176,63,13.4725,
FD004,176,64,11.9495,
FD004,176,65,13.198,
FD004,176,66,11.5466,
FD004,176,67,13.3749,
FD004,176,68,17.4583,
FD004,176,69,14.5616,
FD004,176,70,13.1788,
FD004,176,71,13.1462,
FD004,176,72,15.3433,
FD004,176,73,13.9012,
FD004,176,74,12.4387,
FD004,176,75,14.4873,
FD004,176,76,9.0457,
FD004,176,77,8.7418,
FD004,176,78,8.1695,
FD004,176,79,7.1572,
FD004,176,80,7.0869,
FD004,176,81,7.3391,
FD004,176,82,7.706,
FD004,176,83,8.7702,
FD004,176,84,8.1982,
FD004,176,85,8.442,
FD004,176,86,8.3759,
FD004,176,87,7.4291,
FD004,176,88,11.5696,
FD004,176,89,12.2008,
FD004,176,90,11.1487,
FD004,176,91,13.5421,
FD004,176,92,13.8142,
FD004,176,93,16.4383,
FD004,176,94,15.4984,
FD004,176,95,12.7503,
FD004,176,96,18.3769,
FD004,176,97,14.7278,
FD004,176,98,15.4745,
FD004,176,99,14.2608,
FD004,176,100,13.2394,
FD004,176,101,14.0714,
FD004,176,102,23.3451,
FD004,176,103,14.2632,
FD004,176,104,14.3957,
FD004,176,105,12.6335,
FD004,176,106,12.7568,
FD004,176,107,12.5961,
FD004,176,108,10.5067,
FD004,176,109,11.6836,
FD004,176,110,8.9516,
FD004,176,111,9.7538,
FD004,176,112,8.5135,
FD004,176,113,7.4121,
FD004,176,114,8.0523,
FD004,176,115,8.1801,
FD004,176,116,7.9758,
FD004,176,117,8.7602,
FD004,176,118,9.6896,
FD004,176,119,9.3069,
FD004,176,120,7.843,
FD004,176,121,7.6983,
FD004,176,122,6.2442,
FD004,176,123,8.153,
FD004,176,124,6.0001,
FD004,176,125,6.5734,
FD004,176,126,6.6059,
FD004,176,127,7.5443,
FD004,176,128,7.9496,
FD004,176,129,7.6321,
FD004,176,130,7.6504,
FD004,176,131,10.7138,
FD004,176,132,9.6496,
FD004,176,133,10.5851,
FD004,176,134,11.5318,
FD004,176,135,13.2802,
FD004,176,136,13.5139,
FD004,176,137,21.2725,
FD004,176,138,18.7743,
FD004,176,139,19.1483,
FD004,176,140,19.2186,
FD004,176,141,19.0314,
FD004,176,142,17.8249,
FD004,176,143,10.9511,
FD004,176,144,8.3409,
FD004,176,145,9.4737,
FD004,176,146,9.5393,
FD004,176,147,10.0564,
FD004,176,148,9.8618,
FD004,176,149,10.1992,
FD004,176,150,8.4485,
FD004,176,151,8.8248,
FD004,176,152,8.1857,
FD004,176,153,7.2572,
FD004,176,154,8.97,
FD004,176,155,10.9145,
FD004,176,156,10.0862,
FD004,176,157,9.6907,
FD004,176,158,10.4425,
FD004,176,159,7.9957,
FD004,176,160,9.2228,
FD004,176,161,7.2824,
FD004,176,162,13.4524,
FD004,176,163,11.7885,
FD004,176,164,10.5463,
FD004,176,165,10.6518,
FD004,176,166,9.8207,
FD004,176,167,13.363,
FD004,176,168,10.5173,
FD004,176,169,8.9813,
FD004,176,170,8.6984,
FD004,176,171,9.161,
FD004,176,172,10.0698,
FD004,176,173,8.8092,
FD004,176,174,9.013,
FD004,176,175,9.7425,
FD004,176,176,11.942,
FD004,176,177,14.4779,
FD004,176,178,13.6472,
FD004,176,179,13.1359,
FD004,176,180,13.18,
FD004,176,181,14.8378,
FD004,176,182,17.7874,
FD004,176,183,14.8497,
FD004,176,184,8.7674,
FD004,176,185,15.8777,
FD004,177,1,0.0,
FD004,177,2,0.0,
FD004,177,3,0.0,
FD004,177,4,0.0,
FD004,177,5,0.0,
FD004,177,6,0.0,
FD004,177,7,0.0,
FD004,177,8,0.0,
FD004,177,9,0.0,
FD004,177,10,0.0,
FD004,177,11,0.0,
FD004,177,12,0.0,
FD004,177,13,0.0,
FD004,177,14,0.0,
FD004,177,15,0.0,
FD004,177,16,0.0,
FD004,177,17,0.0,
FD004,177,18,0.0,
FD004,177,19,0.0,
FD004,177,20,0.0,
FD004,177,21,0.0,
FD004,177,22,0.0,
FD004,177,23,0.0,
FD004,177,24,0.0,
FD004,177,25,0.0,
FD004,177,26,0.0,
FD004,177,27,0.0,
FD004,177,28,0.0,
FD004,177,29,0.0,
FD004,177,30,0.0,
FD004,177,31,0.0,
FD004,177,32,0.0,
FD004,177,33,0.0,
FD004,177,34,0.0,
FD004,177,35,0.0,
FD004,177,36,0.0,
FD004,177,37,0.0,
FD004,177,38,0.0,
FD004,177,39,0.0,
FD004,177,40,0.0,
FD004,177,41,0.0,
FD004,177,42,0.0,
FD004,177,43,0.0,
FD004,177,44,0.0,
FD004,177,45,0.0,
FD004,177,46,0.0,
FD004,177,47,0.0,
FD004,177,48,0.0,
FD004,177,49,0.0,
FD004,177,50,8.6899,
FD004,177,51,21.6002,
FD004,177,52,15.2846,
FD004,177,53,15.1372,
FD004,177,54,13.8938,
FD004,177,55,11.4502,
FD004,177,56,10.3895,
FD004,177,57,7.0715,
FD004,177,58,7.7142,
FD004,177,59,7.5035,
FD004,177,60,10.3079,
FD004,177,61,11.9246,
FD004,177,62,12.5784,
FD004,177,63,13.142,
FD004,177,64,12.3871,
FD004,177,65,13.1482,
FD004,177,66,12.2892,
FD004,177,67,10.7243,
FD004,177,68,10.895,
FD004,177,69,11.2338,
FD004,177,70,10.4421,
FD004,177,71,10.3686,
FD004,177,72,10.7043,
FD004,177,73,9.6204,
FD004,177,74,10.1744,
FD004,177,75,11.8975,
FD004,177,76,12.3998,
FD004,177,77,11.5724,
FD004,177,78,10.761,
FD004,177,79,11.0997,
FD004,177,80,12.6789,
FD004,177,81,17.1357,
FD004,177,82,13.2068,
FD004,177,83,12.6482,
FD004,177,84,10.8848,
FD004,177,85,10.4801,
FD004,177,86,10.9186,
FD004,177,87,10.4748,
FD004,177,88,9.2897,
FD004,177,89,9.6281,
FD004,177,90,9.6124,
FD004,177,91,8.8231,
FD004,177,92,7.6324,
FD004,177,93,8.2797,
FD004,177,94,8.4459,
FD004,177,95,8.9627,
FD004,177,96,11.5279,
FD004,177,97,8.953,
FD004,177,98,8.5849,
FD004,177,99,8.2874,
FD004,177,100,8.8493,
FD004,177,101,9.3688,
FD004,177,102,10.4243,
FD004,177,103,10.7174,
FD004,177,104,9.3009,
FD004,177,105,11.5076,
FD004,177,106,10.7285,
FD004,177,107,10.4087,
FD004,177,108,8.9412,
FD004,177,109,18.5764,
FD004,177,110,15.2272,
FD004,177,111,14.2062,
FD004,177,112,13.7963,
FD004,177,113,12.5954,
FD004,177,114,10.0166,
FD004,177,115,10.5977,
FD004,177,116,13.3713,
FD004,177,117,13.8282,
FD004,177,118,12.9398,
FD004,177,119,13.8916,
FD004,177,120,12.196,
FD004,177,121,12.9551,
FD004,177,122,11.9183,
FD004,177,123,9.509,
FD004,177,124,9.3842,
FD004,177,125,9.3354,
FD004,177,126,10.8486,
FD004,177,127,12.3118,
FD004,177,128,10.8537,
FD004,177,129,11.1857,
FD004,177,130,11.4983,
FD004,177,131,9.8964,
FD004,177,132,11.4164,
FD004,177,133,10.4587,
FD004,177,134,11.0144,
FD004,177,135,10.3091,
FD004,177,136,10.2953,
FD004,177,137,10.5618,
FD004,177,138,9.4235,
FD004,177,139,9.6244,
FD004,177,140,8.5313,
FD004,177,141,8.7224,
FD004,177,142,8.9808,
FD004,177,143,8.4281,
FD004,177,144,8.7139,
FD004,177,145,8.2104,
FD004,177,146,9.7582,
FD004,178,1,0.0,
FD004,178,2,0.0,
FD004,178,3,0.0,
FD004,178,4,0.0,
FD004,178,5,0.0,
FD004,178,6,0.0,
FD004,178,7,0.0,
FD004,178,8,0.0,
FD004,178,9,0.0,
FD004,178,10,0.0,
FD004,178,11,0.0,
FD004,178,12,0.0,
FD004,178,13,0.0,
FD004,178,14,0.0,
FD004,178,15,0.0,
FD004,178,16,0.0,
FD004,178,17,0.0,
FD004,178,18,0.0,
FD004,178,19,0.0,
FD004,178,20,0.0,
FD004,178,21,0.0,
FD004,178,22,0.0,
FD004,178,23,0.0,
FD004,178,24,0.0,
FD004,178,25,0.0,
FD004,178,26,0.0,
FD004,178,27,0.0,
FD004,178,28,0.0,
FD004,178,29,0.0,
FD004,178,30,0.0,
FD004,178,31,0.0,
FD004,178,32,0.0,
FD004,178,33,0.0,
FD004,178,34,0.0,
FD004,178,35,0.0,
FD004,178,36,0.0,
FD004,178,37,0.0,
FD004,178,38,0.0,
FD004,178,39,0.0,
FD004,178,40,0.0,
FD004,178,41,0.0,
FD004,178,42,0.0,
FD004,178,43,0.0,
FD004,178,44,0.0,
FD004,178,45,0.0,
FD004,178,46,0.0,
FD004,178,47,0.0,
FD004,178,48,0.0,
FD004,178,49,0.0,
FD004,178,50,7.7242,
FD004,178,51,8.8686,
FD004,178,52,8.0355,
FD004,178,53,7.4278,
FD004,178,54,8.2509,
FD004,178,55,6.7693,
FD004,178,56,8.4598,
FD004,178,57,9.3962,
FD004,178,58,6.5551,
FD004,178,59,7.8962,
FD004,178,60,8.4248,
FD004,178,61,8.9904,
FD004,178,62,8.9743,
FD004,178,63,9.1229,
FD004,178,64,7.655,
FD004,178,65,9.0455,
FD004,178,66,7.3715,
FD004,178,67,7.7588,
FD004,178,68,8.0773,
FD004,178,69,10.177,
FD004,178,70,10.4498,
FD004,178,71,13.4073,
FD004,178,72,17.489,
FD004,178,73,17.8814,
FD004,178,74,19.3626,
FD004,178,75,15.1443,
FD004,178,76,12.3168,
FD004,178,77,10.4124,
FD004,178,78,10.654,
FD004,178,79,9.078,
FD004,178,80,10.9781,
FD004,178,81,11.2844,
FD004,178,82,11.402,
FD004,178,83,9.9076,
FD004,178,84,8.6383,
FD004,178,85,8.2915,
FD004,178,86,7.0006,
FD004,178,87,9.8465,
FD004,178,88,12.7738,
FD004,178,89,12.4398,
FD004,178,90,7.3547,
FD004,178,91,7.2279,
FD004,178,92,10.7866,
FD004,178,93,12.9731,
FD004,178,94,15.4338,
FD004,178,95,17.3612,
FD004,178,96,21.4305,
FD004,178,97,21.5196,
FD004,178,98,19.964,
FD004,178,99,14.6755,
FD004,178,100,15.7962,
FD004,178,101,11.17,
FD004,178,102,10.259,
FD004,178,103,10.0677,
FD004,178,104,8.6015,
FD004,178,105,8.6793,
FD004,178,106,7.4595,
FD004,178,107,8.3896,
FD004,178,108,6.5842,
FD004,178,109,8.9567,
FD004,178,110,8.3367,
FD004,178,111,8.211,
FD004,178,112,7.4502,
FD004,178,113,9.5694,
FD004,178,114,6.5904,
FD004,178,115,8.9568,
FD004,178,116,10.3391,
FD004,178,117,12.119,
FD004,178,118,11.7624,
FD004,178,119,12.5171,
FD004,178,120,9.2811,
FD004,178,121,8.4745,
FD004,178,122,9.1711,
FD004,178,123,8.5166,
FD004,178,124,6.9453,
FD004,178,125,6.6477,
FD004,178,126,7.1756,
FD004,178,127,6.0237,
FD004,178,128,6.647,
FD004,178,129,6.6135,
FD004,178,130,6.9976,
FD004,178,131,6.5194,
FD004,178,132,7.1157,
FD004,178,133,6.3009,
FD004,178,134,7.1123,
FD004,178,135,8.7447,
FD004,178,136,8.5677,
FD004,178,137,9.3834,
FD004,178,138,11.9264,
FD004,178,139,15.7763,
FD004,178,140,20.9593,
FD004,178,141,18.1047,
FD004,178,142,19.4297,
FD004,178,143,15.1459,
FD004,178,144,14.7253,
FD004,178,145,13.3318,
FD004,178,146,10.378,
FD004,178,147,7.9174,
FD004,178,148,8.8307,
FD004,178,149,7.4026,
FD004,178,150,6.8403,
FD004,178,151,6.6498,
FD004,178,152,5.4599,
FD004,178,153,5.7478,
FD004,178,154,5.6354,
FD004,178,155,6.9977,
FD004,178,156,6.1999,
FD004,178,157,9.4059,
FD004,178,158,7.4299,
FD004,178,159,6.6049,
FD004,178,160,6.016,
FD004,178,161,5.2827,
FD004,178,162,6.59,
FD004,178,163,7.2027,
FD004,178,164,7.7519,
FD004,178,165,6.1685,
FD004,178,166,5.3687,
FD004,178,167,5.2862,
FD004,178,168,6.4424,
FD004,178,169,6.7565,
FD004,178,170,9.0946,
FD004,178,171,8.5447,
FD004,178,172,10.8706,
FD004,178,173,8.4973,
FD004,178,174,7.2788,
FD004,178,175,6.2495,
FD004,178,176,6.2628,
FD004,178,177,6.7736,
FD004,178,178,10.2779,
FD004,178,179,13.6844,
FD004,178,180,12.7629,
FD004,178,181,17.2532,
FD004,178,182,22.8078,
FD004,178,183,15.1378,
FD004,178,184,15.4712,
FD004,178,185,16.5549,
FD004,178,186,16.7273,
FD004,178,187,10.3564,
FD004,178,188,14.7115,
FD004,178,189,15.5979,
FD004,178,190,16.1708,
FD004,178,191,16.4295,
FD004,178,192,15.8824,
FD004,178,193,16.7562,
FD004,178,194,16.1266,
FD004,178,195,18.6495,
FD004,178,196,18.0915,
FD004,178,197,18.415,
FD004,178,198,17.5979,
FD004,178,199,31.6302,
FD004,178,200,17.078,
FD004,178,201,16.4195,
FD004,178,202,10.3463,
FD004,178,203,8.1577,
FD004,178,204,7.9576,
FD004,178,205,12.4058,
FD004,178,206,14.1729,
FD004,178,207,11.2433,
FD004,178,208,9.8099,
FD004,178,209,9.8042,
FD004,178,210,10.6549,
FD004,178,211,9.0908,
FD004,178,212,7.8775,
FD004,178,213,8.6531,
FD004,178,214,8.8393,
FD004,178,215,8.5293,
FD004,178,216,10.3695,
FD004,178,217,9.6309,
FD004,178,218,15.364,
FD004,178,219,13.0545,
FD004,178,220,10.238,
FD004,178,221,13.1042,
FD004,178,222,14.3965,
FD004,178,223,14.4576,
FD004,178,224,12.4437,
FD004,178,225,11.4837,
FD004,178,226,11.2888,
FD004,178,227,10.8715,
FD004,178,228,10.7682,
FD004,178,229,11.817,
FD004,178,230,9.7713,
FD004,178,231,8.4307,
FD004,178,232,7.2752,
FD004,178,233,6.5977,
FD004,178,234,8.4388,
FD004,178,235,7.4614,
FD004,178,236,7.2473,
FD004,178,237,6.3977,
FD004,178,238,7.6882,
FD004,178,239,7.1571,
FD004,178,240,8.1931,
FD004,178,241,7.2882,
FD004,178,242,7.7481,
FD004,178,243,7.3783,
FD004,178,244,9.0355,
FD004,178,245,6.5355,
FD004,178,246,6.8074,
FD004,178,247,9.3745,
FD004,178,248,9.5197,
FD004,178,249,8.4008,
FD004,178,250,7.3518,
FD004,178,251,7.1132,
FD004,178,252,6.5693,
FD004,178,253,7.0208,
FD004,178,254,6.7472,
FD004,178,255,7.0696,
FD004,178,256,7.8916,
FD004,178,257,7.1924,
FD004,178,258,8.491,
FD004,178,259,8.048,
FD004,178,260,8.7137,
FD004,178,261,10.8824,
FD004,178,262,12.9821,
FD004,178,263,10.2328,
FD004,178,264,9.5678,
FD004,178,265,8.979,
FD004,178,266,11.2109,
FD004,178,267,10.1897,
FD004,178,268,11.092,
FD004,178,269,8.9053,
FD004,178,270,11.2573,
FD004,178,271,10.0325,
FD004,178,272,9.2128,
FD004,178,273,9.2185,
FD004,178,274,13.5495,
FD004,178,275,10.9154,
FD004,178,276,12.0069,
FD004,178,277,12.6431,
FD004,178,278,8.2383,
FD004,178,279,7.5272,
FD004,179,1,0.0,
FD004,179,2,0.0,
FD004,179,3,0.0,
FD004,179,4,0.0,
FD004,179,5,0.0,
FD004,179,6,0.0,
FD004,179,7,0.0,
FD004,179,8,0.0,
FD004,179,9,0.0,
FD004,179,10,0.0,
FD004,179,11,0.0,
FD004,179,12,0.0,
FD004,179,13,0.0,
FD004,179,14,0.0,
FD004,179,15,0.0,
FD004,179,16,0.0,
FD004,179,17,0.0,
FD004,179,18,0.0,
FD004,179,19,0.0,
FD004,179,20,0.0,
FD004,179,21,0.0,
FD004,179,22,0.0,
FD004,179,23,0.0,
FD004,179,24,0.0,
FD004,179,25,0.0,
FD004,179,26,0.0,
FD004,179,27,0.0,
FD004,179,28,0.0,
FD004,179,29,0.0,
FD004,179,30,0.0,
FD004,179,31,0.0,
FD004,179,32,0.0,
FD004,179,33,0.0,
FD004,179,34,0.0,
FD004,179,35,0.0,
FD004,179,36,0.0,
FD004,179,37,0.0,
FD004,179,38,0.0,
FD004,179,39,0.0,
FD004,179,40,0.0,
FD004,179,41,0.0,
FD004,179,42,0.0,
FD004,179,43,0.0,
FD004,179,44,0.0,
FD004,179,45,0.0,
FD004,179,46,0.0,
FD004,179,47,0.0,
FD004,179,48,0.0,
FD004,179,49,0.0,
FD004,179,50,4.3533,
FD004,179,51,5.9459,
FD004,179,52,8.0984,
FD004,179,53,6.2601,
FD004,179,54,8.7947,
FD004,179,55,8.6048,
FD004,179,56,9.0579,
FD004,179,57,10.1296,
FD004,179,58,8.8017,
FD004,179,59,8.8996,
FD004,179,60,13.6566,
FD004,179,61,10.1071,
FD004,179,62,8.4317,
FD004,179,63,8.165,
FD004,179,64,7.2926,
FD004,179,65,9.1324,
FD004,179,66,9.696,
FD004,179,67,9.7882,
FD004,179,68,10.2857,
FD004,179,69,9.8565,
FD004,179,70,7.7271,
FD004,179,71,7.1961,
FD004,179,72,12.4812,
FD004,179,73,7.4699,
FD004,179,74,8.9871,
FD004,179,75,7.8181,
FD004,179,76,7.9198,
FD004,179,77,9.7133,
FD004,179,78,10.025,
FD004,179,79,9.0267,
FD004,179,80,9.4077,
FD004,179,81,8.6048,
FD004,179,82,10.3039,
FD004,179,83,7.3831,
FD004,179,84,6.5789,
FD004,179,85,6.8324,
FD004,179,86,10.8782,
FD004,179,87,12.3134,
FD004,179,88,8.4748,
FD004,179,89,8.9795,
FD004,179,90,8.6216,
FD004,179,91,9.7181,
FD004,179,92,9.3635,
FD004,179,93,10.3829,
FD004,179,94,10.9121,
FD004,179,95,11.5207,
FD004,179,96,16.5158,
FD004,179,97,10.0522,
FD004,179,98,8.9247,
FD004,179,99,6.701,
FD004,179,100,8.6777,
FD004,179,101,10.197,
FD004,179,102,9.9133,
FD004,179,103,11.0836,
FD004,179,104,11.5688,
FD004,179,105,10.8575,
FD004,179,106,10.0061,
FD004,179,107,6.7114,
FD004,179,108,8.3738,
FD004,179,109,8.3484,
FD004,179,110,11.1427,
FD004,179,111,9.3277,
FD004,179,112,8.7052,
FD004,179,113,8.2555,
FD004,179,114,8.9884,
FD004,179,115,8.8204,
FD004,179,116,10.2266,
FD004,179,117,10.4589,
FD004,179,118,10.4214,
FD004,179,119,12.8141,
FD004,179,120,12.8511,
FD004,179,121,10.1973,
FD004,179,122,7.5342,
FD004,179,123,9.438,
FD004,179,124,11.6052,
FD004,179,125,14.0949,
FD004,179,126,15.837,
FD004,179,127,16.3614,
FD004,179,128,15.6692,
FD004,179,129,16.7949,
FD004,179,130,17.8978,
FD004,179,131,15.0124,
FD004,179,132,14.5855,
FD004,179,133,13.6205,
FD004,179,134,12.9665,
FD004,179,135,13.315,
FD004,179,136,13.757,
FD004,179,137,10.481,
FD004,179,138,10.5548,
FD004,179,139,8.7264,
FD004,179,140,7.6379,
FD004,179,141,10.204,
FD004,179,142,7.982,
FD004,179,143,9.0778,
FD004,179,144,8.5149,
FD004,179,145,9.5606,
FD004,179,146,11.8394,
FD004,179,147,11.2878,
FD004,179,148,11.9501,
FD004,179,149,12.3993,
FD004,179,150,13.3236,
FD004,179,151,13.5486,
FD004,179,152,13.3078,
FD004,179,153,11.1129,
FD004,179,154,11.806,
FD004,179,155,10.3057,
FD004,179,156,10.8561,
FD004,179,157,10.0895,
FD004,179,158,14.7697,
FD004,179,159,10.32,
FD004,179,160,9.7197,
FD004,179,161,9.9455,
FD004,179,162,11.828,
FD004,179,163,10.8192,
FD004,179,164,10.1147,
FD004,179,165,8.0103,
FD004,179,166,6.1396,
FD004,179,167,7.4871,
FD004,179,168,8.2201,
FD004,179,169,7.3704,
FD004,179,170,8.3154,
FD004,179,171,9.0262,
FD004,179,172,9.7032,
FD004,179,173,7.2862,
FD004,179,174,5.6012,
FD004,179,175,6.7369,
FD004,179,176,7.3421,
FD004,179,177,9.8503,
FD004,179,178,8.0899,
FD004,179,179,10.327,
FD004,179,180,8.3322,
FD004,179,181,8.4636,
FD004,179,182,8.5562,
FD004,179,183,7.7742,
FD004,179,184,7.2043,
FD004,179,185,8.2321,
FD004,179,186,8.3201,
FD004,179,187,9.5598,
FD004,179,188,12.0905,
FD004,179,189,11.9268,
FD004,179,190,10.2489,
FD004,179,191,8.561,
FD004,179,192,13.6036,
FD004,179,193,12.4393,
FD004,179,194,10.8228,
FD004,179,195,9.0276,
FD004,179,196,10.214,
FD004,179,197,11.8432,
FD004,179,198,15.3117,
FD004,179,199,14.7842,
FD004,179,200,16.4974,
FD004,179,201,14.8523,
FD004,179,202,14.5475,
FD004,179,203,13.1129,
FD004,179,204,13.7162,
FD004,179,205,12.6967,
FD004,179,206,12.0659,
FD004,179,207,12.0815,
FD004,179,208,11.9229,
FD004,179,209,9.5141,
FD004,179,210,7.0085,
FD004,179,211,6.0048,
FD004,179,212,6.5948,
FD004,179,213,6.0289,
FD004,179,214,5.9218,
FD004,179,215,5.5974,
FD004,179,216,5.5909,
FD004,179,217,7.9914,
FD004,179,218,12.082,
FD004,179,219,13.9371,
FD004,179,220,14.2352,
FD004,179,221,14.6521,
FD004,179,222,18.6881,
FD004,179,223,18.6622,
FD004,179,224,18.8587,
FD004,179,225,20.0091,
FD004,179,226,20.2769,
FD004,179,227,18.7054,
FD004,179,228,18.4368,
FD004,179,229,16.8801,
FD004,179,230,16.7615,
FD004,179,231,14.3455,
FD004,179,232,14.506,
FD004,179,233,14.8633,
FD004,179,234,11.4178,
FD004,179,235,10.8361,
FD004,179,236,10.0413,
FD004,179,237,9.272,
FD004,179,238,14.3621,
FD004,179,239,12.8511,
FD004,179,240,14.2634,
FD004,179,241,15.5808,
FD004,179,242,13.5083,
FD004,179,243,18.0675,
FD004,179,244,10.1233,
FD004,179,245,12.7292,
FD004,179,246,11.8512,
FD004,179,247,13.9583,
FD004,179,248,12.6102,
FD004,179,249,12.7041,
FD004,179,250,13.7911,
FD004,179,251,13.6229,
FD004,179,252,13.0209,
FD004,179,253,11.0179,
FD004,179,254,10.5128,
FD004,179,255,9.9133,
FD004,179,256,13.4158,
FD004,179,257,16.1517,
FD004,179,258,20.4008,
FD004,179,259,10.8069,
FD004,179,260,13.2173,
FD004,179,261,7.8507,
FD004,179,262,9.5004,
FD004,180,1,0.0,
FD004,180,2,0.0,
FD004,180,3,0.0,
FD004,180,4,0.0,
FD004,180,5,0.0,
FD004,180,6,0.0,
FD004,180,7,0.0,
FD004,180,8,0.0,
FD004,180,9,0.0,
FD004,180,10,0.0,
FD004,180,11,0.0,
FD004,180,12,0.0,
FD004,180,13,0.0,
FD004,180,14,0.0,
FD004,180,15,0.0,
FD004,180,16,0.0,
FD004,180,17,0.0,
FD004,180,18,0.0,
FD004,180,19,0.0,
FD004,180,20,0.0,
FD004,180,21,0.0,
FD004,180,22,0.0,
FD004,180,23,0.0,
FD004,180,24,0.0,
FD004,180,25,0.0,
FD004,180,26,0.0,
FD004,180,27,0.0,
FD004,180,28,0.0,
FD004,180,29,0.0,
FD004,180,30,0.0,
FD004,180,31,0.0,
FD004,180,32,0.0,
FD004,180,33,0.0,
FD004,180,34,0.0,
FD004,180,35,0.0,
FD004,180,36,0.0,
FD004,180,37,0.0,
FD004,180,38,0.0,
FD004,180,39,0.0,
FD004,180,40,0.0,
FD004,180,41,0.0,
FD004,180,42,0.0,
FD004,180,43,0.0,
FD004,180,44,0.0,
FD004,180,45,0.0,
FD004,180,46,0.0,
FD004,180,47,0.0,
FD004,180,48,0.0,
FD004,180,49,0.0,
FD004,180,50,7.5242,
FD004,180,51,5.8086,
FD004,180,52,8.9123,
FD004,180,53,7.2841,
FD004,180,54,7.478,
FD004,180,55,7.468,
FD004,180,56,7.6665,
FD004,180,57,7.8154,
FD004,180,58,8.0943,
FD004,180,59,8.2675,
FD004,180,60,6.0935,
FD004,180,61,6.7949,
FD004,180,62,6.2573,
FD004,180,63,6.0478,
FD004,180,64,6.372,
FD004,180,65,6.3536,
FD004,180,66,7.516,
FD004,180,67,6.2344,
FD004,180,68,6.0311,
FD004,180,69,5.3925,
FD004,180,70,9.0464,
FD004,180,71,9.4342,
FD004,180,72,6.4885,
FD004,180,73,7.287,
FD004,180,74,8.2677,
FD004,180,75,7.1278,
FD004,180,76,7.8113,
FD004,180,77,6.2044,
FD004,180,78,6.9921,
FD004,180,79,6.5302,
FD004,180,80,6.7553,
FD004,180,81,9.4388,
FD004,180,82,9.9647,
FD004,180,83,11.4412,
FD004,180,84,14.8422,
FD004,180,85,14.4523,
FD004,180,86,14.8822,
FD004,180,87,9.4076,
FD004,180,88,15.9907,
FD004,180,89,13.392,
FD004,180,90,11.1436,
FD004,180,91,12.2373,
FD004,180,92,13.4645,
FD004,180,93,13.8724,
FD004,180,94,12.445,
FD004,180,95,12.1986,
FD004,180,96,10.4619,
FD004,180,97,11.3442,
FD004,180,98,13.7346,
FD004,180,99,11.5545,
FD004,180,100,14.2868,
FD004,180,101,14.6939,
FD004,180,102,14.8262,
FD004,180,103,14.9433,
FD004,180,104,14.7352,
FD004,180,105,14.7588,
FD004,180,106,14.8919,
FD004,180,107,12.6751,
FD004,180,108,9.8826,
FD004,180,109,11.5552,
FD004,180,110,11.9157,
FD004,180,111,12.4502,
FD004,180,112,11.8164,
FD004,180,113,9.1329,
FD004,180,114,10.0217,
FD004,180,115,9.8566,
FD004,180,116,11.5573,
FD004,180,117,9.937,
FD004,180,118,11.115,
FD004,180,119,12.6251,
FD004,180,120,12.5188,
FD004,180,121,11.0336,
FD004,180,122,12.7831,
FD004,180,123,11.234,
FD004,180,124,12.4735,
FD004,180,125,10.5749,
FD004,180,126,10.3676,
FD004,180,127,10.8617,
FD004,180,128,9.9834,
FD004,180,129,13.603,
FD004,180,130,10.6141,
FD004,180,131,11.6341,
FD004,180,132,10.257,
FD004,180,133,10.6089,
FD004,180,134,10.6913,
FD004,180,135,13.2678,
FD004,180,136,11.8822,
FD004,180,137,21.3445,
FD004,180,138,19.0111,
FD004,180,139,14.0401,
FD004,180,140,14.6809,
FD004,180,141,12.9134,
FD004,180,142,13.3791,
FD004,180,143,13.7327,
FD004,180,144,11.5337,
FD004,180,145,14.1857,
FD004,180,146,16.618,
FD004,180,147,7.742,
FD004,180,148,8.4538,
FD004,180,149,7.9691,
FD004,180,150,8.7901,
FD004,180,151,9.4175,
FD004,180,152,10.9102,
FD004,180,153,6.0343,
FD004,180,154,7.2952,
FD004,180,155,6.2864,
FD004,180,156,5.4609,
FD004,180,157,5.5652,
FD004,180,158,5.1816,
FD004,180,159,9.0829,
FD004,180,160,8.5129,
FD004,180,161,9.4857,
FD004,180,162,9.7362,
FD004,180,163,7.0345,
FD004,180,164,5.5363,
FD004,180,165,6.9878,
FD004,180,166,6.3364,
FD004,180,167,9.4034,
FD004,180,168,12.0944,
FD004,180,169,10.0392,
FD004,180,170,9.7505,
FD004,180,171,9.6548,
FD004,180,172,8.2728,
FD004,180,173,8.2427,
FD004,180,174,6.894,
FD004,180,175,14.8437,
FD004,180,176,7.9668,
FD004,180,177,9.7925,
FD004,180,178,12.5139,
FD004,180,179,17.9434,
FD004,180,180,17.4241,
FD004,180,181,11.4885,
FD004,180,182,14.9622,
FD004,180,183,11.9169,
FD004,180,184,9.0794,
FD004,180,185,6.1353,
FD004,180,186,6.8745,
FD004,180,187,5.754,
FD004,180,188,7.0877,
FD004,180,189,5.6037,
FD004,180,190,6.6072,
FD004,180,191,7.005,
FD004,180,192,7.595,
FD004,180,193,8.141,
FD004,180,194,6.5758,
FD004,180,195,6.4319,
FD004,180,196,9.7439,
FD004,180,197,8.5001,
FD004,180,198,6.5355,
FD004,180,199,8.6661,
FD004,180,200,6.2704,
FD004,180,201,5.5086,
FD004,180,202,7.6202,
FD004,180,203,6.6177,
FD004,180,204,8.4468,
FD004,180,205,8.7354,
FD004,180,206,8.874,
FD004,180,207,9.7856,
FD004,180,208,8.3658,
FD004,180,209,7.1709,
FD004,180,210,6.616,
FD004,180,211,7.0811,
FD004,180,212,5.8013,
FD004,180,213,6.5411,
FD004,180,214,7.703,
FD004,180,215,8.8094,
FD004,180,216,7.8811,
FD004,180,217,8.2034,
FD004,180,218,11.5895,
FD004,180,219,11.5577,
FD004,180,220,11.8886,
FD004,180,221,15.4835,
FD004,180,222,9.8064,
FD004,180,223,13.2588,
FD004,180,224,12.055,
FD004,180,225,10.389,
FD004,180,226,9.4863,
FD004,180,227,7.4459,
FD004,180,228,5.5616,
FD004,180,229,5.1614,
FD004,180,230,5.9506,
FD004,180,231,7.4502,
FD004,180,232,7.2411,
FD004,180,233,6.2249,
FD004,180,234,5.9621,
FD004,180,235,6.467,
FD004,180,236,6.407,
FD004,180,237,4.7462,
FD004,180,238,8.6563,
FD004,180,239,8.3092,
FD004,180,240,9.4385,
FD004,180,241,9.5479,
FD004,180,242,8.6486,
FD004,180,243,9.0949,
FD004,180,244,7.7655,
FD004,180,245,6.7807,
FD004,180,246,8.6217,
FD004,180,247,10.5304,
FD004,180,248,10.15,
FD004,180,249,18.486,
FD004,180,250,11.0617,
FD004,180,251,13.9179,
FD004,180,252,10.4809,
FD004,180,253,8.9811,
FD004,180,254,7.73,
FD004,180,255,6.8402,
FD004,180,256,7.2241,
FD004,180,257,6.3285,
FD004,180,258,4.9099,
FD004,180,259,4.4251,
FD004,180,260,5.4107,
FD004,180,261,6.5626,
FD004,180,262,7.6898,
FD004,180,263,7.7471,
FD004,180,264,6.4923,
FD004,180,265,12.3497,
FD004,180,266,9.8313,
FD004,180,267,19.3279,
FD004,180,268,8.9257,
FD004,180,269,8.988,
FD004,180,270,7.737,
FD004,180,271,9.5679,
FD004,180,272,8.6855,
FD004,180,273,7.5031,
FD004,180,274,11.2717,
FD004,180,275,10.3607,
FD004,180,276,9.8529,
FD004,180,277,11.8419,
FD004,180,278,12.9979,
FD004,180,279,6.9584,
FD004,180,280,7.2827,
FD004,180,281,7.813,
FD004,180,282,8.6006,
FD004,180,283,8.4132,
FD004,180,284,8.9675,
FD004,180,285,9.9831,
FD004,180,286,14.7499,
FD004,180,287,14.4308,
FD004,180,288,11.2908,
FD004,180,289,14.6837,
FD004,180,290,9.0667,
FD004,180,291,5.9912,
FD004,180,292,7.8581,
FD004,180,293,7.3669,
FD004,180,294,7.2086,
FD004,180,295,9.0051,
FD004,180,296,9.3565,
FD004,180,297,10.0212,
FD004,180,298,10.3486,
FD004,180,299,10.8793,
FD004,180,300,9.7044,
FD004,180,301,10.1457,
FD004,180,302,11.5568,
FD004,180,303,15.634,
FD004,180,304,13.7231,
FD004,180,305,13.5046,
FD004,180,306,14.8398,
FD004,180,307,17.3095,
FD004,180,308,9.4228,
FD004,180,309,8.4905,
FD004,180,310,8.1953,
FD004,180,311,8.8805,
FD004,180,312,8.9439,
FD004,180,313,10.7403,
FD004,180,314,15.3392,
FD004,180,315,13.4508,
FD004,180,316,13.6228,
FD004,180,317,10.756,
FD004,180,318,9.4402,
FD004,180,319,7.3566,
FD004,180,320,7.8268,
FD004,180,321,6.6336,
FD004,180,322,7.5248,
FD004,180,323,8.9546,
FD004,180,324,9.2889,
FD004,180,325,11.6903,
FD004,180,326,12.6877,
FD004,180,327,9.1564,
FD004,180,328,8.4869,
FD004,180,329,9.8825,
FD004,180,330,7.864,
FD004,180,331,6.4265,
FD004,180,332,5.1366,
FD004,180,333,5.4971,
FD004,180,334,9.3043,
FD004,180,335,9.3317,
FD004,180,336,7.99,
FD004,180,337,8.0857,
FD004,180,338,10.5166,
FD004,180,339,9.3769,
FD004,180,340,10.4933,
FD004,180,341,11.4426,
FD004,180,342,13.8981,
FD004,180,343,12.3009,
FD004,180,344,6.9995,
FD004,180,345,8.7344,
FD004,180,346,12.0776,
FD004,180,347,12.6513,
FD004,180,348,12.7524,
FD004,180,349,9.5129,
FD004,180,350,10.8141,
FD004,180,351,10.4002,
FD004,180,352,8.404,
FD004,180,353,6.6212,
FD004,180,354,7.6997,
FD004,180,355,8.9024,
FD004,180,356,6.5134,
FD004,180,357,8.5959,
FD004,180,358,6.7473,
FD004,180,359,5.9906,
FD004,180,360,5.5073,
FD004,180,361,6.8973,
FD004,180,362,7.2197,
FD004,180,363,8.861,
FD004,180,364,8.2415,
FD004,180,365,7.578,
FD004,180,366,6.5157,
FD004,180,367,6.6373,
FD004,181,1,0.0,
FD004,181,2,0.0,
FD004,181,3,0.0,
FD004,181,4,0.0,
FD004,181,5,0.0,
FD004,181,6,0.0,
FD004,181,7,0.0,
FD004,181,8,0.0,
FD004,181,9,0.0,
FD004,181,10,0.0,
FD004,181,11,0.0,
FD004,181,12,0.0,
FD004,181,13,0.0,
FD004,181,14,0.0,
FD004,181,15,0.0,
FD004,181,16,0.0,
FD004,181,17,0.0,
FD004,181,18,0.0,
FD004,181,19,0.0,
FD004,181,20,0.0,
FD004,181,21,0.0,
FD004,181,22,0.0,
FD004,181,23,0.0,
FD004,181,24,0.0,
FD004,181,25,0.0,
FD004,181,26,0.0,
FD004,181,27,0.0,
FD004,181,28,0.0,
FD004,181,29,0.0,
FD004,181,30,0.0,
FD004,181,31,0.0,
FD004,181,32,0.0,
FD004,181,33,0.0,
FD004,181,34,0.0,
FD004,181,35,0.0,
FD004,181,36,0.0,
FD004,181,37,0.0,
FD004,181,38,0.0,
FD004,181,39,0.0,
FD004,181,40,0.0,
FD004,181,41,0.0,
FD004,181,42,0.0,
FD004,181,43,0.0,
FD004,181,44,0.0,
FD004,181,45,0.0,
FD004,181,46,0.0,
FD004,181,47,0.0,
FD004,181,48,0.0,
FD004,181,49,0.0,
FD004,181,50,6.4494,
FD004,181,51,10.082,
FD004,181,52,10.2746,
FD004,181,53,8.3726,
FD004,181,54,7.2109,
FD004,181,55,5.8003,
FD004,181,56,5.5861,
FD004,181,57,9.6306,
FD004,181,58,8.3762,
FD004,181,59,5.9176,
FD004,181,60,7.5646,
FD004,181,61,9.2173,
FD004,181,62,10.4841,
FD004,181,63,12.5889,
FD004,181,64,12.1739,
FD004,181,65,18.2839,
FD004,181,66,14.2197,
FD004,181,67,10.4631,
FD004,181,68,10.8591,
FD004,181,69,10.8413,
FD004,181,70,9.6116,
FD004,181,71,13.2969,
FD004,181,72,10.0057,
FD004,181,73,6.9456,
FD004,181,74,5.2343,
FD004,181,75,5.5949,
FD004,181,76,5.7135,
FD004,181,77,7.251,
FD004,181,78,8.2654,
FD004,181,79,7.217,
FD004,181,80,7.621,
FD004,181,81,9.0508,
FD004,181,82,9.3895,
FD004,181,83,7.4957,
FD004,181,84,6.3695,
FD004,181,85,7.2768,
FD004,181,86,8.5815,
FD004,181,87,8.9131,
FD004,181,88,9.7553,
FD004,181,89,7.0963,
FD004,181,90,6.4286,
FD004,181,91,6.2966,
FD004,181,92,6.0213,
FD004,181,93,7.199,
FD004,181,94,10.2348,
FD004,181,95,7.686,
FD004,181,96,7.6695,
FD004,181,97,5.8895,
FD004,181,98,6.3289,
FD004,181,99,7.1426,
FD004,181,100,8.9453,
FD004,181,101,9.4326,
FD004,181,102,7.737,
FD004,181,103,7.355,
FD004,181,104,8.1289,
FD004,181,105,8.3678,
FD004,181,106,9.4015,
FD004,181,107,6.9662,
FD004,181,108,5.3126,
FD004,181,109,4.4258,
FD004,181,110,5.698,
FD004,181,111,5.5429,
FD004,181,112,5.2399,
FD004,181,113,4.8599,
FD004,181,114,5.4436,
FD004,181,115,6.1073,
FD004,181,116,5.5754,
FD004,181,117,7.1621,
FD004,181,118,12.6006,
FD004,181,119,9.8745,
FD004,181,120,10.3504,
FD004,181,121,10.1172,
FD004,181,122,11.4527,
FD004,181,123,9.992,
FD004,181,124,11.81,
FD004,181,125,8.683,
FD004,181,126,10.537,
FD004,181,127,10.0233,
FD004,181,128,6.5553,
FD004,181,129,4.8276,
FD004,181,130,6.3762,
FD004,181,131,7.9235,
FD004,181,132,6.4492,
FD004,181,133,8.5716,
FD004,181,134,11.4529,
FD004,181,135,11.2426,
FD004,181,136,12.9903,
FD004,181,137,14.1093,
FD004,181,138,16.2014,
FD004,181,139,15.2527,
FD004,181,140,12.2789,
FD004,181,141,10.9128,
FD004,181,142,11.1338,
FD004,181,143,10.5837,
FD004,181,144,9.3983,
FD004,181,145,7.5101,
FD004,181,146,7.7719,
FD004,181,147,7.799,
FD004,181,148,7.4011,
FD004,181,149,6.7754,
FD004,181,150,11.2918,
FD004,181,151,14.6007,
FD004,181,152,9.7359,
FD004,181,153,6.8524,
FD004,181,154,6.8878,
FD004,181,155,8.3661,
FD004,181,156,7.9755,
FD004,181,157,9.0001,
FD004,181,158,8.4248,
FD004,181,159,7.3922,
FD004,181,160,7.8136,
FD004,181,161,6.116,
FD004,181,162,6.3743,
FD004,181,163,7.5799,
FD004,181,164,13.0942,
FD004,181,165,13.1954,
FD004,181,166,11.6047,
FD004,181,167,14.2876,
FD004,181,168,13.6402,
FD004,181,169,11.0842,
FD004,181,170,14.023,
FD004,181,171,14.2935,
FD004,181,172,16.6002,
FD004,181,173,20.5823,
FD004,181,174,19.5641,
FD004,181,175,17.7456,
FD004,181,176,17.4508,
FD004,181,177,16.4728,
FD004,181,178,18.7231,
FD004,181,179,16.9141,
FD004,181,180,10.453,
FD004,181,181,9.6449,
FD004,181,182,9.7543,
FD004,181,183,9.0462,
FD004,181,184,8.6084,
FD004,181,185,5.3328,
FD004,181,186,5.7706,
FD004,181,187,6.4217,
FD004,181,188,6.3094,
FD004,181,189,8.5346,
FD004,181,190,6.3915,
FD004,181,191,5.7447,
FD004,181,192,10.4943,
FD004,181,193,11.9359,
FD004,181,194,8.9386,
FD004,181,195,13.0924,
FD004,181,196,11.831,
FD004,181,197,14.8116,
FD004,181,198,19.3287,
FD004,181,199,15.7159,
FD004,182,1,0.0,
FD004,182,2,0.0,
FD004,182,3,0.0,
FD004,182,4,0.0,
FD004,182,5,0.0,
FD004,182,6,0.0,
FD004,182,7,0.0,
FD004,182,8,0.0,
FD004,182,9,0.0,
FD004,182,10,0.0,
FD004,182,11,0.0,
FD004,182,12,0.0,
FD004,182,13,0.0,
FD004,182,14,0.0,
FD004,182,15,0.0,
FD004,182,16,0.0,
FD004,182,17,0.0,
FD004,182,18,0.0,
FD004,182,19,0.0,
FD004,182,20,0.0,
FD004,182,21,0.0,
FD004,182,22,0.0,
FD004,182,23,0.0,
FD004,182,24,0.0,
FD004,182,25,0.0,
FD004,182,26,0.0,
FD004,182,27,0.0,
FD004,182,28,0.0,
FD004,182,29,0.0,
FD004,182,30,0.0,
FD004,182,31,0.0,
FD004,182,32,0.0,
FD004,182,33,0.0,
FD004,182,34,0.0,
FD004,182,35,0.0,
FD004,182,36,0.0,
FD004,182,37,0.0,
FD004,182,38,0.0,
FD004,182,39,0.0,
FD004,182,40,0.0,
FD004,182,41,0.0,
FD004,182,42,0.0,
FD004,182,43,0.0,
FD004,182,44,0.0,
FD004,182,45,0.0,
FD004,182,46,0.0,
FD004,182,47,0.0,
FD004,182,48,0.0,
FD004,182,49,0.0,
FD004,182,50,12.8141,
FD004,182,51,9.996,
FD004,182,52,12.1597,
FD004,182,53,14.0327,
FD004,182,54,13.6666,
FD004,182,55,12.6646,
FD004,182,56,13.5749,
FD004,182,57,12.2415,
FD004,182,58,10.3016,
FD004,182,59,10.5554,
FD004,182,60,11.0166,
FD004,182,61,11.3331,
FD004,182,62,12.2058,
FD004,182,63,22.2964,
FD004,182,64,9.854,
FD004,182,65,12.6666,
FD004,182,66,11.1734,
FD004,182,67,8.2948,
FD004,182,68,8.7989,
FD004,182,69,8.6207,
FD004,182,70,9.3568,
FD004,182,71,9.756,
FD004,182,72,8.1371,
FD004,182,73,8.837,
FD004,182,74,8.294,
FD004,182,75,7.265,
FD004,182,76,11.0195,
FD004,182,77,8.6529,
FD004,182,78,7.0558,
FD004,182,79,12.1464,
FD004,182,80,14.2576,
FD004,182,81,10.4865,
FD004,182,82,11.9001,
FD004,182,83,10.8473,
FD004,182,84,11.6145,
FD004,182,85,12.8661,
FD004,182,86,8.5035,
FD004,182,87,6.2873,
FD004,182,88,8.8115,
FD004,182,89,9.028,
FD004,182,90,10.1983,
FD004,182,91,11.241,
FD004,182,92,10.9497,
FD004,182,93,10.2945,
FD004,182,94,11.1517,
FD004,182,95,11.2817,
FD004,182,96,12.07,
FD004,182,97,12.0784,
FD004,182,98,12.1811,
FD004,183,1,0.0,
FD004,183,2,0.0,
FD004,183,3,0.0,
FD004,183,4,0.0,
FD004,183,5,0.0,
FD004,183,6,0.0,
FD004,183,7,0.0,
FD004,183,8,0.0,
FD004,183,9,0.0,
FD004,183,10,0.0,
FD004,183,11,0.0,
FD004,183,12,0.0,
FD004,183,13,0.0,
FD004,183,14,0.0,
FD004,183,15,0.0,
FD004,183,16,0.0,
FD004,183,17,0.0,
FD004,183,18,0.0,
FD004,183,19,0.0,
FD004,183,20,0.0,
FD004,183,21,0.0,
FD004,183,22,0.0,
FD004,183,23,0.0,
FD004,183,24,0.0,
FD004,183,25,0.0,
FD004,183,26,0.0,
FD004,183,27,0.0,
FD004,183,28,0.0,
FD004,183,29,0.0,
FD004,183,30,0.0,
FD004,183,31,0.0,
FD004,183,32,0.0,
FD004,183,33,0.0,
FD004,183,34,0.0,
FD004,183,35,0.0,
FD004,183,36,0.0,
FD004,183,37,0.0,
FD004,183,38,0.0,
FD004,183,39,0.0,
FD004,183,40,0.0,
FD004,183,41,0.0,
FD004,183,42,0.0,
FD004,183,43,0.0,
FD004,183,44,0.0,
FD004,183,45,0.0,
FD004,183,46,0.0,
FD004,183,47,0.0,
FD004,183,48,0.0,
FD004,183,49,0.0,
FD004,183,50,6.6256,
FD004,183,51,6.5005,
FD004,183,52,6.5678,
FD004,183,53,5.6868,
FD004,183,54,5.6716,
FD004,183,55,5.7991,
FD004,183,56,6.0764,
FD004,183,57,6.9762,
FD004,183,58,9.6804,
FD004,183,59,10.8007,
FD004,183,60,10.8635,
FD004,183,61,10.0773,
FD004,183,62,11.9552,
FD004,183,63,11.0459,
FD004,183,64,9.3664,
FD004,183,65,7.3083,
FD004,183,66,7.0354,
FD004,183,67,6.0822,
FD004,183,68,7.099,
FD004,183,69,7.4354,
FD004,183,70,7.6959,
FD004,183,71,7.6562,
FD004,183,72,7.7605,
FD004,183,73,9.2057,
FD004,183,74,9.8232,
FD004,183,75,11.2916,
FD004,183,76,11.3341,
FD004,183,77,11.2918,
FD004,183,78,12.8549,
FD004,183,79,11.074,
FD004,183,80,11.3484,
FD004,183,81,9.7862,
FD004,183,82,8.9163,
FD004,183,83,9.6462,
FD004,183,84,8.9193,
FD004,183,85,8.9466,
FD004,183,86,9.9036,
FD004,183,87,9.3729,
FD004,183,88,9.7406,
FD004,183,89,10.5806,
FD004,183,90,10.0943,
FD004,183,91,14.2436,
FD004,183,92,10.577,
FD004,183,93,9.8248,
FD004,183,94,10.0437,
FD004,183,95,10.552,
FD004,183,96,9.1656,
FD004,183,97,9.6437,
FD004,183,98,10.0,
FD004,183,99,8.1595,
FD004,183,100,9.3471,
FD004,183,101,9.8799,
FD004,183,102,10.0759,
FD004,183,103,10.1951,
FD004,183,104,9.3326,
FD004,183,105,8.152,
FD004,183,106,8.8132,
FD004,183,107,9.3395,
FD004,183,108,8.7736,
FD004,183,109,9.7096,
FD004,183,110,9.7885,
FD004,183,111,9.6678,
FD004,183,112,9.3671,
FD004,183,113,8.3729,
FD004,183,114,7.5308,
FD004,183,115,7.7209,
FD004,183,116,10.3876,
FD004,183,117,9.5682,
FD004,183,118,8.5949,
FD004,183,119,14.746,
FD004,183,120,9.84,
FD004,183,121,12.2141,
FD004,183,122,11.6658,
FD004,183,123,12.4668,
FD004,183,124,12.1213,
FD004,183,125,12.1148,
FD004,184,1,0.0,
FD004,184,2,0.0,
FD004,184,3,0.0,
FD004,184,4,0.0,
FD004,184,5,0.0,
FD004,184,6,0.0,
FD004,184,7,0.0,
FD004,184,8,0.0,
FD004,184,9,0.0,
FD004,184,10,0.0,
FD004,184,11,0.0,
FD004,184,12,0.0,
FD004,184,13,0.0,
FD004,184,14,0.0,
FD004,184,15,0.0,
FD004,184,16,0.0,
FD004,184,17,0.0,
FD004,184,18,0.0,
FD004,184,19,0.0,
FD004,184,20,0.0,
FD004,184,21,0.0,
FD004,184,22,0.0,
FD004,184,23,0.0,
FD004,184,24,0.0,
FD004,184,25,0.0,
FD004,184,26,0.0,
FD004,184,27,0.0,
FD004,184,28,0.0,
FD004,184,29,0.0,
FD004,184,30,0.0,
FD004,184,31,0.0,
FD004,184,32,0.0,
FD004,184,33,0.0,
FD004,184,34,0.0,
FD004,184,35,0.0,
FD004,184,36,0.0,
FD004,184,37,0.0,
FD004,184,38,0.0,
FD004,184,39,0.0,
FD004,184,40,0.0,
FD004,184,41,0.0,
FD004,184,42,0.0,
FD004,184,43,0.0,
FD004,184,44,0.0,
FD004,184,45,0.0,
FD004,184,46,0.0,
FD004,184,47,0.0,
FD004,184,48,0.0,
FD004,184,49,0.0,
FD004,184,50,11.7919,
FD004,184,51,10.2024,
FD004,184,52,13.4822,
FD004,184,53,11.329,
FD004,184,54,9.9708,
FD004,184,55,13.7852,
FD004,184,56,12.619,
FD004,184,57,10.2886,
FD004,184,58,7.5929,
FD004,184,59,13.5038,
FD004,184,60,11.6483,
FD004,184,61,12.785,
FD004,184,62,12.6978,
FD004,184,63,12.0318,
FD004,184,64,9.2399,
FD004,184,65,9.0041,
FD004,184,66,9.0158,
FD004,184,67,8.0161,
FD004,184,68,7.5578,
FD004,184,69,7.3928,
FD004,184,70,7.9731,
FD004,184,71,7.9359,
FD004,184,72,7.7957,
FD004,184,73,8.6925,
FD004,184,74,10.4482,
FD004,184,75,9.5961,
FD004,184,76,12.2643,
FD004,184,77,12.1949,
FD004,184,78,10.2998,
FD004,184,79,9.3955,
FD004,184,80,10.5511,
FD004,184,81,11.3462,
FD004,184,82,12.4564,
FD004,184,83,12.3126,
FD004,184,84,12.3891,
FD004,184,85,9.8427,
FD004,184,86,9.5247,
FD004,184,87,10.2891,
FD004,184,88,10.0331,
FD004,184,89,8.8427,
FD004,184,90,7.9363,
FD004,184,91,7.6006,
FD004,184,92,7.1434,
FD004,184,93,5.8792,
FD004,184,94,9.1994,
FD004,184,95,6.7878,
FD004,184,96,6.2306,
FD004,184,97,5.6504,
FD004,184,98,5.394,
FD004,184,99,5.992,
FD004,184,100,7.8928,
FD004,184,101,6.667,
FD004,184,102,6.7041,
FD004,184,103,6.6435,
FD004,184,104,6.6137,
FD004,184,105,7.1848,
FD004,184,106,8.1904,
FD004,184,107,13.01,
FD004,184,108,11.3874,
FD004,184,109,11.1147,
FD004,184,110,11.1239,
FD004,184,111,9.8108,
FD004,184,112,8.9993,
FD004,184,113,11.8446,
FD004,184,114,8.6244,
FD004,184,115,8.6407,
FD004,184,116,8.7854,
FD004,184,117,8.8259,
FD004,184,118,10.3926,
FD004,184,119,8.5937,
FD004,184,120,8.4157,
FD004,184,121,7.089,
FD004,184,122,7.1412,
FD004,184,123,7.5353,
FD004,184,124,8.3305,
FD004,184,125,8.7747,
FD004,184,126,7.026,
FD004,184,127,7.1098,
FD004,184,128,7.4718,
FD004,184,129,7.4475,
FD004,184,130,6.5243,
FD004,184,131,9.6747,
FD004,184,132,14.7078,
FD004,184,133,11.2371,
FD004,184,134,9.6245,
FD004,184,135,12.4776,
FD004,184,136,9.0204,
FD004,184,137,8.4246,
FD004,184,138,6.0141,
FD004,184,139,9.7806,
FD004,184,140,9.2892,
FD004,184,141,7.3357,
FD004,184,142,7.6962,
FD004,184,143,9.0514,
FD004,184,144,7.7986,
FD004,184,145,7.5794,
FD004,184,146,8.6942,
FD004,184,147,8.0215,
FD004,184,148,6.7275,
FD004,184,149,9.5149,
FD004,184,150,7.2642,
FD004,184,151,9.7018,
FD004,184,152,5.9997,
FD004,184,153,6.9321,
FD004,184,154,6.6422,
FD004,185,1,0.0,
FD004,185,2,0.0,
FD004,185,3,0.0,
FD004,185,4,0.0,
FD004,185,5,0.0,
FD004,185,6,0.0,
FD004,185,7,0.0,
FD004,185,8,0.0,
FD004,185,9,0.0,
FD004,185,10,0.0,
FD004,185,11,0.0,
FD004,185,12,0.0,
FD004,185,13,0.0,
FD004,185,14,0.0,
FD004,185,15,0.0,
FD004,185,16,0.0,
FD004,185,17,0.0,
FD004,185,18,0.0,
FD004,185,19,0.0,
FD004,185,20,0.0,
FD004,185,21,0.0,
FD004,185,22,0.0,
FD004,185,23,0.0,
FD004,185,24,0.0,
FD004,185,25,0.0,
FD004,185,26,0.0,
FD004,185,27,0.0,
FD004,185,28,0.0,
FD004,185,29,0.0,
FD004,185,30,0.0,
FD004,185,31,0.0,
FD004,185,32,0.0,
FD004,185,33,0.0,
FD004,185,34,0.0,
FD004,185,35,0.0,
FD004,185,36,0.0,
FD004,185,37,0.0,
FD004,185,38,0.0,
FD004,185,39,0.0,
FD004,185,40,0.0,
FD004,185,41,0.0,
FD004,185,42,0.0,
FD004,185,43,0.0,
FD004,185,44,0.0,
FD004,185,45,0.0,
FD004,185,46,0.0,
FD004,185,47,0.0,
FD004,185,48,0.0,
FD004,185,49,0.0,
FD004,185,50,5.5103,
FD004,185,51,8.6263,
FD004,185,52,7.9716,
FD004,185,53,8.2942,
FD004,185,54,8.7074,
FD004,185,55,8.9602,
FD004,185,56,11.6469,
FD004,185,57,8.5414,
FD004,185,58,7.0254,
FD004,185,59,5.6257,
FD004,185,60,6.4636,
FD004,185,61,7.2844,
FD004,185,62,7.1099,
FD004,185,63,10.3777,
FD004,185,64,7.7712,
FD004,185,65,8.6019,
FD004,185,66,7.5827,
FD004,185,67,9.2458,
FD004,185,68,11.0885,
FD004,185,69,11.362,
FD004,185,70,10.6205,
FD004,185,71,11.5173,
FD004,185,72,9.3393,
FD004,185,73,12.2303,
FD004,185,74,11.3287,
FD004,185,75,6.157,
FD004,185,76,10.1626,
FD004,185,77,10.3499,
FD004,185,78,11.2021,
FD004,185,79,10.4057,
FD004,185,80,8.2236,
FD004,185,81,8.6503,
FD004,185,82,8.8352,
FD004,185,83,8.6457,
FD004,185,84,10.043,
FD004,185,85,8.1241,
FD004,185,86,10.6394,
FD004,185,87,11.1557,
FD004,185,88,8.6375,
FD004,185,89,8.2752,
FD004,185,90,7.6742,
FD004,185,91,7.5879,
FD004,185,92,10.4981,
FD004,185,93,11.6479,
FD004,185,94,11.55,
FD004,185,95,13.4512,
FD004,185,96,12.4039,
FD004,185,97,13.9783,
FD004,185,98,12.938,
FD004,185,99,13.0269,
FD004,185,100,13.7739,
FD004,185,101,15.4673,
FD004,185,102,13.781,
FD004,185,103,9.1022,
FD004,185,104,8.4135,
FD004,185,105,8.1015,
FD004,185,106,7.4263,
FD004,185,107,5.3705,
FD004,185,108,6.3995,
FD004,185,109,7.9486,
FD004,185,110,7.1133,
FD004,185,111,8.35,
FD004,185,112,9.0669,
FD004,185,113,11.6882,
FD004,185,114,9.1527,
FD004,185,115,11.3866,
FD004,185,116,12.5467,
FD004,185,117,13.9643,
FD004,185,118,11.7501,
FD004,185,119,11.627,
FD004,185,120,11.4329,
FD004,185,121,11.3467,
FD004,185,122,12.7428,
FD004,185,123,13.3715,
FD004,185,124,11.4354,
FD004,185,125,11.4889,
FD004,185,126,13.9323,
FD004,185,127,12.2568,
FD004,185,128,10.4162,
FD004,185,129,10.3226,
FD004,185,130,15.5669,
FD004,185,131,15.952,
FD004,185,132,11.0748,
FD004,185,133,8.4715,
FD004,185,134,7.699,
FD004,185,135,7.6419,
FD004,185,136,11.5019,
FD004,185,137,15.0943,
FD004,185,138,12.9679,
FD004,185,139,13.0466,
FD004,185,140,13.221,
FD004,185,141,13.1736,
FD004,185,142,12.5116,
FD004,185,143,13.6077,
FD004,185,144,10.7039,
FD004,185,145,13.678,
FD004,185,146,12.3292,
FD004,185,147,12.9356,
FD004,185,148,8.3968,
FD004,185,149,7.2795,
FD004,185,150,9.6146,
FD004,185,151,10.335,
FD004,185,152,11.0193,
FD004,185,153,10.0459,
FD004,185,154,6.6501,
FD004,185,155,8.792,
FD004,185,156,7.3032,
FD004,185,157,9.1728,
FD004,185,158,8.7318,
FD004,185,159,9.8038,
FD004,185,160,9.1584,
FD004,185,161,9.7045,
FD004,185,162,12.4564,
FD004,185,163,14.0286,
FD004,185,164,14.6691,
FD004,185,165,14.3467,
FD004,185,166,13.7952,
FD004,185,167,9.0914,
FD004,185,168,9.2751,
FD004,185,169,9.373,
FD004,185,170,9.7226,
FD004,185,171,8.7494,
FD004,185,172,8.6259,
FD004,185,173,6.8039,
FD004,185,174,6.2924,
FD004,185,175,6.0149,
FD004,185,176,5.5836,
FD004,185,177,5.4615,
FD004,185,178,7.7859,
FD004,185,179,7.1425,
FD004,185,180,7.2495,
FD004,185,181,8.683,
FD004,185,182,11.8409,
FD004,185,183,6.7003,
FD004,185,184,7.4213,
FD004,185,185,7.3266,
FD004,185,186,7.5798,
FD004,185,187,8.0986,
FD004,185,188,7.6629,
FD004,185,189,7.2648,
FD004,185,190,10.0789,
FD004,185,191,11.8616,
FD004,185,192,12.2269,
FD004,185,193,14.1329,
FD004,185,194,14.5856,
FD004,185,195,13.9199,
FD004,185,196,13.7921,
FD004,185,197,15.4876,
FD004,185,198,15.2546,
FD004,185,199,16.8912,
FD004,185,200,13.6533,
FD004,185,201,11.2663,
FD004,185,202,10.2376,
FD004,185,203,10.8558,
FD004,186,1,0.0,
FD004,186,2,0.0,
FD004,186,3,0.0,
FD004,186,4,0.0,
FD004,186,5,0.0,
FD004,186,6,0.0,
FD004,186,7,0.0,
FD004,186,8,0.0,
FD004,186,9,0.0,
FD004,186,10,0.0,
FD004,186,11,0.0,
FD004,186,12,0.0,
FD004,186,13,0.0,
FD004,186,14,0.0,
FD004,186,15,0.0,
FD004,186,16,0.0,
FD004,186,17,0.0,
FD004,186,18,0.0,
FD004,186,19,0.0,
FD004,186,20,0.0,
FD004,186,21,0.0,
FD004,186,22,0.0,
FD004,186,23,0.0,
FD004,186,24,0.0,
FD004,186,25,0.0,
FD004,186,26,0.0,
FD004,186,27,0.0,
FD004,186,28,0.0,
FD004,186,29,0.0,
FD004,186,30,0.0,
FD004,186,31,0.0,
FD004,186,32,0.0,
FD004,186,33,0.0,
FD004,186,34,0.0,
FD004,186,35,0.0,
FD004,186,36,0.0,
FD004,186,37,0.0,
FD004,186,38,0.0,
FD004,186,39,0.0,
FD004,186,40,0.0,
FD004,186,41,0.0,
FD004,186,42,0.0,
FD004,186,43,0.0,
FD004,186,44,0.0,
FD004,186,45,0.0,
FD004,186,46,0.0,
FD004,186,47,0.0,
FD004,187,1,0.0,
FD004,187,2,0.0,
FD004,187,3,0.0,
FD004,187,4,0.0,
FD004,187,5,0.0,
FD004,187,6,0.0,
FD004,187,7,0.0,
FD004,187,8,0.0,
FD004,187,9,0.0,
FD004,187,10,0.0,
FD004,187,11,0.0,
FD004,187,12,0.0,
FD004,187,13,0.0,
FD004,187,14,0.0,
FD004,187,15,0.0,
FD004,187,16,0.0,
FD004,187,17,0.0,
FD004,187,18,0.0,
FD004,187,19,0.0,
FD004,187,20,0.0,
FD004,187,21,0.0,
FD004,187,22,0.0,
FD004,187,23,0.0,
FD004,187,24,0.0,
FD004,187,25,0.0,
FD004,187,26,0.0,
FD004,187,27,0.0,
FD004,187,28,0.0,
FD004,187,29,0.0,
FD004,187,30,0.0,
FD004,187,31,0.0,
FD004,187,32,0.0,
FD004,187,33,0.0,
FD004,187,34,0.0,
FD004,187,35,0.0,
FD004,187,36,0.0,
FD004,187,37,0.0,
FD004,187,38,0.0,
FD004,187,39,0.0,
FD004,187,40,0.0,
FD004,187,41,0.0,
FD004,187,42,0.0,
FD004,187,43,0.0,
FD004,187,44,0.0,
FD004,187,45,0.0,
FD004,187,46,0.0,
FD004,187,47,0.0,
FD004,187,48,0.0,
FD004,187,49,0.0,
FD004,187,50,10.0493,
FD004,187,51,10.6061,
FD004,187,52,9.1952,
FD004,187,53,9.8224,
FD004,187,54,8.7763,
FD004,187,55,9.6728,
FD004,187,56,9.9647,
FD004,187,57,11.4865,
FD004,187,58,12.0055,
FD004,187,59,10.5321,
FD004,187,60,9.4903,
FD004,187,61,10.2303,
FD004,187,62,10.4007,
FD004,187,63,12.5726,
FD004,187,64,13.1892,
FD004,187,65,15.6969,
FD004,187,66,12.928,
FD004,187,67,13.8409,
FD004,187,68,13.9808,
FD004,187,69,11.0464,
FD004,187,70,9.0875,
FD004,187,71,7.3654,
FD004,187,72,9.2454,
FD004,187,73,8.0162,
FD004,187,74,9.0359,
FD004,187,75,10.0547,
FD004,187,76,11.2859,
FD004,187,77,13.356,
FD004,187,78,9.3988,
FD004,187,79,9.7452,
FD004,187,80,10.8682,
FD004,187,81,12.7579,
FD004,187,82,12.9707,
FD004,187,83,14.8464,
FD004,187,84,13.5084,
FD004,187,85,15.2249,
FD004,187,86,15.1866,
FD004,187,87,10.4338,
FD004,187,88,11.4413,
FD004,187,89,9.4832,
FD004,187,90,11.4268,
FD004,187,91,9.7958,
FD004,187,92,10.0684,
FD004,187,93,9.9064,
FD004,187,94,9.547,
FD004,187,95,11.5663,
FD004,187,96,8.559,
FD004,187,97,7.8539,
FD004,187,98,11.7251,
FD004,187,99,10.8685,
FD004,187,100,19.9984,
FD004,187,101,11.6891,
FD004,187,102,16.4125,
FD004,187,103,16.5943,
FD004,187,104,14.5347,
FD004,187,105,15.5714,
FD004,187,106,13.0319,
FD004,187,107,14.5937,
FD004,187,108,10.4048,
FD004,187,109,14.8633,
FD004,187,110,11.3067,
FD004,187,111,9.3725,
FD004,187,112,8.1996,
FD004,187,113,9.2056,
FD004,187,114,10.0046,
FD004,187,115,9.3778,
FD004,187,116,9.6926,
FD004,187,117,9.6081,
FD004,187,118,8.376,
FD004,187,119,9.0754,
FD004,187,120,8.2262,
FD004,187,121,8.522,
FD004,188,1,0.0,
FD004,188,2,0.0,
FD004,188,3,0.0,
FD004,188,4,0.0,
FD004,188,5,0.0,
FD004,188,6,0.0,
FD004,188,7,0.0,
FD004,188,8,0.0,
FD004,188,9,0.0,
FD004,188,10,0.0,
FD004,188,11,0.0,
FD004,188,12,0.0,
FD004,188,13,0.0,
FD004,188,14,0.0,
FD004,188,15,0.0,
FD004,188,16,0.0,
FD004,188,17,0.0,
FD004,188,18,0.0,
FD004,188,19,0.0,
FD004,188,20,0.0,
FD004,188,21,0.0,
FD004,188,22,0.0,
FD004,188,23,0.0,
FD004,188,24,0.0,
FD004,188,25,0.0,
FD004,188,26,0.0,
FD004,188,27,0.0,
FD004,188,28,0.0,
FD004,188,29,0.0,
FD004,188,30,0.0,
FD004,188,31,0.0,
FD004,188,32,0.0,
FD004,188,33,0.0,
FD004,188,34,0.0,
FD004,188,35,0.0,
FD004,188,36,0.0,
FD004,188,37,0.0,
FD004,188,38,0.0,
FD004,188,39,0.0,
FD004,188,40,0.0,
FD004,188,41,0.0,
FD004,188,42,0.0,
FD004,188,43,0.0,
FD004,188,44,0.0,
FD004,188,45,0.0,
FD004,188,46,0.0,
FD004,188,47,0.0,
FD004,188,48,0.0,
FD004,188,49,0.0,
FD004,188,50,7.6482,
FD004,188,51,9.4635,
FD004,188,52,7.1281,
FD004,188,53,8.3844,
FD004,188,54,7.1889,
FD004,188,55,7.4882,
FD004,188,56,11.8671,
FD004,188,57,9.3149,
FD004,188,58,9.131,
FD004,188,59,12.4063,
FD004,188,60,10.9001,
FD004,188,61,19.9003,
FD004,188,62,16.917,
FD004,188,63,13.0173,
FD004,188,64,10.395,
FD004,188,65,10.6725,
FD004,188,66,5.7826,
FD004,188,67,8.8221,
FD004,188,68,8.8635,
FD004,188,69,8.6159,
FD004,188,70,6.9538,
FD004,188,71,7.0466,
FD004,188,72,7.428,
FD004,188,73,7.7484,
FD004,188,74,6.4258,
FD004,188,75,4.9571,
FD004,188,76,6.3889,
FD004,188,77,8.5306,
FD004,188,78,7.0692,
FD004,188,79,5.5789,
FD004,188,80,5.933,
FD004,188,81,6.9161,
FD004,188,82,6.1848,
FD004,188,83,8.0568,
FD004,188,84,8.4819,
FD004,188,85,9.0216,
FD004,188,86,8.8131,
FD004,188,87,6.3296,
FD004,188,88,10.7735,
FD004,188,89,14.5765,
FD004,188,90,23.0418,
FD004,188,91,8.2693,
FD004,188,92,9.572,
FD004,188,93,9.2932,
FD004,188,94,8.146,
FD004,188,95,10.2884,
FD004,188,96,8.5632,
FD004,188,97,7.7066,
FD004,188,98,6.2117,
FD004,188,99,6.8995,
FD004,188,100,7.165,
FD004,188,101,7.607,
FD004,188,102,8.4478,
FD004,188,103,8.3186,
FD004,188,104,11.4201,
FD004,188,105,12.518,
FD004,188,106,8.6271,
FD004,188,107,13.47,
FD004,188,108,12.8477,
FD004,188,109,11.3906,
FD004,188,110,8.0912,
FD004,188,111,6.8978,
FD004,188,112,6.3531,
FD004,188,113,6.513,
FD004,188,114,6.2182,
FD004,188,115,6.0408,
FD004,188,116,7.1869,
FD004,188,117,12.771,
FD004,188,118,7.6584,
FD004,188,119,6.4705,
FD004,188,120,5.9195,
FD004,188,121,6.0644,
FD004,188,122,6.7674,
FD004,188,123,7.8076,
FD004,188,124,6.3905,
FD004,188,125,6.197,
FD004,188,126,6.6048,
FD004,188,127,6.0457,
FD004,188,128,6.1896,
FD004,188,129,7.5787,
FD004,188,130,7.0927,
FD004,188,131,7.8346,
FD004,188,132,8.9455,
FD004,188,133,12.1872,
FD004,188,134,10.8769,
FD004,188,135,8.7339,
FD004,188,136,6.4413,
FD004,188,137,6.7675,
FD004,188,138,7.573,
FD004,188,139,7.3168,
FD004,188,140,7.6842,
FD004,188,141,13.1362,
FD004,188,142,12.1606,
FD004,188,143,12.0673,
FD004,188,144,10.4468,
FD004,188,145,11.4294,
FD004,188,146,10.856,
FD004,188,147,9.1725,
FD004,188,148,10.87,
FD004,188,149,11.1862,
FD004,188,150,12.1604,
FD004,188,151,11.7785,
FD004,188,152,10.0541,
FD004,188,153,9.2002,
FD004,188,154,8.16,
FD004,188,155,9.4298,
FD004,188,156,8.6425,
FD004,188,157,8.4795,
FD004,189,1,0.0,
FD004,189,2,0.0,
FD004,189,3,0.0,
FD004,189,4,0.0,
FD004,189,5,0.0,
FD004,189,6,0.0,
FD004,189,7,0.0,
FD004,189,8,0.0,
FD004,189,9,0.0,
FD004,189,10,0.0,
FD004,189,11,0.0,
FD004,189,12,0.0,
FD004,189,13,0.0,
FD004,189,14,0.0,
FD004,189,15,0.0,
FD004,189,16,0.0,
FD004,189,17,0.0,
FD004,189,18,0.0,
FD004,189,19,0.0,
FD004,189,20,0.0,
FD004,189,21,0.0,
FD004,189,22,0.0,
FD004,189,23,0.0,
FD004,189,24,0.0,
FD004,189,25,0.0,
FD004,189,26,0.0,
FD004,189,27,0.0,
FD004,189,28,0.0,
FD004,189,29,0.0,
FD004,189,30,0.0,
FD004,189,31,0.0,
FD004,189,32,0.0,
FD004,189,33,0.0,
FD004,189,34,0.0,
FD004,189,35,0.0,
FD004,189,36,0.0,
FD004,189,37,0.0,
FD004,189,38,0.0,
FD004,189,39,0.0,
FD004,189,40,0.0,
FD004,189,41,0.0,
FD004,189,42,0.0,
FD004,189,43,0.0,
FD004,189,44,0.0,
FD004,189,45,0.0,
FD004,189,46,0.0,
FD004,189,47,0.0,
FD004,189,48,0.0,
FD004,189,49,0.0,
FD004,189,50,8.5131,
FD004,189,51,7.7529,
FD004,189,52,12.1699,
FD004,189,53,7.2574,
FD004,189,54,8.0965,
FD004,189,55,10.7689,
FD004,189,56,9.381,
FD004,189,57,13.6342,
FD004,189,58,15.7352,
FD004,189,59,15.274,
FD004,189,60,17.3274,
FD004,189,61,18.0924,
FD004,189,62,14.4176,
FD004,189,63,17.8865,
FD004,189,64,18.0825,
FD004,189,65,10.7012,
FD004,189,66,13.9034,
FD004,189,67,12.7789,
FD004,189,68,8.1656,
FD004,189,69,10.6526,
FD004,189,70,11.319,
FD004,189,71,10.8137,
FD004,189,72,12.5949,
FD004,189,73,14.3303,
FD004,189,74,15.291,
FD004,189,75,15.6227,
FD004,189,76,16.2533,
FD004,189,77,15.6635,
FD004,189,78,11.772,
FD004,189,79,6.5107,
FD004,189,80,7.842,
FD004,189,81,8.1918,
FD004,189,82,8.0202,
FD004,189,83,7.4204,
FD004,189,84,7.0008,
FD004,189,85,6.9713,
FD004,189,86,5.7806,
FD004,189,87,6.1798,
FD004,189,88,6.4824,
FD004,189,89,7.5354,
FD004,189,90,7.2581,
FD004,189,91,6.2985,
FD004,189,92,5.7787,
FD004,189,93,6.385,
FD004,189,94,6.185,
FD004,189,95,5.5235,
FD004,189,96,5.6307,
FD004,189,97,7.2283,
FD004,189,98,8.4864,
FD004,189,99,8.4692,
FD004,189,100,7.9804,
FD004,189,101,5.4734,
FD004,189,102,6.5094,
FD004,189,103,6.5205,
FD004,189,104,7.5857,
FD004,189,105,8.4476,
FD004,189,106,11.3163,
FD004,189,107,5.756,
FD004,190,1,0.0,
FD004,190,2,0.0,
FD004,190,3,0.0,
FD004,190,4,0.0,
FD004,190,5,0.0,
FD004,190,6,0.0,
FD004,190,7,0.0,
FD004,190,8,0.0,
FD004,190,9,0.0,
FD004,190,10,0.0,
FD004,190,11,0.0,
FD004,190,12,0.0,
FD004,190,13,0.0,
FD004,190,14,0.0,
FD004,190,15,0.0,
FD004,190,16,0.0,
FD004,190,17,0.0,
FD004,190,18,0.0,
FD004,190,19,0.0,
FD004,190,20,0.0,
FD004,190,21,0.0,
FD004,190,22,0.0,
FD004,190,23,0.0,
FD004,190,24,0.0,
FD004,190,25,0.0,
FD004,190,26,0.0,
FD004,190,27,0.0,
FD004,190,28,0.0,
FD004,190,29,0.0,
FD004,190,30,0.0,
FD004,190,31,0.0,
FD004,190,32,0.0,
FD004,190,33,0.0,
FD004,190,34,0.0,
FD004,190,35,0.0,
FD004,190,36,0.0,
FD004,190,37,0.0,
FD004,190,38,0.0,
FD004,190,39,0.0,
FD004,190,40,0.0,
FD004,190,41,0.0,
FD004,190,42,0.0,
FD004,190,43,0.0,
FD004,190,44,0.0,
FD004,190,45,0.0,
FD004,190,46,0.0,
FD004,190,47,0.0,
FD004,190,48,0.0,
FD004,190,49,0.0,
FD004,190,50,6.2546,
FD004,190,51,8.0361,
FD004,190,52,5.926,
FD004,190,53,6.175,
FD004,190,54,6.848,
FD004,190,55,6.124,
FD004,190,56,7.265,
FD004,190,57,4.5912,
FD004,190,58,5.303,
FD004,190,59,5.4176,
FD004,190,60,6.0207,
FD004,190,61,7.1261,
FD004,190,62,6.1372,
FD004,190,63,6.0568,
FD004,190,64,8.9285,
FD004,190,65,10.3255,
FD004,190,66,7.2278,
FD004,190,67,8.4152,
FD004,190,68,11.5172,
FD004,190,69,6.6898,
FD004,190,70,6.3965,
FD004,190,71,5.6666,
FD004,190,72,7.5287,
FD004,190,73,6.7188,
FD004,190,74,8.0832,
FD004,190,75,6.7516,
FD004,190,76,7.6866,
FD004,190,77,8.1916,
FD004,190,78,11.3026,
FD004,190,79,12.4995,
FD004,190,80,13.1577,
FD004,190,81,13.2306,
FD004,190,82,12.3955,
FD004,190,83,8.8055,
FD004,190,84,10.0671,
FD004,190,85,8.8717,
FD004,190,86,10.4468,
FD004,190,87,8.5989,
FD004,190,88,8.9211,
FD004,190,89,7.2706,
FD004,190,90,7.6358,
FD004,190,91,7.8704,
FD004,190,92,7.8215,
FD004,190,93,8.9414,
FD004,190,94,7.4639,
FD004,190,95,12.3744,
FD004,190,96,12.9182,
FD004,190,97,12.0384,
FD004,190,98,13.6465,
FD004,190,99,11.3471,
FD004,190,100,12.4793,
FD004,190,101,7.3791,
FD004,190,102,8.3622,
FD004,190,103,6.8344,
FD004,190,104,8.4811,
FD004,190,105,7.6812,
FD004,190,106,6.1579,
FD004,190,107,6.7775,
FD004,190,108,7.1487,
FD004,190,109,7.4895,
FD004,190,110,6.7507,
FD004,190,111,6.7024,
FD004,190,112,6.6505,
FD004,190,113,5.2468,
FD004,190,114,7.2361,
FD004,190,115,7.9924,
FD004,190,116,6.9841,
FD004,190,117,12.598,
FD004,190,118,6.3325,
FD004,190,119,7.4698,
FD004,190,120,8.6642,
FD004,190,121,9.1711,
FD004,190,122,7.3077,
FD004,190,123,6.6495,
FD004,190,124,7.5073,
FD004,190,125,8.3607,
FD004,190,126,8.5455,
FD004,190,127,9.7424,
FD004,190,128,9.5083,
FD004,190,129,9.6047,
FD004,190,130,10.1262,
FD004,190,131,7.3811,
FD004,190,132,8.8758,
FD004,190,133,12.42,
FD004,190,134,10.3503,
FD004,190,135,12.0169,
FD004,190,136,9.0063,
FD004,190,137,10.6231,
FD004,190,138,9.5837,
FD004,190,139,9.1559,
FD004,190,140,6.9106,
FD004,190,141,5.7026,
FD004,190,142,6.5148,
FD004,190,143,7.3966,
FD004,190,144,7.7714,
FD004,190,145,7.9863,
FD004,190,146,9.2349,
FD004,190,147,8.0249,
FD004,190,148,7.4709,
FD004,190,149,7.7073,
FD004,190,150,9.2666,
FD004,190,151,11.4395,
FD004,190,152,13.3073,
FD004,190,153,11.0498,
FD004,190,154,9.7424,
FD004,190,155,9.7342,
FD004,190,156,12.3533,
FD004,190,157,7.9572,
FD004,190,158,9.5633,
FD004,190,159,10.1767,
FD004,190,160,8.6738,
FD004,190,161,8.5248,
FD004,190,162,7.8279,
FD004,190,163,7.4685,
FD004,190,164,6.7894,
FD004,190,165,7.2421,
FD004,190,166,7.8487,
FD004,190,167,9.6204,
FD004,190,168,8.9086,
FD004,190,169,10.5008,
FD004,190,170,9.3907,
FD004,190,171,8.2245,
FD004,190,172,9.6931,
FD004,190,173,12.6366,
FD004,190,174,12.7344,
FD004,190,175,11.3485,
FD004,190,176,11.279,
FD004,190,177,9.6462,
FD004,190,178,9.6926,
FD004,190,179,8.474,
FD004,190,180,9.2622,
FD004,190,181,5.0086,
FD004,190,182,5.0257,
FD004,190,183,4.9664,
FD004,190,184,4.3399,
FD004,190,185,7.1143,
FD004,190,186,6.7448,
FD004,190,187,5.1621,
FD004,190,188,6.1006,
FD004,190,189,5.2394,
FD004,190,190,7.6168,
FD004,190,191,6.9986,
FD004,190,192,7.8072,
FD004,190,193,6.9882,
FD004,190,194,5.7593,
FD004,190,195,6.3453,
FD004,190,196,6.2677,
FD004,190,197,6.6477,
FD004,190,198,8.1266,
FD004,190,199,7.5687,
FD004,190,200,10.2349,
FD004,191,1,0.0,
FD004,191,2,0.0,
FD004,191,3,0.0,
FD004,191,4,0.0,
FD004,191,5,0.0,
FD004,191,6,0.0,
FD004,191,7,0.0,
FD004,191,8,0.0,
FD004,191,9,0.0,
FD004,191,10,0.0,
FD004,191,11,0.0,
FD004,191,12,0.0,
FD004,191,13,0.0,
FD004,191,14,0.0,
FD004,191,15,0.0,
FD004,191,16,0.0,
FD004,191,17,0.0,
FD004,191,18,0.0,
FD004,191,19,0.0,
FD004,191,20,0.0,
FD004,191,21,0.0,
FD004,191,22,0.0,
FD004,191,23,0.0,
FD004,191,24,0.0,
FD004,191,25,0.0,
FD004,191,26,0.0,
FD004,191,27,0.0,
FD004,191,28,0.0,
FD004,191,29,0.0,
FD004,191,30,0.0,
FD004,191,31,0.0,
FD004,191,32,0.0,
FD004,191,33,0.0,
FD004,191,34,0.0,
FD004,191,35,0.0,
FD004,191,36,0.0,
FD004,191,37,0.0,
FD004,191,38,0.0,
FD004,191,39,0.0,
FD004,191,40,0.0,
FD004,191,41,0.0,
FD004,191,42,0.0,
FD004,191,43,0.0,
FD004,191,44,0.0,
FD004,191,45,0.0,
FD004,191,46,0.0,
FD004,191,47,0.0,
FD004,191,48,0.0,
FD004,191,49,0.0,
FD004,191,50,7.4698,
FD004,191,51,7.7857,
FD004,191,52,7.8436,
FD004,191,53,6.9936,
FD004,191,54,6.3374,
FD004,191,55,6.7448,
FD004,191,56,8.2603,
FD004,191,57,10.1654,
FD004,191,58,7.8568,
FD004,191,59,6.8547,
FD004,191,60,6.2228,
FD004,191,61,13.7868,
FD004,191,62,13.335,
FD004,191,63,18.491,
FD004,191,64,11.8663,
FD004,191,65,8.3229,
FD004,191,66,10.0591,
FD004,191,67,8.0013,
FD004,191,68,6.4516,
FD004,191,69,6.9227,
FD004,191,70,7.1351,
FD004,191,71,9.5301,
FD004,192,1,0.0,
FD004,192,2,0.0,
FD004,192,3,0.0,
FD004,192,4,0.0,
FD004,192,5,0.0,
FD004,192,6,0.0,
FD004,192,7,0.0,
FD004,192,8,0.0,
FD004,192,9,0.0,
FD004,192,10,0.0,
FD004,192,11,0.0,
FD004,192,12,0.0,
FD004,192,13,0.0,
FD004,192,14,0.0,
FD004,192,15,0.0,
FD004,192,16,0.0,
FD004,192,17,0.0,
FD004,192,18,0.0,
FD004,192,19,0.0,
FD004,192,20,0.0,
FD004,192,21,0.0,
FD004,192,22,0.0,
FD004,192,23,0.0,
FD004,192,24,0.0,
FD004,192,25,0.0,
FD004,192,26,0.0,
FD004,192,27,0.0,
FD004,192,28,0.0,
FD004,192,29,0.0,
FD004,192,30,0.0,
FD004,192,31,0.0,
FD004,192,32,0.0,
FD004,192,33,0.0,
FD004,192,34,0.0,
FD004,192,35,0.0,
FD004,192,36,0.0,
FD004,192,37,0.0,
FD004,192,38,0.0,
FD004,192,39,0.0,
FD004,192,40,0.0,
FD004,192,41,0.0,
FD004,192,42,0.0,
FD004,192,43,0.0,
FD004,192,44,0.0,
FD004,192,45,0.0,
FD004,192,46,0.0,
FD004,192,47,0.0,
FD004,192,48,0.0,
FD004,192,49,0.0,
FD004,192,50,8.7765,
FD004,192,51,9.8972,
FD004,192,52,5.7563,
FD004,192,53,6.2757,
FD004,192,54,6.6861,
FD004,192,55,9.7588,
FD004,192,56,6.9437,
FD004,192,57,7.0163,
FD004,192,58,7.0589,
FD004,192,59,7.0126,
FD004,192,60,9.1371,
FD004,192,61,12.3007,
FD004,192,62,14.5003,
FD004,192,63,14.164,
FD004,192,64,13.6733,
FD004,192,65,14.4077,
FD004,192,66,13.4475,
FD004,192,67,11.9772,
FD004,192,68,13.1562,
FD004,192,69,13.3238,
FD004,192,70,13.0718,
FD004,192,71,13.5148,
FD004,192,72,12.6254,
FD004,192,73,9.5794,
FD004,192,74,7.1619,
FD004,192,75,8.4041,
FD004,192,76,9.0307,
FD004,192,77,12.0607,
FD004,192,78,8.9396,
FD004,192,79,7.0617,
FD004,192,80,7.9485,
FD004,192,81,8.3521,
FD004,192,82,7.5803,
FD004,192,83,7.1929,
FD004,192,84,8.5577,
FD004,192,85,7.0108,
FD004,192,86,6.4823,
FD004,192,87,6.8732,
FD004,192,88,8.6044,
FD004,192,89,5.506,
FD004,192,90,5.9501,
FD004,192,91,7.0784,
FD004,192,92,7.1842,
FD004,192,93,8.1347,
FD004,192,94,8.3353,
FD004,192,95,9.183,
FD004,192,96,16.9318,
FD004,192,97,14.5589,
FD004,192,98,11.6614,
FD004,192,99,13.8756,
FD004,192,100,11.2478,
FD004,192,101,13.8552,
FD004,192,102,8.6222,
FD004,192,103,8.6977,
FD004,192,104,9.3932,
FD004,192,105,8.7572,
FD004,192,106,9.0756,
FD004,192,107,8.6033,
FD004,192,108,8.3408,
FD004,192,109,7.6815,
FD004,192,110,8.3425,
FD004,192,111,9.1625,
FD004,192,112,10.6482,
FD004,192,113,10.5524,
FD004,192,114,9.0035,
FD004,192,115,9.6688,
FD004,192,116,10.1961,
FD004,192,117,8.8406,
FD004,192,118,8.8891,
FD004,192,119,9.5525,
FD004,192,120,8.9488,
FD004,192,121,8.6492,
FD004,192,122,11.9067,
FD004,192,123,9.7997,
FD004,192,124,7.9715,
FD004,192,125,9.4721,
FD004,192,126,10.4133,
FD004,192,127,9.5127,
FD004,192,128,7.8346,
FD004,192,129,7.7617,
FD004,192,130,8.5675,
FD004,192,131,7.8356,
FD004,192,132,8.4085,
FD004,192,133,7.9196,
FD004,192,134,7.5237,
FD004,192,135,9.352,
FD004,192,136,7.9692,
FD004,192,137,9.0188,
FD004,192,138,8.2906,
FD004,192,139,10.163,
FD004,192,140,7.1053,
FD004,192,141,8.521,
FD004,192,142,9.1671,
FD004,192,143,10.9924,
FD004,192,144,11.1719,
FD004,192,145,10.5739,
FD004,192,146,13.8274,
FD004,192,147,10.3616,
FD004,192,148,12.7737,
FD004,192,149,13.0142,
FD004,192,150,9.0001,
FD004,192,151,9.2628,
FD004,192,152,11.3741,
FD004,192,153,11.8053,
FD004,192,154,12.713,
FD004,192,155,10.3313,
FD004,192,156,11.3129,
FD004,192,157,9.7559,
FD004,192,158,10.1364,
FD004,192,159,9.742,
FD004,192,160,10.5548,
FD004,192,161,11.3952,
FD004,192,162,10.1209,
FD004,192,163,8.8527,
FD004,192,164,8.6766,
FD004,192,165,11.3932,
FD004,192,166,13.6308,
FD004,192,167,13.1911,
FD004,192,168,11.3488,
FD004,192,169,11.1279,
FD004,192,170,9.5495,
FD004,192,171,9.0314,
FD004,192,172,8.6791,
FD004,192,173,9.7134,
FD004,192,174,13.6625,
FD004,192,175,10.7579,
FD004,192,176,7.9477,
FD004,192,177,7.9204,
FD004,192,178,7.4079,
FD004,192,179,7.5539,
FD004,192,180,6.3519,
FD004,192,181,5.5348,
FD004,192,182,5.9126,
FD004,192,183,6.2299,
FD004,192,184,5.3567,
FD004,192,185,5.9788,
FD004,192,186,8.1479,
FD004,192,187,10.0425,
FD004,192,188,10.2552,
FD004,192,189,11.1259,
FD004,192,190,10.9087,
FD004,192,191,14.5792,
FD004,192,192,9.8517,
FD004,192,193,10.3417,
FD004,192,194,9.8364,
FD004,192,195,9.5848,
FD004,192,196,10.9227,
FD004,192,197,12.0941,
FD004,192,198,9.2756,
FD004,192,199,9.5767,
FD004,192,200,11.5106,
FD004,192,201,11.0616,
FD004,192,202,10.0658,
FD004,192,203,10.0768,
FD004,193,1,0.0,
FD004,193,2,0.0,
FD004,193,3,0.0,
FD004,193,4,0.0,
FD004,193,5,0.0,
FD004,193,6,0.0,
FD004,193,7,0.0,
FD004,193,8,0.0,
FD004,193,9,0.0,
FD004,193,10,0.0,
FD004,193,11,0.0,
FD004,193,12,0.0,
FD004,193,13,0.0,
FD004,193,14,0.0,
FD004,193,15,0.0,
FD004,193,16,0.0,
FD004,193,17,0.0,
FD004,193,18,0.0,
FD004,193,19,0.0,
FD004,193,20,0.0,
FD004,193,21,0.0,
FD004,193,22,0.0,
FD004,193,23,0.0,
FD004,193,24,0.0,
FD004,193,25,0.0,
FD004,193,26,0.0,
FD004,193,27,0.0,
FD004,193,28,0.0,
FD004,193,29,0.0,
FD004,193,30,0.0,
FD004,193,31,0.0,
FD004,193,32,0.0,
FD004,193,33,0.0,
FD004,193,34,0.0,
FD004,193,35,0.0,
FD004,193,36,0.0,
FD004,193,37,0.0,
FD004,193,38,0.0,
FD004,193,39,0.0,
FD004,193,40,0.0,
FD004,193,41,0.0,
FD004,193,42,0.0,
FD004,193,43,0.0,
FD004,193,44,0.0,
FD004,193,45,0.0,
FD004,193,46,0.0,
FD004,193,47,0.0,
FD004,193,48,0.0,
FD004,193,49,0.0,
FD004,193,50,7.6169,
FD004,193,51,8.0722,
FD004,193,52,7.1754,
FD004,193,53,6.3788,
FD004,193,54,6.6276,
FD004,193,55,10.6232,
FD004,193,56,9.7959,
FD004,193,57,10.3571,
FD004,193,58,10.8495,
FD004,193,59,12.3904,
FD004,193,60,12.0562,
FD004,193,61,11.9344,
FD004,193,62,11.3835,
FD004,193,63,9.1824,
FD004,193,64,8.6101,
FD004,193,65,10.0935,
FD004,193,66,9.1886,
FD004,193,67,8.7981,
FD004,193,68,8.1891,
FD004,193,69,7.7135,
FD004,193,70,9.6965,
FD004,193,71,8.9683,
FD004,193,72,6.8558,
FD004,193,73,9.7542,
FD004,193,74,8.7028,
FD004,193,75,11.9895,
FD004,193,76,15.4915,
FD004,193,77,13.2302,
FD004,193,78,11.7159,
FD004,193,79,13.9949,
FD004,193,80,14.961,
FD004,193,81,15.4118,
FD004,193,82,15.7414,
FD004,193,83,18.1124,
FD004,193,84,17.7022,
FD004,193,85,14.6424,
FD004,193,86,17.6353,
FD004,193,87,19.9782,
FD004,193,88,19.9693,
FD004,193,89,20.6489,
FD004,193,90,21.7019,
FD004,193,91,20.106,
FD004,193,92,19.2819,
FD004,193,93,18.8243,
FD004,193,94,17.4924,
FD004,193,95,16.5082,
FD004,193,96,18.9592,
FD004,193,97,19.2424,
FD004,193,98,16.1833,
FD004,193,99,14.3936,
FD004,193,100,15.0582,
FD004,193,101,16.7258,
FD004,193,102,16.2268,
FD004,193,103,16.0544,
FD004,193,104,16.2012,
FD004,193,105,17.0628,
FD004,193,106,17.7242,
FD004,193,107,16.0746,
FD004,193,108,17.1478,
FD004,193,109,16.5243,
FD004,193,110,15.0342,
FD004,193,111,16.5806,
FD004,193,112,16.589,
FD004,193,113,14.0883,
FD004,193,114,14.0644,
FD004,193,115,11.7645,
FD004,193,116,11.9224,
FD004,193,117,13.3335,
FD004,193,118,10.4682,
FD004,193,119,13.0796,
FD004,193,120,10.7021,
FD004,193,121,10.7069,
FD004,193,122,10.6497,
FD004,193,123,11.6054,
FD004,193,124,10.7932,
FD004,193,125,10.9539,
FD004,193,126,13.5692,
FD004,193,127,13.239,
FD004,193,128,12.2877,
FD004,193,129,14.2764,
FD004,193,130,14.1572,
FD004,193,131,14.0022,
FD004,193,132,16.5147,
FD004,193,133,12.2411,
FD004,193,134,9.0631,
FD004,193,135,9.0422,
FD004,193,136,9.8363,
FD004,193,137,9.0701,
FD004,193,138,10.3179,
FD004,193,139,8.388,
FD004,193,140,9.7276,
FD004,193,141,14.3492,
FD004,193,142,12.798,
FD004,193,143,7.1419,
FD004,193,144,7.8097,
FD004,193,145,7.8154,
FD004,193,146,8.1537,
FD004,193,147,9.0107,
FD004,193,148,11.0271,
FD004,193,149,11.7502,
FD004,193,150,12.0334,
FD004,193,151,13.6961,
FD004,193,152,11.5199,
FD004,193,153,12.7379,
FD004,193,154,17.608,
FD004,193,155,11.616,
FD004,193,156,11.7828,
FD004,193,157,11.729,
FD004,193,158,11.8217,
FD004,193,159,14.4974,
FD004,193,160,17.1954,
FD004,193,161,15.4183,
FD004,193,162,16.1437,
FD004,193,163,13.5033,
FD004,193,164,13.8573,
FD004,193,165,10.1995,
FD004,193,166,6.8095,
FD004,193,167,6.1971,
FD004,193,168,5.6669,
FD004,193,169,6.5791,
FD004,193,170,6.7498,
FD004,193,171,7.0815,
FD004,193,172,6.5035,
FD004,193,173,6.9784,
FD004,193,174,7.9831,
FD004,193,175,7.4348,
FD004,193,176,7.7999,
FD004,193,177,8.2596,
FD004,193,178,8.408,
FD004,193,179,8.6096,
FD004,193,180,8.6184,
FD004,193,181,8.295,
FD004,193,182,13.3761,
FD004,193,183,13.0528,
FD004,193,184,13.1416,
FD004,193,185,13.4784,
FD004,193,186,12.6849,
FD004,193,187,10.2289,
FD004,193,188,10.876,
FD004,193,189,10.9628,
FD004,193,190,9.7597,
FD004,193,191,10.8614,
FD004,193,192,14.3999,
FD004,193,193,14.4126,
FD004,193,194,13.0114,
FD004,193,195,17.2841,
FD004,193,196,17.8611,
FD004,193,197,19.2371,
FD004,193,198,19.2658,
FD004,193,199,20.7493,
FD004,193,200,19.9089,
FD004,193,201,15.5622,
FD004,193,202,16.5296,
FD004,193,203,14.6891,
FD004,193,204,10.6165,
FD004,193,205,11.7329,
FD004,193,206,9.7399,
FD004,193,207,9.1681,
FD004,193,208,11.3574,
FD004,193,209,12.1722,
FD004,193,210,12.7576,
FD004,193,211,12.5749,
FD004,193,212,12.2918,
FD004,193,213,15.3936,
FD004,193,214,14.3472,
FD004,193,215,16.0067,
FD004,193,216,15.9865,
FD004,193,217,13.7792,
FD004,193,218,13.857,
FD004,193,219,16.4105,
FD004,193,220,16.6798,
FD004,193,221,15.7803,
FD004,193,222,14.3488,
FD004,193,223,15.5506,
FD004,193,224,12.3871,
FD004,193,225,11.8622,
FD004,193,226,10.1827,
FD004,193,227,10.3612,
FD004,193,228,9.8676,
FD004,193,229,9.2318,
FD004,193,230,9.7315,
FD004,193,231,9.8822,
FD004,193,232,9.7193,
FD004,193,233,7.2471,
FD004,193,234,7.6405,
FD004,193,235,8.4912,
FD004,193,236,6.8939,
FD004,193,237,7.4206,
FD004,193,238,6.2382,
FD004,193,239,6.3873,
FD004,193,240,5.6967,
FD004,193,241,6.8421,
FD004,193,242,7.2033,
FD004,193,243,7.7986,
FD004,193,244,6.922,
FD004,193,245,14.1056,
FD004,193,246,14.229,
FD004,193,247,15.7186,
FD004,193,248,17.7749,
FD004,193,249,19.2027,
FD004,193,250,21.2134,
FD004,193,251,20.7908,
FD004,193,252,21.2134,
FD004,193,253,19.0528,
FD004,193,254,19.0047,
FD004,193,255,17.5337,
FD004,193,256,16.0705,
FD004,193,257,11.4561,
FD004,193,258,12.1816,
FD004,193,259,12.0004,
FD004,193,260,12.3106,
FD004,193,261,10.8255,
FD004,193,262,11.4717,
FD004,193,263,16.0369,
FD004,194,1,0.0,
FD004,194,2,0.0,
FD004,194,3,0.0,
FD004,194,4,0.0,
FD004,194,5,0.0,
FD004,194,6,0.0,
FD004,194,7,0.0,
FD004,194,8,0.0,
FD004,194,9,0.0,
FD004,194,10,0.0,
FD004,194,11,0.0,
FD004,194,12,0.0,
FD004,194,13,0.0,
FD004,194,14,0.0,
FD004,194,15,0.0,
FD004,194,16,0.0,
FD004,194,17,0.0,
FD004,194,18,0.0,
FD004,194,19,0.0,
FD004,194,20,0.0,
FD004,194,21,0.0,
FD004,194,22,0.0,
FD004,194,23,0.0,
FD004,194,24,0.0,
FD004,194,25,0.0,
FD004,194,26,0.0,
FD004,194,27,0.0,
FD004,194,28,0.0,
FD004,194,29,0.0,
FD004,194,30,0.0,
FD004,194,31,0.0,
FD004,194,32,0.0,
FD004,194,33,0.0,
FD004,194,34,0.0,
FD004,194,35,0.0,
FD004,194,36,0.0,
FD004,194,37,0.0,
FD004,194,38,0.0,
FD004,194,39,0.0,
FD004,194,40,0.0,
FD004,194,41,0.0,
FD004,194,42,0.0,
FD004,194,43,0.0,
FD004,194,44,0.0,
FD004,194,45,0.0,
FD004,194,46,0.0,
FD004,194,47,0.0,
FD004,194,48,0.0,
FD004,194,49,0.0,
FD004,194,50,7.2991,
FD004,194,51,8.8727,
FD004,194,52,8.8587,
FD004,194,53,12.748,
FD004,194,54,12.2755,
FD004,194,55,12.3744,
FD004,194,56,11.488,
FD004,194,57,13.1563,
FD004,194,58,12.2612,
FD004,194,59,12.9931,
FD004,194,60,13.192,
FD004,194,61,9.4478,
FD004,194,62,8.9541,
FD004,194,63,8.548,
FD004,194,64,7.3135,
FD004,194,65,12.3193,
FD004,194,66,13.15,
FD004,194,67,14.0328,
FD004,194,68,8.4071,
FD004,194,69,10.7448,
FD004,194,70,9.4708,
FD004,194,71,10.327,
FD004,194,72,12.1003,
FD004,194,73,9.1836,
FD004,194,74,8.7054,
FD004,194,75,10.3646,
FD004,194,76,9.5917,
FD004,194,77,9.0901,
FD004,194,78,7.8871,
FD004,194,79,7.109,
FD004,194,80,8.5054,
FD004,194,81,7.455,
FD004,194,82,7.1056,
FD004,194,83,8.6983,
FD004,194,84,9.7714,
FD004,194,85,7.811,
FD004,194,86,7.1807,
FD004,194,87,4.7767,
FD004,194,88,5.8013,
FD004,194,89,8.5768,
FD004,194,90,7.763,
FD004,194,91,9.5892,
FD004,194,92,8.7687,
FD004,194,93,9.2872,
FD004,194,94,8.3314,
FD004,194,95,7.9241,
FD004,194,96,10.4022,
FD004,194,97,7.0417,
FD004,194,98,5.7725,
FD004,194,99,9.676,
FD004,194,100,7.2882,
FD004,194,101,6.5781,
FD004,194,102,7.1167,
FD004,194,103,7.2252,
FD004,194,104,7.4164,
FD004,194,105,7.6143,
FD004,194,106,6.9888,
FD004,194,107,7.1642,
FD004,194,108,7.279,
FD004,194,109,5.31,
FD004,194,110,5.1597,
FD004,194,111,6.247,
FD004,194,112,6.0431,
FD004,194,113,6.4936,
FD004,194,114,5.1954,
FD004,194,115,5.1989,
FD004,194,116,5.8022,
FD004,194,117,6.0111,
FD004,194,118,6.2698,
FD004,194,119,6.4508,
FD004,194,120,6.3094,
FD004,194,121,6.8553,
FD004,194,122,7.0752,
FD004,194,123,6.3854,
FD004,194,124,5.6127,
FD004,194,125,11.0155,
FD004,194,126,9.7038,
FD004,194,127,5.4196,
FD004,194,128,7.1914,
FD004,194,129,6.9296,
FD004,194,130,7.0666,
FD004,194,131,7.3204,
FD004,194,132,6.4776,
FD004,194,133,8.3208,
FD004,194,134,9.1174,
FD004,194,135,9.5253,
FD004,194,136,9.5919,
FD004,194,137,8.797,
FD004,194,138,11.013,
FD004,194,139,11.0848,
FD004,194,140,10.4666,
FD004,194,141,10.0119,
FD004,194,142,10.0627,
FD004,194,143,10.1379,
FD004,194,144,8.34,
FD004,194,145,9.3179,
FD004,194,146,10.0967,
FD004,194,147,7.5155,
FD004,194,148,9.672,
FD004,194,149,10.0838,
FD004,194,150,7.237,
FD004,194,151,9.2777,
FD004,194,152,8.7884,
FD004,194,153,7.8794,
FD004,194,154,6.852,
FD004,194,155,6.7696,
FD004,194,156,7.9708,
FD004,194,157,6.3154,
FD004,194,158,8.7493,
FD004,194,159,8.3595,
FD004,194,160,6.1547,
FD004,194,161,10.2079,
FD004,194,162,8.0636,
FD004,194,163,8.0655,
FD004,194,164,6.3185,
FD004,194,165,6.9469,
FD004,194,166,7.8317,
FD004,194,167,9.299,
FD004,194,168,5.8788,
FD004,194,169,5.7793,
FD004,194,170,5.7163,
FD004,194,171,6.987,
FD004,194,172,5.8233,
FD004,194,173,7.0191,
FD004,194,174,5.7338,
FD004,194,175,6.3014,
FD004,194,176,6.0611,
FD004,194,177,6.996,
FD004,194,178,11.6646,
FD004,194,179,12.4078,
FD004,194,180,12.965,
FD004,194,181,14.7799,
FD004,194,182,12.7068,
FD004,194,183,11.9621,
FD004,194,184,11.165,
FD004,194,185,11.5508,
FD004,194,186,12.0796,
FD004,194,187,11.2987,
FD004,194,188,11.9346,
FD004,194,189,10.9228,
FD004,194,190,9.8166,
FD004,194,191,9.8123,
FD004,194,192,8.5951,
FD004,194,193,8.7799,
FD004,194,194,9.4245,
FD004,194,195,9.9778,
FD004,194,196,10.9298,
FD004,194,197,6.8953,
FD004,194,198,7.1238,
FD004,194,199,6.8116,
FD004,194,200,7.4905,
FD004,194,201,7.0543,
FD004,194,202,4.9623,
FD004,194,203,4.7915,
FD004,194,204,5.0017,
FD004,194,205,6.106,
FD004,194,206,7.7865,
FD004,194,207,7.9509,
FD004,194,208,7.9856,
FD004,194,209,8.2142,
FD004,194,210,8.7252,
FD004,194,211,7.1627,
FD004,194,212,8.0885,
FD004,194,213,8.7633,
FD004,194,214,10.033,
FD004,195,1,0.0,
FD004,195,2,0.0,
FD004,195,3,0.0,
FD004,195,4,0.0,
FD004,195,5,0.0,
FD004,195,6,0.0,
FD004,195,7,0.0,
FD004,195,8,0.0,
FD004,195,9,0.0,
FD004,195,10,0.0,
FD004,195,11,0.0,
FD004,195,12,0.0,
FD004,195,13,0.0,
FD004,195,14,0.0,
FD004,195,15,0.0,
FD004,195,16,0.0,
FD004,195,17,0.0,
FD004,195,18,0.0,
FD004,195,19,0.0,
FD004,195,20,0.0,
FD004,195,21,0.0,
FD004,195,22,0.0,
FD004,195,23,0.0,
FD004,195,24,0.0,
FD004,195,25,0.0,
FD004,195,26,0.0,
FD004,195,27,0.0,
FD004,195,28,0.0,
FD004,195,29,0.0,
FD004,195,30,0.0,
FD004,195,31,0.0,
FD004,195,32,0.0,
FD004,195,33,0.0,
FD004,195,34,0.0,
FD004,195,35,0.0,
FD004,195,36,0.0,
FD004,195,37,0.0,
FD004,195,38,0.0,
FD004,195,39,0.0,
FD004,195,40,0.0,
FD004,195,41,0.0,
FD004,195,42,0.0,
FD004,195,43,0.0,
FD004,195,44,0.0,
FD004,195,45,0.0,
FD004,195,46,0.0,
FD004,195,47,0.0,
FD004,195,48,0.0,
FD004,195,49,0.0,
FD004,195,50,5.8348,
FD004,195,51,5.3782,
FD004,195,52,5.6135,
FD004,195,53,5.8937,
FD004,195,54,6.0547,
FD004,195,55,5.8843,
FD004,195,56,6.7461,
FD004,195,57,7.8697,
FD004,195,58,9.223,
FD004,195,59,7.21,
FD004,195,60,8.2129,
FD004,195,61,8.6262,
FD004,195,62,7.5118,
FD004,195,63,9.1439,
FD004,195,64,9.9479,
FD004,195,65,10.1476,
FD004,195,66,8.4584,
FD004,195,67,8.8241,
FD004,195,68,7.1886,
FD004,195,69,7.4662,
FD004,195,70,7.2631,
FD004,195,71,6.8868,
FD004,195,72,8.6313,
FD004,195,73,8.2908,
FD004,195,74,7.964,
FD004,195,75,8.9827,
FD004,195,76,7.5137,
FD004,195,77,10.8019,
FD004,195,78,9.1797,
FD004,195,79,8.0133,
FD004,195,80,8.0471,
FD004,195,81,6.6835,
FD004,195,82,7.9709,
FD004,195,83,13.4398,
FD004,195,84,15.9981,
FD004,195,85,10.9767,
FD004,195,86,5.8924,
FD004,195,87,7.658,
FD004,195,88,7.3852,
FD004,195,89,7.1025,
FD004,195,90,5.9417,
FD004,195,91,6.7814,
FD004,195,92,6.5533,
FD004,195,93,6.3873,
FD004,195,94,6.2234,
FD004,195,95,6.5697,
FD004,195,96,4.9351,
FD004,195,97,4.8166,
FD004,195,98,7.5816,
FD004,195,99,9.0472,
FD004,195,100,8.5022,
FD004,195,101,9.6825,
FD004,195,102,9.3399,
FD004,195,103,8.3693,
FD004,195,104,11.173,
FD004,195,105,12.9232,
FD004,195,106,12.8295,
FD004,195,107,14.5704,
FD004,195,108,10.7589,
FD004,195,109,10.4387,
FD004,195,110,7.1547,
FD004,195,111,11.5296,
FD004,195,112,12.3621,
FD004,195,113,13.551,
FD004,195,114,13.3212,
FD004,195,115,12.171,
FD004,195,116,10.6313,
FD004,195,117,11.5115,
FD004,195,118,11.2435,
FD004,195,119,13.7532,
FD004,195,120,12.1765,
FD004,195,121,12.1756,
FD004,195,122,16.3739,
FD004,195,123,13.4566,
FD004,195,124,9.8988,
FD004,195,125,10.2648,
FD004,195,126,7.381,
FD004,195,127,9.8682,
FD004,195,128,8.8109,
FD004,195,129,5.56,
FD004,195,130,5.8545,
FD004,195,131,5.966,
FD004,195,132,5.5212,
FD004,195,133,6.3905,
FD004,195,134,6.6393,
FD004,195,135,6.2535,
FD004,195,136,9.5224,
FD004,195,137,7.3178,
FD004,195,138,8.6482,
FD004,195,139,21.3671,
FD004,195,140,9.9936,
FD004,195,141,7.7682,
FD004,195,142,9.7663,
FD004,195,143,8.4527,
FD004,195,144,10.7052,
FD004,195,145,8.8067,
FD004,195,146,7.7195,
FD004,195,147,8.7167,
FD004,195,148,7.8333,
FD004,195,149,7.0539,
FD004,195,150,8.3263,
FD004,195,151,8.2554,
FD004,195,152,7.0535,
FD004,195,153,7.7117,
FD004,195,154,7.8538,
FD004,195,155,6.1271,
FD004,195,156,6.9214,
FD004,195,157,6.9445,
FD004,195,158,9.7833,
FD004,195,159,12.5798,
FD004,195,160,8.7309,
FD004,195,161,8.173,
FD004,195,162,9.9494,
FD004,195,163,7.5175,
FD004,195,164,8.0953,
FD004,195,165,6.3738,
FD004,195,166,7.458,
FD004,195,167,9.4716,
FD004,195,168,9.515,
FD004,195,169,9.5306,
FD004,195,170,8.2964,
FD004,195,171,9.319,
FD004,195,172,7.8211,
FD004,195,173,5.3543,
FD004,195,174,8.9503,
FD004,195,175,7.5143,
FD004,195,176,10.5411,
FD004,195,177,12.683,
FD004,195,178,13.2448,
FD004,195,179,12.7095,
FD004,195,180,13.0274,
FD004,195,181,13.9831,
FD004,195,182,10.8514,
FD004,195,183,10.8412,
FD004,195,184,11.8844,
FD004,195,185,10.4816,
FD004,195,186,8.9233,
FD004,196,1,0.0,
FD004,196,2,0.0,
FD004,196,3,0.0,
FD004,196,4,0.0,
FD004,196,5,0.0,
FD004,196,6,0.0,
FD004,196,7,0.0,
FD004,196,8,0.0,
FD004,196,9,0.0,
FD004,196,10,0.0,
FD004,196,11,0.0,
FD004,196,12,0.0,
FD004,196,13,0.0,
FD004,196,14,0.0,
FD004,196,15,0.0,
FD004,196,16,0.0,
FD004,196,17,0.0,
FD004,196,18,0.0,
FD004,196,19,0.0,
FD004,196,20,0.0,
FD004,196,21,0.0,
FD004,196,22,0.0,
FD004,196,23,0.0,
FD004,196,24,0.0,
FD004,196,25,0.0,
FD004,196,26,0.0,
FD004,196,27,0.0,
FD004,196,28,0.0,
FD004,196,29,0.0,
FD004,196,30,0.0,
FD004,196,31,0.0,
FD004,196,32,0.0,
FD004,196,33,0.0,
FD004,196,34,0.0,
FD004,196,35,0.0,
FD004,196,36,0.0,
FD004,196,37,0.0,
FD004,196,38,0.0,
FD004,196,39,0.0,
FD004,196,40,0.0,
FD004,196,41,0.0,
FD004,196,42,0.0,
FD004,196,43,0.0,
FD004,196,44,0.0,
FD004,196,45,0.0,
FD004,196,46,0.0,
FD004,196,47,0.0,
FD004,196,48,0.0,
FD004,196,49,0.0,
FD004,196,50,9.8636,
FD004,196,51,6.5414,
FD004,196,52,6.5721,
FD004,196,53,3.98,
FD004,196,54,6.7491,
FD004,196,55,9.1115,
FD004,196,56,8.1743,
FD004,196,57,7.905,
FD004,196,58,10.6264,
FD004,196,59,12.1969,
FD004,196,60,10.5428,
FD004,196,61,10.7447,
FD004,196,62,10.1047,
FD004,196,63,5.2134,
FD004,196,64,11.3825,
FD004,196,65,5.8176,
FD004,196,66,7.7437,
FD004,196,67,7.198,
FD004,196,68,9.1815,
FD004,196,69,8.2114,
FD004,196,70,8.0114,
FD004,197,1,0.0,
FD004,197,2,0.0,
FD004,197,3,0.0,
FD004,197,4,0.0,
FD004,197,5,0.0,
FD004,197,6,0.0,
FD004,197,7,0.0,
FD004,197,8,0.0,
FD004,197,9,0.0,
FD004,197,10,0.0,
FD004,197,11,0.0,
FD004,197,12,0.0,
FD004,197,13,0.0,
FD004,197,14,0.0,
FD004,197,15,0.0,
FD004,197,16,0.0,
FD004,197,17,0.0,
FD004,197,18,0.0,
FD004,197,19,0.0,
FD004,197,20,0.0,
FD004,197,21,0.0,
FD004,197,22,0.0,
FD004,197,23,0.0,
FD004,197,24,0.0,
FD004,197,25,0.0,
FD004,197,26,0.0,
FD004,197,27,0.0,
FD004,197,28,0.0,
FD004,197,29,0.0,
FD004,197,30,0.0,
FD004,197,31,0.0,
FD004,197,32,0.0,
FD004,197,33,0.0,
FD004,197,34,0.0,
FD004,197,35,0.0,
FD004,197,36,0.0,
FD004,197,37,0.0,
FD004,197,38,0.0,
FD004,197,39,0.0,
FD004,197,40,0.0,
FD004,197,41,0.0,
FD004,197,42,0.0,
FD004,197,43,0.0,
FD004,197,44,0.0,
FD004,197,45,0.0,
FD004,197,46,0.0,
FD004,197,47,0.0,
FD004,197,48,0.0,
FD004,197,49,0.0,
FD004,197,50,7.9589,
FD004,197,51,7.0749,
FD004,197,52,7.2525,
FD004,197,53,7.9488,
FD004,197,54,7.8498,
FD004,197,55,8.5816,
FD004,197,56,8.8202,
FD004,197,57,9.2299,
FD004,197,58,9.4548,
FD004,197,59,8.4869,
FD004,197,60,9.5924,
FD004,197,61,10.9824,
FD004,197,62,9.7147,
FD004,197,63,10.3727,
FD004,197,64,10.0177,
FD004,197,65,12.8335,
FD004,197,66,7.9403,
FD004,197,67,8.1885,
FD004,197,68,8.2574,
FD004,197,69,8.9315,
FD004,197,70,10.0767,
FD004,197,71,10.1928,
FD004,197,72,11.8905,
FD004,197,73,13.8598,
FD004,197,74,10.908,
FD004,197,75,11.7321,
FD004,197,76,10.8868,
FD004,197,77,10.6706,
FD004,197,78,13.7714,
FD004,197,79,10.6691,
FD004,197,80,12.6017,
FD004,197,81,11.6081,
FD004,197,82,12.2284,
FD004,197,83,15.0284,
FD004,197,84,12.7336,
FD004,197,85,12.7473,
FD004,197,86,19.5981,
FD004,197,87,17.3187,
FD004,197,88,15.42,
FD004,197,89,14.9386,
FD004,197,90,11.7641,
FD004,197,91,14.0716,
FD004,197,92,15.1254,
FD004,197,93,12.9282,
FD004,197,94,9.6079,
FD004,197,95,11.587,
FD004,197,96,11.5927,
FD004,197,97,14.5356,
FD004,197,98,14.7201,
FD004,197,99,13.833,
FD004,197,100,14.149,
FD004,197,101,11.858,
FD004,197,102,11.0024,
FD004,197,103,11.233,
FD004,197,104,9.916,
FD004,197,105,9.1181,
FD004,197,106,11.3529,
FD004,197,107,12.0886,
FD004,197,108,15.1823,
FD004,197,109,14.0951,
FD004,197,110,12.5517,
FD004,197,111,11.6119,
FD004,197,112,12.5161,
FD004,197,113,14.1539,
FD004,197,114,18.0051,
FD004,197,115,14.493,
FD004,197,116,12.0453,
FD004,197,117,12.2827,
FD004,197,118,13.5645,
FD004,197,119,9.3301,
FD004,197,120,12.8492,
FD004,197,121,10.528,
FD004,197,122,10.805,
FD004,197,123,12.5332,
FD004,197,124,12.4285,
FD004,197,125,12.0163,
FD004,197,126,14.6598,
FD004,197,127,14.7066,
FD004,197,128,15.2633,
FD004,197,129,12.272,
FD004,197,130,10.8876,
FD004,197,131,12.152,
FD004,197,132,11.0456,
FD004,197,133,9.1677,
FD004,197,134,6.4403,
FD004,197,135,6.5874,
FD004,197,136,6.3229,
FD004,197,137,8.5988,
FD004,197,138,9.2772,
FD004,197,139,9.8594,
FD004,197,140,10.5013,
FD004,197,141,10.085,
FD004,197,142,9.1633,
FD004,197,143,9.8135,
FD004,197,144,8.9267,
FD004,197,145,9.2294,
FD004,197,146,10.9623,
FD004,197,147,10.4044,
FD004,197,148,7.5634,
FD004,197,149,7.0215,
FD004,197,150,7.1151,
FD004,197,151,7.5506,
FD004,197,152,6.7436,
FD004,197,153,5.5655,
FD004,197,154,5.3438,
FD004,197,155,5.9736,
FD004,197,156,5.3927,
FD004,197,157,6.0859,
FD004,197,158,8.3935,
FD004,197,159,7.708,
FD004,197,160,12.9548,
FD004,197,161,9.0152,
FD004,197,162,8.3624,
FD004,197,163,8.218,
FD004,197,164,10.42,
FD004,197,165,8.1236,
FD004,197,166,7.5307,
FD004,197,167,8.4739,
FD004,197,168,8.2035,
FD004,197,169,8.6928,
FD004,197,170,10.2978,
FD004,197,171,11.6769,
FD004,197,172,12.8394,
FD004,197,173,13.1088,
FD004,197,174,7.4569,
FD004,197,175,8.5103,
FD004,197,176,7.2004,
FD004,197,177,6.7539,
FD004,197,178,6.4167,
FD004,197,179,6.9387,
FD004,197,180,6.2658,
FD004,197,181,7.0906,
FD004,197,182,6.0098,
FD004,197,183,6.0327,
FD004,197,184,6.6675,
FD004,197,185,8.4688,
FD004,197,186,7.8407,
FD004,197,187,6.5591,
FD004,197,188,7.6782,
FD004,197,189,6.2149,
FD004,197,190,6.5433,
FD004,197,191,6.3534,
FD004,197,192,6.7072,
FD004,197,193,7.2376,
FD004,197,194,8.4369,
FD004,197,195,7.5451,
FD004,197,196,8.842,
FD004,198,1,0.0,
FD004,198,2,0.0,
FD004,198,3,0.0,
FD004,198,4,0.0,
FD004,198,5,0.0,
FD004,198,6,0.0,
FD004,198,7,0.0,
FD004,198,8,0.0,
FD004,198,9,0.0,
FD004,198,10,0.0,
FD004,198,11,0.0,
FD004,198,12,0.0,
FD004,198,13,0.0,
FD004,198,14,0.0,
FD004,198,15,0.0,
FD004,198,16,0.0,
FD004,198,17,0.0,
FD004,198,18,0.0,
FD004,198,19,0.0,
FD004,198,20,0.0,
FD004,198,21,0.0,
FD004,198,22,0.0,
FD004,198,23,0.0,
FD004,198,24,0.0,
FD004,198,25,0.0,
FD004,198,26,0.0,
FD004,198,27,0.0,
FD004,198,28,0.0,
FD004,198,29,0.0,
FD004,198,30,0.0,
FD004,198,31,0.0,
FD004,198,32,0.0,
FD004,198,33,0.0,
FD004,198,34,0.0,
FD004,198,35,0.0,
FD004,198,36,0.0,
FD004,198,37,0.0,
FD004,198,38,0.0,
FD004,198,39,0.0,
FD004,198,40,0.0,
FD004,198,41,0.0,
FD004,198,42,0.0,
FD004,198,43,0.0,
FD004,198,44,0.0,
FD004,198,45,0.0,
FD004,198,46,0.0,
FD004,198,47,0.0,
FD004,198,48,0.0,
FD004,198,49,0.0,
FD004,198,50,7.0771,
FD004,198,51,9.4762,
FD004,198,52,8.0035,
FD004,198,53,8.4922,
FD004,198,54,7.3497,
FD004,198,55,8.3075,
FD004,198,56,8.9825,
FD004,198,57,8.5752,
FD004,198,58,8.8989,
FD004,198,59,7.1086,
FD004,198,60,7.1514,
FD004,198,61,6.1563,
FD004,198,62,6.1569,
FD004,198,63,8.0384,
FD004,198,64,8.0457,
FD004,198,65,7.643,
FD004,198,66,6.6368,
FD004,198,67,6.9043,
FD004,198,68,8.6034,
FD004,198,69,8.1215,
FD004,198,70,8.3527,
FD004,198,71,8.575,
FD004,198,72,9.4563,
FD004,198,73,8.2226,
FD004,198,74,7.9786,
FD004,198,75,7.8189,
FD004,198,76,7.692,
FD004,198,77,7.699,
FD004,198,78,7.7837,
FD004,198,79,7.9471,
FD004,198,80,15.002,
FD004,198,81,10.2594,
FD004,198,82,17.3375,
FD004,198,83,13.9395,
FD004,198,84,8.2684,
FD004,198,85,10.5869,
FD004,198,86,9.5341,
FD004,198,87,9.8128,
FD004,198,88,9.682,
FD004,198,89,11.4235,
FD004,198,90,12.9939,
FD004,198,91,11.1651,
FD004,198,92,11.3766,
FD004,198,93,9.9586,
FD004,198,94,11.0089,
FD004,198,95,11.8828,
FD004,198,96,10.8567,
FD004,198,97,9.1387,
FD004,198,98,7.7646,
FD004,198,99,8.0381,
FD004,198,100,8.5683,
FD004,198,101,8.0204,
FD004,198,102,9.5403,
FD004,198,103,8.5081,
FD004,198,104,6.8835,
FD004,198,105,7.9709,
FD004,198,106,6.8785,
FD004,198,107,8.9328,
FD004,198,108,6.6863,
FD004,198,109,6.8587,
FD004,198,110,6.0121,
FD004,198,111,7.2127,
FD004,198,112,9.0184,
FD004,198,113,8.2154,
FD004,198,114,10.128,
FD004,198,115,9.5158,
FD004,199,1,0.0,
FD004,199,2,0.0,
FD004,199,3,0.0,
FD004,199,4,0.0,
FD004,199,5,0.0,
FD004,199,6,0.0,
FD004,199,7,0.0,
FD004,199,8,0.0,
FD004,199,9,0.0,
FD004,199,10,0.0,
FD004,199,11,0.0,
FD004,199,12,0.0,
FD004,199,13,0.0,
FD004,199,14,0.0,
FD004,199,15,0.0,
FD004,199,16,0.0,
FD004,199,17,0.0,
FD004,199,18,0.0,
FD004,199,19,0.0,
FD004,199,20,0.0,
FD004,199,21,0.0,
FD004,199,22,0.0,
FD004,199,23,0.0,
FD004,199,24,0.0,
FD004,199,25,0.0,
FD004,199,26,0.0,
FD004,199,27,0.0,
FD004,199,28,0.0,
FD004,199,29,0.0,
FD004,199,30,0.0,
FD004,199,31,0.0,
FD004,199,32,0.0,
FD004,199,33,0.0,
FD004,199,34,0.0,
FD004,199,35,0.0,
FD004,199,36,0.0,
FD004,199,37,0.0,
FD004,199,38,0.0,
FD004,199,39,0.0,
FD004,199,40,0.0,
FD004,199,41,0.0,
FD004,199,42,0.0,
FD004,199,43,0.0,
FD004,199,44,0.0,
FD004,199,45,0.0,
FD004,199,46,0.0,
FD004,199,47,0.0,
FD004,199,48,0.0,
FD004,199,49,0.0,
FD004,199,50,5.7698,
FD004,199,51,6.5046,
FD004,199,52,5.6503,
FD004,199,53,6.3427,
FD004,199,54,5.3979,
FD004,199,55,8.9827,
FD004,199,56,8.9097,
FD004,199,57,7.5495,
FD004,199,58,7.6432,
FD004,199,59,7.1939,
FD004,199,60,7.8181,
FD004,199,61,8.0651,
FD004,199,62,7.3787,
FD004,199,63,9.1465,
FD004,199,64,8.9633,
FD004,199,65,8.7285,
FD004,199,66,8.6332,
FD004,199,67,8.4172,
FD004,199,68,11.3176,
FD004,199,69,8.0922,
FD004,199,70,10.3632,
FD004,199,71,8.1557,
FD004,199,72,9.3139,
FD004,199,73,8.7521,
FD004,199,74,9.2316,
FD004,199,75,8.905,
FD004,199,76,7.9329,
FD004,199,77,13.0895,
FD004,199,78,14.1293,
FD004,199,79,8.4138,
FD004,199,80,9.0667,
FD004,199,81,9.8326,
FD004,199,82,7.9898,
FD004,199,83,11.2324,
FD004,199,84,11.4237,
FD004,199,85,9.959,
FD004,199,86,14.2451,
FD004,199,87,14.3407,
FD004,199,88,9.854,
FD004,199,89,13.1889,
FD004,199,90,11.2879,
FD004,199,91,10.0339,
FD004,199,92,8.3461,
FD004,199,93,6.7574,
FD004,199,94,6.0747,
FD004,199,95,6.5518,
FD004,199,96,6.9081,
FD004,199,97,6.9776,
FD004,199,98,7.2295,
FD004,199,99,6.3669,
FD004,199,100,4.8424,
FD004,199,101,6.3796,
FD004,199,102,7.9448,
FD004,199,103,6.8947,
FD004,199,104,7.409,
FD004,199,105,7.6776,
FD004,199,106,7.2802,
FD004,199,107,7.0775,
FD004,199,108,8.3255,
FD004,199,109,8.763,
FD004,199,110,6.6993,
FD004,199,111,7.05,
FD004,199,112,6.5847,
FD004,199,113,5.0678,
FD004,199,114,6.8027,
FD004,199,115,6.4884,
FD004,199,116,5.4054,
FD004,199,117,6.904,
FD004,199,118,4.9311,
FD004,199,119,4.9566,
FD004,199,120,5.211,
FD004,199,121,7.0856,
FD004,199,122,6.3947,
FD004,199,123,4.7524,
FD004,199,124,8.3495,
FD004,199,125,10.5441,
FD004,199,126,11.9385,
FD004,199,127,13.4849,
FD004,199,128,13.2838,
FD004,199,129,13.7799,
FD004,199,130,20.5038,
FD004,199,131,18.0506,
FD004,199,132,17.2898,
FD004,199,133,17.1828,
FD004,199,134,7.1951,
FD004,199,135,12.417,
FD004,199,136,12.0141,
FD004,199,137,10.6573,
FD004,199,138,11.8774,
FD004,199,139,11.3138,
FD004,199,140,11.7102,
FD004,199,141,10.0695,
FD004,199,142,9.724,
FD004,199,143,8.7657,
FD004,199,144,8.7706,
FD004,199,145,8.899,
FD004,199,146,10.6073,
FD004,199,147,12.4065,
FD004,199,148,6.7848,
FD004,199,149,9.433,
FD004,199,150,9.2626,
FD004,199,151,10.5,
FD004,199,152,11.1995,
FD004,199,153,11.0874,
FD004,199,154,10.2967,
FD004,199,155,9.4429,
FD004,199,156,8.9731,
FD004,199,157,9.9076,
FD004,199,158,9.2357,
FD004,199,159,9.7877,
FD004,199,160,8.9754,
FD004,199,161,7.2064,
FD004,199,162,6.0995,
FD004,199,163,6.866,
FD004,199,164,4.5582,
FD004,199,165,6.217,
FD004,199,166,6.7863,
FD004,199,167,7.2215,
FD004,199,168,9.2426,
FD004,199,169,7.1867,
FD004,199,170,7.191,
FD004,199,171,6.329,
FD004,199,172,6.2811,
FD004,199,173,7.8155,
FD004,199,174,8.9572,
FD004,199,175,7.4736,
FD004,199,176,7.4958,
FD004,199,177,7.363,
FD004,200,1,0.0,
FD004,200,2,0.0,
FD004,200,3,0.0,
FD004,200,4,0.0,
FD004,200,5,0.0,
FD004,200,6,0.0,
FD004,200,7,0.0,
FD004,200,8,0.0,
FD004,200,9,0.0,
FD004,200,10,0.0,
FD004,200,11,0.0,
FD004,200,12,0.0,
FD004,200,13,0.0,
FD004,200,14,0.0,
FD004,200,15,0.0,
FD004,200,16,0.0,
FD004,200,17,0.0,
FD004,200,18,0.0,
FD004,200,19,0.0,
FD004,200,20,0.0,
FD004,200,21,0.0,
FD004,200,22,0.0,
FD004,200,23,0.0,
FD004,200,24,0.0,
FD004,200,25,0.0,
FD004,200,26,0.0,
FD004,200,27,0.0,
FD004,200,28,0.0,
FD004,200,29,0.0,
FD004,200,30,0.0,
FD004,200,31,0.0,
FD004,200,32,0.0,
FD004,200,33,0.0,
FD004,200,34,0.0,
FD004,200,35,0.0,
FD004,200,36,0.0,
FD004,200,37,0.0,
FD004,200,38,0.0,
FD004,200,39,0.0,
FD004,200,40,0.0,
FD004,200,41,0.0,
FD004,200,42,0.0,
FD004,200,43,0.0,
FD004,200,44,0.0,
FD004,200,45,0.0,
FD004,200,46,0.0,
FD004,200,47,0.0,
FD004,200,48,0.0,
FD004,200,49,0.0,
FD004,200,50,6.8132,
FD004,200,51,7.1028,
FD004,200,52,8.4237,
FD004,200,53,9.1965,
FD004,200,54,8.0967,
FD004,200,55,7.6944,
FD004,200,56,7.8495,
FD004,200,57,7.7053,
FD004,200,58,11.0558,
FD004,200,59,8.3527,
FD004,200,60,8.3574,
FD004,200,61,8.9914,
FD004,200,62,8.8401,
FD004,200,63,7.5204,
FD004,200,64,10.6325,
FD004,200,65,10.6361,
FD004,200,66,12.3178,
FD004,200,67,17.8783,
FD004,200,68,12.1236,
FD004,200,69,12.0157,
FD004,200,70,11.356,
FD004,200,71,13.5838,
FD004,200,72,9.5238,
FD004,200,73,12.7871,
FD004,200,74,11.5207,
FD004,200,75,16.8131,
FD004,200,76,16.2704,
FD004,200,77,15.9513,
FD004,200,78,15.0039,
FD004,200,79,15.3145,
FD004,200,80,15.221,
FD004,200,81,15.2545,
FD004,200,82,16.2276,
FD004,200,83,15.4046,
FD004,200,84,19.6481,
FD004,200,85,19.1275,
FD004,200,86,15.5688,
FD004,200,87,13.9305,
FD004,200,88,10.5382,
FD004,200,89,9.7751,
FD004,200,90,11.7307,
FD004,200,91,12.1555,
FD004,200,92,19.2744,
FD004,200,93,13.1062,
FD004,200,94,15.9776,
FD004,200,95,16.3201,
FD004,200,96,17.3197,
FD004,200,97,16.2181,
FD004,200,98,19.6874,
FD004,200,99,16.7619,
FD004,200,100,11.5305,
FD004,200,101,7.3448,
FD004,200,102,8.0778,
FD004,200,103,9.9367,
FD004,200,104,6.7686,
FD004,200,105,7.7189,
FD004,200,106,7.6544,
FD004,200,107,8.1047,
FD004,200,108,8.646,
FD004,200,109,7.5645,
FD004,200,110,7.7115,
FD004,200,111,8.4794,
FD004,200,112,12.2044,
FD004,200,113,8.3468,
FD004,200,114,9.8115,
FD004,200,115,8.3365,
FD004,201,1,0.0,
FD004,201,2,0.0,
FD004,201,3,0.0,
FD004,201,4,0.0,
FD004,201,5,0.0,
FD004,201,6,0.0,
FD004,201,7,0.0,
FD004,201,8,0.0,
FD004,201,9,0.0,
FD004,201,10,0.0,
FD004,201,11,0.0,
FD004,201,12,0.0,
FD004,201,13,0.0,
FD004,201,14,0.0,
FD004,201,15,0.0,
FD004,201,16,0.0,
FD004,201,17,0.0,
FD004,201,18,0.0,
FD004,201,19,0.0,
FD004,201,20,0.0,
FD004,201,21,0.0,
FD004,201,22,0.0,
FD004,201,23,0.0,
FD004,201,24,0.0,
FD004,201,25,0.0,
FD004,201,26,0.0,
FD004,201,27,0.0,
FD004,201,28,0.0,
FD004,201,29,0.0,
FD004,201,30,0.0,
FD004,201,31,0.0,
FD004,201,32,0.0,
FD004,201,33,0.0,
FD004,201,34,0.0,
FD004,201,35,0.0,
FD004,201,36,0.0,
FD004,201,37,0.0,
FD004,201,38,0.0,
FD004,201,39,0.0,
FD004,201,40,0.0,
FD004,201,41,0.0,
FD004,201,42,0.0,
FD004,201,43,0.0,
FD004,201,44,0.0,
FD004,201,45,0.0,
FD004,201,46,0.0,
FD004,201,47,0.0,
FD004,201,48,0.0,
FD004,201,49,0.0,
FD004,201,50,6.0484,
FD004,201,51,6.7488,
FD004,201,52,7.1472,
FD004,201,53,8.1836,
FD004,201,54,8.125,
FD004,201,55,6.3016,
FD004,201,56,7.7451,
FD004,201,57,6.4858,
FD004,201,58,7.0026,
FD004,201,59,7.9835,
FD004,201,60,7.8527,
FD004,201,61,8.0875,
FD004,201,62,7.5826,
FD004,201,63,9.1349,
FD004,201,64,8.7843,
FD004,201,65,7.3659,
FD004,201,66,4.9126,
FD004,201,67,6.3873,
FD004,201,68,8.2595,
FD004,201,69,6.6669,
FD004,201,70,9.7603,
FD004,201,71,6.3964,
FD004,201,72,8.0765,
FD004,201,73,7.4486,
FD004,201,74,10.3604,
FD004,201,75,7.5033,
FD004,201,76,7.2303,
FD004,201,77,7.5285,
FD004,201,78,6.774,
FD004,201,79,7.3881,
FD004,201,80,7.8302,
FD004,201,81,7.1632,
FD004,201,82,8.2426,
FD004,201,83,6.841,
FD004,201,84,7.5932,
FD004,201,85,6.8213,
FD004,201,86,7.8099,
FD004,201,87,5.9452,
FD004,201,88,5.1758,
FD004,201,89,6.0923,
FD004,201,90,5.3322,
FD004,201,91,7.6429,
FD004,201,92,10.9207,
FD004,201,93,7.5872,
FD004,201,94,9.5995,
FD004,201,95,9.7164,
FD004,201,96,8.613,
FD004,201,97,5.4004,
FD004,201,98,7.1501,
FD004,201,99,7.4524,
FD004,201,100,12.2327,
FD004,201,101,10.9775,
FD004,201,102,11.0717,
FD004,201,103,12.0124,
FD004,201,104,10.2286,
FD004,201,105,11.9265,
FD004,201,106,9.9688,
FD004,201,107,9.2802,
FD004,201,108,10.5682,
FD004,201,109,11.9292,
FD004,201,110,9.328,
FD004,201,111,8.4314,
FD004,201,112,9.6049,
FD004,201,113,7.7708,
FD004,201,114,7.9402,
FD004,201,115,6.983,
FD004,201,116,6.9004,
FD004,201,117,6.967,
FD004,201,118,6.7689,
FD004,201,119,12.0509,
FD004,201,120,11.8674,
FD004,201,121,11.9222,
FD004,201,122,10.0988,
FD004,201,123,11.798,
FD004,201,124,12.3305,
FD004,201,125,13.1167,
FD004,201,126,14.9627,
FD004,201,127,13.9944,
FD004,201,128,12.4031,
FD004,201,129,9.6375,
FD004,201,130,6.6876,
FD004,201,131,7.162,
FD004,201,132,7.1715,
FD004,201,133,6.3747,
FD004,201,134,5.0214,
FD004,201,135,4.2847,
FD004,201,136,7.4934,
FD004,201,137,6.6368,
FD004,201,138,8.0378,
FD004,201,139,8.9232,
FD004,202,1,0.0,
FD004,202,2,0.0,
FD004,202,3,0.0,
FD004,202,4,0.0,
FD004,202,5,0.0,
FD004,202,6,0.0,
FD004,202,7,0.0,
FD004,202,8,0.0,
FD004,202,9,0.0,
FD004,202,10,0.0,
FD004,202,11,0.0,
FD004,202,12,0.0,
FD004,202,13,0.0,
FD004,202,14,0.0,
FD004,202,15,0.0,
FD004,202,16,0.0,
FD004,202,17,0.0,
FD004,202,18,0.0,
FD004,202,19,0.0,
FD004,202,20,0.0,
FD004,202,21,0.0,
FD004,202,22,0.0,
FD004,202,23,0.0,
FD004,202,24,0.0,
FD004,202,25,0.0,
FD004,202,26,0.0,
FD004,202,27,0.0,
FD004,202,28,0.0,
FD004,202,29,0.0,
FD004,202,30,0.0,
FD004,202,31,0.0,
FD004,202,32,0.0,
FD004,202,33,0.0,
FD004,202,34,0.0,
FD004,202,35,0.0,
FD004,202,36,0.0,
FD004,202,37,0.0,
FD004,202,38,0.0,
FD004,202,39,0.0,
FD004,202,40,0.0,
FD004,202,41,0.0,
FD004,202,42,0.0,
FD004,202,43,0.0,
FD004,202,44,0.0,
FD004,202,45,0.0,
FD004,202,46,0.0,
FD004,202,47,0.0,
FD004,202,48,0.0,
FD004,202,49,0.0,
FD004,202,50,7.7912,
FD004,202,51,9.6653,
FD004,202,52,10.1737,
FD004,202,53,10.2182,
FD004,202,54,10.3673,
FD004,202,55,9.4188,
FD004,202,56,10.2341,
FD004,202,57,10.0817,
FD004,202,58,10.004,
FD004,202,59,8.984,
FD004,202,60,7.998,
FD004,202,61,6.6517,
FD004,202,62,6.1807,
FD004,202,63,7.083,
FD004,202,64,7.681,
FD004,202,65,5.8599,
FD004,202,66,10.4309,
FD004,202,67,11.8153,
FD004,202,68,11.8997,
FD004,202,69,15.2599,
FD004,202,70,12.1516,
FD004,202,71,13.2486,
FD004,202,72,11.6304,
FD004,202,73,14.1535,
FD004,202,74,13.1144,
FD004,202,75,10.8062,
FD004,202,76,10.8955,
FD004,202,77,12.0422,
FD004,202,78,9.3901,
FD004,202,79,8.9754,
FD004,202,80,7.6145,
FD004,202,81,6.9786,
FD004,202,82,7.943,
FD004,202,83,7.6351,
FD004,202,84,7.8426,
FD004,202,85,6.852,
FD004,202,86,7.7697,
FD004,202,87,9.3677,
FD004,202,88,8.3745,
FD004,202,89,7.6568,
FD004,202,90,10.0752,
FD004,202,91,11.4346,
FD004,202,92,11.9313,
FD004,202,93,16.1435,
FD004,202,94,17.3813,
FD004,202,95,12.7502,
FD004,202,96,15.2645,
FD004,202,97,15.7887,
FD004,202,98,13.4938,
FD004,202,99,12.497,
FD004,202,100,10.3378,
FD004,202,101,10.2439,
FD004,202,102,7.9652,
FD004,202,103,7.5694,
FD004,202,104,6.9232,
FD004,202,105,7.9107,
FD004,202,106,7.2764,
FD004,202,107,7.0036,
FD004,202,108,6.1347,
FD004,202,109,7.3677,
FD004,202,110,7.3981,
FD004,202,111,7.3232,
FD004,202,112,7.7364,
FD004,202,113,7.5513,
FD004,202,114,11.937,
FD004,202,115,9.1501,
FD004,202,116,9.3358,
FD004,202,117,13.343,
FD004,202,118,12.0393,
FD004,202,119,14.6004,
FD004,202,120,11.4338,
FD004,202,121,11.1781,
FD004,202,122,10.5934,
FD004,202,123,10.4498,
FD004,202,124,9.2284,
FD004,202,125,7.8154,
FD004,202,126,7.0142,
FD004,202,127,7.5836,
FD004,202,128,7.0817,
FD004,202,129,7.2458,
FD004,202,130,10.5284,
FD004,202,131,9.795,
FD004,202,132,9.3724,
FD004,202,133,9.0285,
FD004,202,134,6.8528,
FD004,202,135,7.9226,
FD004,202,136,7.6768,
FD004,202,137,11.157,
FD004,202,138,11.597,
FD004,202,139,11.1751,
FD004,202,140,10.0837,
FD004,202,141,12.2783,
FD004,202,142,11.639,
FD004,202,143,11.6563,
FD004,202,144,10.0966,
FD004,202,145,9.0062,
FD004,202,146,13.0685,
FD004,202,147,10.7795,
FD004,202,148,9.7029,
FD004,202,149,5.6103,
FD004,202,150,6.44,
FD004,202,151,6.1783,
FD004,202,152,7.6391,
FD004,202,153,7.3962,
FD004,202,154,6.8646,
FD004,202,155,6.8312,
FD004,202,156,9.3935,
FD004,202,157,11.4958,
FD004,202,158,9.7808,
FD004,202,159,9.3941,
FD004,202,160,9.511,
FD004,202,161,12.7993,
FD004,202,162,10.1805,
FD004,202,163,11.2511,
FD004,202,164,8.5923,
FD004,202,165,8.2118,
FD004,202,166,9.1853,
FD004,202,167,8.4266,
FD004,202,168,6.7494,
FD004,202,169,8.5305,
FD004,202,170,7.4406,
FD004,202,171,6.8223,
FD004,202,172,8.1833,
FD004,202,173,8.8362,
FD004,202,174,11.1757,
FD004,202,175,10.7732,
FD004,202,176,10.9233,
FD004,202,177,10.9381,
FD004,202,178,11.3381,
FD004,202,179,10.6636,
FD004,202,180,13.5127,
FD004,202,181,11.2782,
FD004,202,182,9.5342,
FD004,202,183,8.2221,
FD004,202,184,7.1103,
FD004,202,185,7.6547,
FD004,202,186,7.5212,
FD004,202,187,6.6792,
FD004,202,188,7.7554,
FD004,202,189,8.2514,
FD004,202,190,7.4887,
FD004,202,191,6.7237,
FD004,202,192,5.9024,
FD004,202,193,6.6185,
FD004,202,194,9.8308,
FD004,202,195,12.071,
FD004,202,196,10.6435,
FD004,202,197,7.9329,
FD004,202,198,8.4274,
FD004,202,199,5.2817,
FD004,202,200,6.2282,
FD004,202,201,7.6064,
FD004,202,202,7.2911,
FD004,202,203,9.7892,
FD004,202,204,6.9847,
FD004,202,205,7.166,
FD004,202,206,7.0214,
FD004,202,207,6.7321,
FD004,202,208,6.9787,
FD004,202,209,7.2855,
FD004,202,210,8.0528,
FD004,202,211,7.9139,
FD004,202,212,9.389,
FD004,202,213,8.9124,
FD004,202,214,11.4505,
FD004,202,215,11.0255,
FD004,202,216,11.7865,
FD004,202,217,10.1675,
FD004,202,218,9.7151,
FD004,202,219,10.1013,
FD004,202,220,7.2648,
FD004,202,221,11.6493,
FD004,202,222,11.7074,
FD004,203,1,0.0,
FD004,203,2,0.0,
FD004,203,3,0.0,
FD004,203,4,0.0,
FD004,203,5,0.0,
FD004,203,6,0.0,
FD004,203,7,0.0,
FD004,203,8,0.0,
FD004,203,9,0.0,
FD004,203,10,0.0,
FD004,203,11,0.0,
FD004,203,12,0.0,
FD004,203,13,0.0,
FD004,203,14,0.0,
FD004,203,15,0.0,
FD004,203,16,0.0,
FD004,203,17,0.0,
FD004,203,18,0.0,
FD004,203,19,0.0,
FD004,203,20,0.0,
FD004,203,21,0.0,
FD004,203,22,0.0,
FD004,203,23,0.0,
FD004,203,24,0.0,
FD004,203,25,0.0,
FD004,203,26,0.0,
FD004,203,27,0.0,
FD004,203,28,0.0,
FD004,203,29,0.0,
FD004,203,30,0.0,
FD004,203,31,0.0,
FD004,203,32,0.0,
FD004,203,33,0.0,
FD004,203,34,0.0,
FD004,203,35,0.0,
FD004,203,36,0.0,
FD004,203,37,0.0,
FD004,203,38,0.0,
FD004,203,39,0.0,
FD004,203,40,0.0,
FD004,203,41,0.0,
FD004,203,42,0.0,
FD004,203,43,0.0,
FD004,203,44,0.0,
FD004,203,45,0.0,
FD004,203,46,0.0,
FD004,203,47,0.0,
FD004,203,48,0.0,
FD004,203,49,0.0,
FD004,203,50,11.5709,
FD004,203,51,8.6803,
FD004,203,52,8.4006,
FD004,203,53,8.7269,
FD004,203,54,6.8918,
FD004,203,55,7.4817,
FD004,203,56,7.6811,
FD004,203,57,8.524,
FD004,203,58,9.7663,
FD004,203,59,10.3163,
FD004,203,60,12.2728,
FD004,203,61,11.0412,
FD004,203,62,12.235,
FD004,203,63,12.2162,
FD004,203,64,11.271,
FD004,203,65,11.4182,
FD004,203,66,12.4419,
FD004,203,67,12.8845,
FD004,203,68,11.7836,
FD004,203,69,10.0933,
FD004,203,70,11.4813,
FD004,203,71,12.1378,
FD004,203,72,21.1694,
FD004,203,73,15.9657,
FD004,203,74,11.4396,
FD004,203,75,10.595,
FD004,203,76,9.4505,
FD004,203,77,9.5864,
FD004,203,78,11.0034,
FD004,203,79,10.4979,
FD004,203,80,9.3067,
FD004,203,81,9.8086,
FD004,203,82,9.507,
FD004,203,83,9.2301,
FD004,203,84,9.1767,
FD004,203,85,9.979,
FD004,203,86,11.8485,
FD004,203,87,9.5429,
FD004,204,1,0.0,
FD004,204,2,0.0,
FD004,204,3,0.0,
FD004,204,4,0.0,
FD004,204,5,0.0,
FD004,204,6,0.0,
FD004,204,7,0.0,
FD004,204,8,0.0,
FD004,204,9,0.0,
FD004,204,10,0.0,
FD004,204,11,0.0,
FD004,204,12,0.0,
FD004,204,13,0.0,
FD004,204,14,0.0,
FD004,204,15,0.0,
FD004,204,16,0.0,
FD004,204,17,0.0,
FD004,204,18,0.0,
FD004,204,19,0.0,
FD004,205,1,0.0,
FD004,205,2,0.0,
FD004,205,3,0.0,
FD004,205,4,0.0,
FD004,205,5,0.0,
FD004,205,6,0.0,
FD004,205,7,0.0,
FD004,205,8,0.0,
FD004,205,9,0.0,
FD004,205,10,0.0,
FD004,205,11,0.0,
FD004,205,12,0.0,
FD004,205,13,0.0,
FD004,205,14,0.0,
FD004,205,15,0.0,
FD004,205,16,0.0,
FD004,205,17,0.0,
FD004,205,18,0.0,
FD004,205,19,0.0,
FD004,205,20,0.0,
FD004,205,21,0.0,
FD004,205,22,0.0,
FD004,205,23,0.0,
FD004,205,24,0.0,
FD004,205,25,0.0,
FD004,205,26,0.0,
FD004,205,27,0.0,
FD004,205,28,0.0,
FD004,205,29,0.0,
FD004,205,30,0.0,
FD004,205,31,0.0,
FD004,205,32,0.0,
FD004,205,33,0.0,
FD004,205,34,0.0,
FD004,205,35,0.0,
FD004,205,36,0.0,
FD004,205,37,0.0,
FD004,205,38,0.0,
FD004,205,39,0.0,
FD004,205,40,0.0,
FD004,205,41,0.0,
FD004,205,42,0.0,
FD004,205,43,0.0,
FD004,205,44,0.0,
FD004,205,45,0.0,
FD004,205,46,0.0,
FD004,205,47,0.0,
FD004,205,48,0.0,
FD004,205,49,0.0,
FD004,205,50,9.9337,
FD004,205,51,7.6379,
FD004,205,52,7.3857,
FD004,205,53,7.2484,
FD004,205,54,7.6509,
FD004,205,55,8.8835,
FD004,205,56,8.5499,
FD004,205,57,11.1905,
FD004,205,58,8.4804,
FD004,205,59,8.6623,
FD004,205,60,8.0691,
FD004,205,61,9.0087,
FD004,205,62,9.5583,
FD004,205,63,10.523,
FD004,205,64,10.3734,
FD004,205,65,10.1994,
FD004,205,66,7.6466,
FD004,205,67,7.5191,
FD004,205,68,7.6832,
FD004,205,69,10.8453,
FD004,205,70,7.3594,
FD004,205,71,8.0191,
FD004,205,72,7.7532,
FD004,205,73,6.5741,
FD004,205,74,8.6131,
FD004,205,75,9.2405,
FD004,205,76,9.1525,
FD004,205,77,7.8926,
FD004,205,78,12.091,
FD004,205,79,14.2117,
FD004,205,80,13.0243,
FD004,205,81,12.4038,
FD004,205,82,20.2559,
FD004,205,83,13.4824,
FD004,205,84,13.7265,
FD004,205,85,13.9347,
FD004,205,86,14.375,
FD004,205,87,7.7387,
FD004,205,88,7.4748,
FD004,205,89,7.4858,
FD004,205,90,7.6666,
FD004,205,91,8.5637,
FD004,205,92,7.5415,
FD004,205,93,8.2474,
FD004,205,94,10.943,
FD004,205,95,13.149,
FD004,206,1,0.0,
FD004,206,2,0.0,
FD004,206,3,0.0,
FD004,206,4,0.0,
FD004,206,5,0.0,
FD004,206,6,0.0,
FD004,206,7,0.0,
FD004,206,8,0.0,
FD004,206,9,0.0,
FD004,206,10,0.0,
FD004,206,11,0.0,
FD004,206,12,0.0,
FD004,206,13,0.0,
FD004,206,14,0.0,
FD004,206,15,0.0,
FD004,206,16,0.0,
FD004,206,17,0.0,
FD004,206,18,0.0,
FD004,206,19,0.0,
FD004,206,20,0.0,
FD004,206,21,0.0,
FD004,206,22,0.0,
FD004,206,23,0.0,
FD004,206,24,0.0,
FD004,206,25,0.0,
FD004,206,26,0.0,
FD004,206,27,0.0,
FD004,206,28,0.0,
FD004,206,29,0.0,
FD004,206,30,0.0,
FD004,206,31,0.0,
FD004,206,32,0.0,
FD004,206,33,0.0,
FD004,206,34,0.0,
FD004,206,35,0.0,
FD004,206,36,0.0,
FD004,206,37,0.0,
FD004,206,38,0.0,
FD004,206,39,0.0,
FD004,206,40,0.0,
FD004,206,41,0.0,
FD004,206,42,0.0,
FD004,206,43,0.0,
FD004,206,44,0.0,
FD004,206,45,0.0,
FD004,206,46,0.0,
FD004,206,47,0.0,
FD004,206,48,0.0,
FD004,206,49,0.0,
FD004,206,50,5.5325,
FD004,206,51,7.8491,
FD004,206,52,7.9572,
FD004,206,53,8.2508,
FD004,206,54,6.2417,
FD004,206,55,8.1371,
FD004,206,56,8.0894,
FD004,206,57,8.1979,
FD004,206,58,7.8444,
FD004,206,59,6.8717,
FD004,206,60,8.7633,
FD004,206,61,6.3528,
FD004,206,62,6.7316,
FD004,206,63,4.9304,
FD004,206,64,5.2797,
FD004,206,65,5.6861,
FD004,206,66,6.1205,
FD004,206,67,7.3143,
FD004,206,68,10.7281,
FD004,206,69,9.2622,
FD004,206,70,14.2971,
FD004,206,71,11.4252,
FD004,206,72,11.9291,
FD004,206,73,10.2705,
FD004,206,74,10.2686,
FD004,206,75,12.5468,
FD004,206,76,9.3081,
FD004,206,77,11.0491,
FD004,206,78,7.7548,
FD004,206,79,10.4017,
FD004,206,80,16.8066,
FD004,206,81,14.2842,
FD004,206,82,9.3574,
FD004,206,83,11.1152,
FD004,206,84,11.4367,
FD004,206,85,8.086,
FD004,206,86,8.2887,
FD004,206,87,9.2342,
FD004,206,88,7.9728,
FD004,206,89,5.5867,
FD004,206,90,6.4565,
FD004,206,91,4.8751,
FD004,206,92,4.2482,
FD004,206,93,5.2621,
FD004,206,94,7.9037,
FD004,206,95,5.943,
FD004,206,96,7.0157,
FD004,206,97,8.7381,
FD004,206,98,10.7223,
FD004,206,99,10.8214,
FD004,206,100,11.6285,
FD004,206,101,16.1642,
FD004,206,102,15.5644,
FD004,206,103,10.1945,
FD004,206,104,11.1048,
FD004,206,105,11.2364,
FD004,206,106,6.4411,
FD004,206,107,6.5216,
FD004,206,108,7.0525,
FD004,206,109,9.7308,
FD004,206,110,11.3699,
FD004,206,111,10.1288,
FD004,206,112,7.7225,
FD004,206,113,8.8506,
FD004,206,114,8.1975,
FD004,206,115,9.7822,
FD004,206,116,6.5972,
FD004,206,117,8.0875,
FD004,206,118,11.688,
FD004,206,119,7.1224,
FD004,206,120,8.9391,
FD004,206,121,9.6938,
FD004,206,122,8.7296,
FD004,206,123,4.6296,
FD004,206,124,9.2316,
FD004,206,125,8.9403,
FD004,206,126,7.8012,
FD004,206,127,7.7993,
FD004,206,128,9.0132,
FD004,206,129,13.8932,
FD004,206,130,9.3021,
FD004,206,131,7.6073,
FD004,206,132,5.6026,
FD004,206,133,5.0425,
FD004,206,134,5.937,
FD004,206,135,9.6222,
FD004,206,136,6.6863,
FD004,206,137,7.0782,
FD004,206,138,7.7618,
FD004,206,139,9.8179,
FD004,206,140,11.0434,
FD004,206,141,7.683,
FD004,206,142,6.3742,
FD004,206,143,5.0645,
FD004,206,144,7.163,
FD004,206,145,5.4657,
FD004,206,146,9.1519,
FD004,206,147,9.2394,
FD004,206,148,9.0925,
FD004,206,149,7.7578,
FD004,206,150,7.1206,
FD004,206,151,6.2394,
FD004,206,152,4.5459,
FD004,206,153,8.1076,
FD004,206,154,8.8683,
FD004,206,155,8.1664,
FD004,206,156,9.7022,
FD004,206,157,11.9807,
FD004,206,158,9.7795,
FD004,206,159,8.3951,
FD004,206,160,9.8933,
FD004,206,161,11.8006,
FD004,206,162,14.1041,
FD004,206,163,10.9384,
FD004,206,164,11.8114,
FD004,206,165,11.1312,
FD004,206,166,12.03,
FD004,206,167,10.1042,
FD004,206,168,11.3453,
FD004,206,169,12.0196,
FD004,206,170,10.8802,
FD004,206,171,10.4092,
FD004,206,172,9.1931,
FD004,206,173,8.0494,
FD004,206,174,8.7831,
FD004,206,175,10.4525,
FD004,206,176,8.6448,
FD004,206,177,7.4456,
FD004,206,178,8.1312,
FD004,206,179,8.6313,
FD004,206,180,7.081,
FD004,206,181,6.0404,
FD004,206,182,10.1869,
FD004,206,183,7.7521,
FD004,206,184,8.5612,
FD004,206,185,5.7671,
FD004,206,186,5.6534,
FD004,206,187,7.8039,
FD004,206,188,8.9058,
FD004,206,189,13.4197,
FD004,206,190,10.881,
FD004,206,191,12.6722,
FD004,206,192,12.0215,
FD004,206,193,12.5567,
FD004,206,194,12.1956,
FD004,206,195,12.147,
FD004,206,196,10.0906,
FD004,206,197,11.1679,
FD004,206,198,10.6002,
FD004,206,199,10.8747,
FD004,206,200,10.8105,
FD004,206,201,9.1948,
FD004,206,202,10.5703,
FD004,206,203,7.6668,
FD004,206,204,5.6062,
FD004,206,205,7.446,
FD004,206,206,6.8674,
FD004,206,207,6.2665,
FD004,206,208,9.558,
FD004,206,209,11.9106,
FD004,206,210,9.3442,
FD004,206,211,9.1335,
FD004,206,212,9.8379,
FD004,206,213,9.7729,
FD004,206,214,8.4461,
FD004,206,215,7.752,
FD004,206,216,8.37,
FD004,206,217,8.3659,
FD004,206,218,7.4582,
FD004,206,219,7.058,
FD004,206,220,7.9438,
FD004,206,221,8.5297,
FD004,206,222,8.7927,
FD004,206,223,11.1446,
FD004,206,224,13.1989,
FD004,206,225,11.9051,
FD004,206,226,9.3798,
FD004,206,227,10.3087,
FD004,206,228,9.7097,
FD004,206,229,12.1116,
FD004,206,230,9.9513,
FD004,206,231,9.5123,
FD004,206,232,9.0003,
FD004,206,233,9.4411,
FD004,206,234,9.3002,
FD004,206,235,8.1878,
FD004,206,236,5.8863,
FD004,206,237,8.0326,
FD004,206,238,6.2285,
FD004,206,239,5.5943,
FD004,206,240,5.2646,
FD004,206,241,6.9085,
FD004,206,242,6.874,
FD004,206,243,7.6464,
FD004,206,244,6.7863,
FD004,206,245,6.5287,
FD004,206,246,8.0938,
FD004,206,247,12.4159,
FD004,206,248,10.4581,
FD004,206,249,9.8487,
FD004,206,250,8.103,
FD004,206,251,7.8404,
FD004,206,252,8.3864,
FD004,206,253,6.3999,
FD004,206,254,10.1562,
FD004,206,255,9.6398,
FD004,206,256,9.117,
FD004,206,257,7.4716,
FD004,206,258,9.1762,
FD004,206,259,6.5055,
FD004,206,260,12.3708,
FD004,206,261,11.4167,
FD004,206,262,12.4712,
FD004,206,263,10.9418,
FD004,206,264,9.4514,
FD004,206,265,13.8778,
FD004,206,266,11.0028,
FD004,206,267,9.056,
FD004,206,268,8.3202,
FD004,206,269,10.645,
FD004,206,270,7.8596,
FD004,206,271,8.0074,
FD004,206,272,12.4343,
FD004,206,273,14.3673,
FD004,206,274,10.4247,
FD004,206,275,9.0528,
FD004,206,276,7.4024,
FD004,206,277,7.9635,
FD004,206,278,7.865,
FD004,206,279,7.1471,
FD004,206,280,7.8912,
FD004,206,281,8.2505,
FD004,206,282,9.8387,
FD004,206,283,10.6503,
FD004,206,284,11.1644,
FD004,206,285,9.4473,
FD004,206,286,13.3048,
FD004,206,287,13.6815,
FD004,206,288,11.5204,
FD004,206,289,11.7473,
FD004,206,290,9.9187,
FD004,206,291,8.4472,
FD004,207,1,0.0,
FD004,207,2,0.0,
FD004,207,3,0.0,
FD004,207,4,0.0,
FD004,207,5,0.0,
FD004,207,6,0.0,
FD004,207,7,0.0,
FD004,207,8,0.0,
FD004,207,9,0.0,
FD004,207,10,0.0,
FD004,207,11,0.0,
FD004,207,12,0.0,
FD004,207,13,0.0,
FD004,207,14,0.0,
FD004,207,15,0.0,
FD004,207,16,0.0,
FD004,207,17,0.0,
FD004,207,18,0.0,
FD004,207,19,0.0,
FD004,207,20,0.0,
FD004,207,21,0.0,
FD004,207,22,0.0,
FD004,207,23,0.0,
FD004,207,24,0.0,
FD004,207,25,0.0,
FD004,207,26,0.0,
FD004,207,27,0.0,
FD004,207,28,0.0,
FD004,207,29,0.0,
FD004,207,30,0.0,
FD004,207,31,0.0,
FD004,207,32,0.0,
FD004,207,33,0.0,
FD004,207,34,0.0,
FD004,207,35,0.0,
FD004,207,36,0.0,
FD004,207,37,0.0,
FD004,207,38,0.0,
FD004,207,39,0.0,
FD004,207,40,0.0,
FD004,207,41,0.0,
FD004,207,42,0.0,
FD004,207,43,0.0,
FD004,207,44,0.0,
FD004,207,45,0.0,
FD004,207,46,0.0,
FD004,207,47,0.0,
FD004,207,48,0.0,
FD004,207,49,0.0,
FD004,207,50,11.7401,
FD004,207,51,10.3787,
FD004,207,52,18.1752,
FD004,207,53,18.5536,
FD004,207,54,19.3505,
FD004,207,55,9.6282,
FD004,207,56,11.5404,
FD004,207,57,8.1833,
FD004,207,58,8.0242,
FD004,207,59,8.6265,
FD004,207,60,7.4657,
FD004,207,61,7.567,
FD004,207,62,7.4838,
FD004,207,63,6.9974,
FD004,207,64,7.6173,
FD004,207,65,8.458,
FD004,207,66,8.3445,
FD004,207,67,14.8666,
FD004,207,68,11.8652,
FD004,207,69,16.8135,
FD004,207,70,15.3279,
FD004,207,71,22.2976,
FD004,207,72,14.6626,
FD004,207,73,15.201,
FD004,207,74,19.7498,
FD004,207,75,16.4605,
FD004,207,76,19.1501,
FD004,207,77,13.5971,
FD004,207,78,13.0496,
FD004,207,79,10.7101,
FD004,207,80,10.9928,
FD004,207,81,9.8678,
FD004,207,82,11.9155,
FD004,207,83,9.5121,
FD004,207,84,9.5549,
FD004,207,85,10.0186,
FD004,207,86,10.1844,
FD004,207,87,9.4055,
FD004,207,88,9.0405,
FD004,207,89,9.1857,
FD004,207,90,8.6371,
FD004,207,91,8.3707,
FD004,207,92,8.9522,
FD004,207,93,8.2453,
FD004,207,94,9.7098,
FD004,207,95,8.5544,
FD004,207,96,10.9065,
FD004,207,97,10.4488,
FD004,207,98,11.8893,
FD004,207,99,11.9903,
FD004,207,100,13.262,
FD004,207,101,16.3001,
FD004,207,102,17.5758,
FD004,207,103,18.6765,
FD004,207,104,18.5869,
FD004,207,105,19.3462,
FD004,207,106,19.6855,
FD004,207,107,16.8211,
FD004,207,108,14.9598,
FD004,207,109,15.3371,
FD004,207,110,14.8208,
FD004,207,111,15.4524,
FD004,207,112,11.334,
FD004,207,113,10.599,
FD004,207,114,10.6378,
FD004,207,115,9.3661,
FD004,207,116,8.8677,
FD004,207,117,9.3406,
FD004,207,118,9.9609,
FD004,207,119,11.7014,
FD004,207,120,12.1385,
FD004,207,121,10.9405,
FD004,207,122,11.1205,
FD004,207,123,13.8357,
FD004,207,124,11.1871,
FD004,207,125,9.7474,
FD004,207,126,8.9822,
FD004,207,127,9.5851,
FD004,207,128,8.7139,
FD004,207,129,8.3337,
FD004,207,130,7.2094,
FD004,207,131,6.1054,
FD004,207,132,11.5852,
FD004,207,133,9.3753,
FD004,207,134,8.8125,
FD004,207,135,7.6238,
FD004,207,136,13.9547,
FD004,207,137,11.1816,
FD004,207,138,12.6045,
FD004,207,139,10.7374,
FD004,207,140,8.2632,
FD004,207,141,9.3281,
FD004,207,142,8.0135,
FD004,207,143,8.0893,
FD004,207,144,9.4769,
FD004,207,145,8.7266,
FD004,207,146,8.8778,
FD004,207,147,11.0969,
FD004,207,148,10.635,
FD004,207,149,9.389,
FD004,207,150,8.144,
FD004,207,151,9.5672,
FD004,207,152,11.2507,
FD004,207,153,8.7691,
FD004,207,154,8.6562,
FD004,207,155,9.1393,
FD004,207,156,7.0249,
FD004,207,157,6.7805,
FD004,207,158,7.0157,
FD004,207,159,9.3497,
FD004,207,160,5.9852,
FD004,207,161,7.1867,
FD004,207,162,9.3371,
FD004,207,163,11.0142,
FD004,207,164,9.4415,
FD004,207,165,9.4176,
FD004,207,166,9.5534,
FD004,207,167,8.9386,
FD004,207,168,9.4544,
FD004,207,169,9.3908,
FD004,207,170,7.3872,
FD004,207,171,6.9155,
FD004,207,172,7.3012,
FD004,207,173,8.6242,
FD004,207,174,9.0423,
FD004,207,175,9.8385,
FD004,207,176,11.79,
FD004,207,177,13.2186,
FD004,207,178,11.6763,
FD004,207,179,12.1964,
FD004,208,1,0.0,
FD004,208,2,0.0,
FD004,208,3,0.0,
FD004,208,4,0.0,
FD004,208,5,0.0,
FD004,208,6,0.0,
FD004,208,7,0.0,
FD004,208,8,0.0,
FD004,208,9,0.0,
FD004,208,10,0.0,
FD004,208,11,0.0,
FD004,208,12,0.0,
FD004,208,13,0.0,
FD004,208,14,0.0,
FD004,208,15,0.0,
FD004,208,16,0.0,
FD004,208,17,0.0,
FD004,208,18,0.0,
FD004,208,19,0.0,
FD004,208,20,0.0,
FD004,208,21,0.0,
FD004,208,22,0.0,
FD004,208,23,0.0,
FD004,208,24,0.0,
FD004,208,25,0.0,
FD004,208,26,0.0,
FD004,208,27,0.0,
FD004,208,28,0.0,
FD004,208,29,0.0,
FD004,208,30,0.0,
FD004,208,31,0.0,
FD004,208,32,0.0,
FD004,208,33,0.0,
FD004,208,34,0.0,
FD004,208,35,0.0,
FD004,208,36,0.0,
FD004,208,37,0.0,
FD004,208,38,0.0,
FD004,208,39,0.0,
FD004,208,40,0.0,
FD004,208,41,0.0,
FD004,208,42,0.0,
FD004,208,43,0.0,
FD004,208,44,0.0,
FD004,208,45,0.0,
FD004,208,46,0.0,
FD004,208,47,0.0,
FD004,208,48,0.0,
FD004,208,49,0.0,
FD004,208,50,6.0856,
FD004,208,51,8.1381,
FD004,208,52,9.1168,
FD004,208,53,9.6572,
FD004,208,54,11.3992,
FD004,208,55,9.6823,
FD004,208,56,8.5514,
FD004,208,57,7.6001,
FD004,208,58,8.9105,
FD004,208,59,9.6297,
FD004,208,60,6.756,
FD004,208,61,8.8813,
FD004,208,62,8.7906,
FD004,208,63,6.5786,
FD004,208,64,6.1736,
FD004,208,65,7.7319,
FD004,208,66,5.7692,
FD004,208,67,6.6658,
FD004,208,68,8.5786,
FD004,208,69,7.1634,
FD004,208,70,7.6,
FD004,208,71,9.0278,
FD004,208,72,8.7855,
FD004,208,73,9.2055,
FD004,208,74,9.3722,
FD004,208,75,8.3619,
FD004,208,76,5.9907,
FD004,208,77,9.5044,
FD004,208,78,7.596,
FD004,208,79,7.1823,
FD004,208,80,16.0344,
FD004,208,81,4.8995,
FD004,208,82,6.6056,
FD004,208,83,6.2602,
FD004,208,84,6.0767,
FD004,208,85,7.8173,
FD004,208,86,6.1147,
FD004,208,87,6.2957,
FD004,208,88,4.8969,
FD004,208,89,7.0234,
FD004,208,90,7.9227,
FD004,208,91,7.391,
FD004,208,92,7.1207,
FD004,208,93,7.9655,
FD004,208,94,7.8203,
FD004,208,95,8.8624,
FD004,208,96,9.8009,
FD004,208,97,10.3559,
FD004,208,98,8.8482,
FD004,208,99,9.9936,
FD004,208,100,9.9246,
FD004,208,101,10.0667,
FD004,208,102,7.2931,
FD004,208,103,9.2526,
FD004,208,104,9.7486,
FD004,208,105,9.1282,
FD004,208,106,8.0794,
FD004,208,107,7.3941,
FD004,208,108,10.0575,
FD004,208,109,10.1884,
FD004,208,110,9.5879,
FD004,208,111,9.3908,
FD004,208,112,8.7219,
FD004,208,113,8.9342,
FD004,208,114,8.9327,
FD004,208,115,9.117,
FD004,208,116,8.9612,
FD004,208,117,8.8964,
FD004,208,118,8.5787,
FD004,208,119,8.2858,
FD004,208,120,6.9759,
FD004,208,121,6.739,
FD004,208,122,6.6647,
FD004,208,123,5.8479,
FD004,208,124,7.6461,
FD004,208,125,8.0386,
FD004,208,126,11.9107,
FD004,208,127,8.0031,
FD004,208,128,9.9712,
FD004,208,129,11.4704,
FD004,208,130,14.2442,
FD004,208,131,9.3535,
FD004,208,132,8.7984,
FD004,208,133,7.4779,
FD004,208,134,6.8384,
FD004,208,135,8.2336,
FD004,208,136,6.5795,
FD004,208,137,7.1168,
FD004,208,138,5.9811,
FD004,208,139,5.8425,
FD004,208,140,5.0914,
FD004,208,141,4.5761,
FD004,208,142,6.4737,
FD004,208,143,6.1065,
FD004,208,144,6.1116,
FD004,208,145,9.4236,
FD004,208,146,10.849,
FD004,208,147,11.3509,
FD004,208,148,10.9371,
FD004,208,149,8.6175,
FD004,208,150,6.1519,
FD004,208,151,8.0461,
FD004,208,152,8.0936,
FD004,208,153,6.8534,
FD004,208,154,9.6832,
FD004,208,155,10.909,
FD004,208,156,11.9601,
FD004,208,157,11.0182,
FD004,208,158,11.2865,
FD004,208,159,9.5386,
FD004,208,160,10.4718,
FD004,208,161,9.8312,
FD004,208,162,7.7731,
FD004,208,163,10.7542,
FD004,208,164,9.2757,
FD004,208,165,9.6379,
FD004,208,166,16.709,
FD004,208,167,13.2089,
FD004,208,168,15.1039,
FD004,208,169,15.9958,
FD004,208,170,14.3191,
FD004,208,171,11.6845,
FD004,208,172,10.3304,
FD004,208,173,10.7681,
FD004,208,174,11.598,
FD004,208,175,12.5221,
FD004,208,176,13.2754,
FD004,208,177,12.6866,
FD004,208,178,11.6742,
FD004,208,179,7.6703,
FD004,208,180,6.8019,
FD004,209,1,0.0,
FD004,209,2,0.0,
FD004,209,3,0.0,
FD004,209,4,0.0,
FD004,209,5,0.0,
FD004,209,6,0.0,
FD004,209,7,0.0,
FD004,209,8,0.0,
FD004,209,9,0.0,
FD004,209,10,0.0,
FD004,209,11,0.0,
FD004,209,12,0.0,
FD004,209,13,0.0,
FD004,209,14,0.0,
FD004,209,15,0.0,
FD004,209,16,0.0,
FD004,209,17,0.0,
FD004,209,18,0.0,
FD004,209,19,0.0,
FD004,209,20,0.0,
FD004,209,21,0.0,
FD004,209,22,0.0,
FD004,209,23,0.0,
FD004,209,24,0.0,
FD004,209,25,0.0,
FD004,209,26,0.0,
FD004,209,27,0.0,
FD004,209,28,0.0,
FD004,209,29,0.0,
FD004,209,30,0.0,
FD004,209,31,0.0,
FD004,209,32,0.0,
FD004,209,33,0.0,
FD004,209,34,0.0,
FD004,209,35,0.0,
FD004,209,36,0.0,
FD004,209,37,0.0,
FD004,209,38,0.0,
FD004,209,39,0.0,
FD004,209,40,0.0,
FD004,209,41,0.0,
FD004,209,42,0.0,
FD004,209,43,0.0,
FD004,209,44,0.0,
FD004,209,45,0.0,
FD004,209,46,0.0,
FD004,209,47,0.0,
FD004,209,48,0.0,
FD004,209,49,0.0,
FD004,209,50,8.7617,
FD004,209,51,10.382,
FD004,209,52,9.4365,
FD004,209,53,9.853,
FD004,209,54,11.4676,
FD004,209,55,9.8788,
FD004,209,56,8.4079,
FD004,209,57,8.7554,
FD004,209,58,9.5366,
FD004,209,59,8.4074,
FD004,209,60,8.0073,
FD004,209,61,9.905,
FD004,209,62,9.6732,
FD004,209,63,9.5354,
FD004,209,64,10.737,
FD004,209,65,6.6604,
FD004,209,66,8.0161,
FD004,209,67,12.2376,
FD004,209,68,11.6055,
FD004,209,69,9.3055,
FD004,209,70,10.2903,
FD004,209,71,11.2152,
FD004,209,72,11.3008,
FD004,209,73,9.8015,
FD004,209,74,9.2572,
FD004,209,75,9.9844,
FD004,209,76,11.5674,
FD004,209,77,8.6387,
FD004,209,78,8.5658,
FD004,209,79,8.2736,
FD004,209,80,10.0625,
FD004,209,81,10.3299,
FD004,209,82,10.5043,
FD004,209,83,10.556,
FD004,209,84,8.8237,
FD004,209,85,9.4963,
FD004,209,86,11.4804,
FD004,209,87,10.7281,
FD004,209,88,10.355,
FD004,209,89,10.0693,
FD004,209,90,9.0837,
FD004,209,91,9.2253,
FD004,209,92,8.6164,
FD004,209,93,9.0002,
FD004,209,94,8.4217,
FD004,209,95,7.5601,
FD004,209,96,6.8416,
FD004,209,97,5.2061,
FD004,209,98,5.3064,
FD004,209,99,6.8955,
FD004,209,100,7.1326,
FD004,209,101,7.8626,
FD004,209,102,8.464,
FD004,209,103,8.993,
FD004,209,104,8.0479,
FD004,209,105,10.1423,
FD004,209,106,7.336,
FD004,209,107,6.3963,
FD004,209,108,8.2507,
FD004,209,109,14.3995,
FD004,209,110,13.1602,
FD004,209,111,13.0006,
FD004,209,112,11.0684,
FD004,209,113,10.0754,
FD004,209,114,9.6975,
FD004,209,115,9.0828,
FD004,209,116,12.7722,
FD004,209,117,11.5515,
FD004,209,118,9.7865,
FD004,209,119,9.1457,
FD004,209,120,9.4232,
FD004,209,121,9.2769,
FD004,209,122,9.9871,
FD004,209,123,15.9882,
FD004,209,124,9.2465,
FD004,209,125,17.3567,
FD004,209,126,14.2598,
FD004,209,127,15.0817,
FD004,209,128,11.2625,
FD004,209,129,14.0764,
FD004,209,130,12.9755,
FD004,209,131,8.1114,
FD004,209,132,8.3691,
FD004,209,133,7.4416,
FD004,209,134,6.5335,
FD004,209,135,6.9878,
FD004,209,136,6.8622,
FD004,209,137,6.544,
FD004,209,138,6.8828,
FD004,209,139,6.9912,
FD004,209,140,7.3127,
FD004,209,141,7.4164,
FD004,209,142,6.9955,
FD004,209,143,6.4548,
FD004,209,144,7.7401,
FD004,209,145,7.8461,
FD004,209,146,8.097,
FD004,209,147,8.6601,
FD004,209,148,7.8128,
FD004,209,149,9.072,
FD004,209,150,12.296,
FD004,209,151,8.2197,
FD004,209,152,9.5829,
FD004,209,153,16.1257,
FD004,209,154,9.7826,
FD004,209,155,10.5819,
FD004,209,156,16.1063,
FD004,209,157,13.5134,
FD004,209,158,13.9205,
FD004,209,159,13.786,
FD004,209,160,15.4149,
FD004,209,161,15.378,
FD004,209,162,11.3647,
FD004,209,163,13.8129,
FD004,209,164,9.6799,
FD004,209,165,8.8993,
FD004,209,166,9.1658,
FD004,209,167,9.0979,
FD004,209,168,8.444,
FD004,209,169,7.22,
FD004,209,170,7.1296,
FD004,209,171,9.6385,
FD004,210,1,0.0,
FD004,210,2,0.0,
FD004,210,3,0.0,
FD004,210,4,0.0,
FD004,210,5,0.0,
FD004,210,6,0.0,
FD004,210,7,0.0,
FD004,210,8,0.0,
FD004,210,9,0.0,
FD004,210,10,0.0,
FD004,210,11,0.0,
FD004,210,12,0.0,
FD004,210,13,0.0,
FD004,210,14,0.0,
FD004,210,15,0.0,
FD004,210,16,0.0,
FD004,210,17,0.0,
FD004,210,18,0.0,
FD004,210,19,0.0,
FD004,210,20,0.0,
FD004,210,21,0.0,
FD004,210,22,0.0,
FD004,210,23,0.0,
FD004,210,24,0.0,
FD004,210,25,0.0,
FD004,210,26,0.0,
FD004,210,27,0.0,
FD004,210,28,0.0,
FD004,210,29,0.0,
FD004,210,30,0.0,
FD004,210,31,0.0,
FD004,210,32,0.0,
FD004,210,33,0.0,
FD004,210,34,0.0,
FD004,210,35,0.0,
FD004,210,36,0.0,
FD004,210,37,0.0,
FD004,210,38,0.0,
FD004,210,39,0.0,
FD004,210,40,0.0,
FD004,210,41,0.0,
FD004,210,42,0.0,
FD004,210,43,0.0,
FD004,210,44,0.0,
FD004,210,45,0.0,
FD004,210,46,0.0,
FD004,210,47,0.0,
FD004,210,48,0.0,
FD004,210,49,0.0,
FD004,210,50,10.1505,
FD004,210,51,6.9473,
FD004,210,52,7.127,
FD004,210,53,5.879,
FD004,210,54,6.2187,
FD004,210,55,5.7891,
FD004,210,56,5.6223,
FD004,210,57,5.5683,
FD004,210,58,6.1808,
FD004,210,59,6.6822,
FD004,210,60,7.9467,
FD004,210,61,6.5238,
FD004,210,62,16.878,
FD004,210,63,15.7559,
FD004,210,64,16.185,
FD004,210,65,15.3431,
FD004,210,66,15.2695,
FD004,210,67,12.6805,
FD004,210,68,11.5436,
FD004,210,69,11.886,
FD004,210,70,15.3548,
FD004,210,71,9.8161,
FD004,210,72,11.6451,
FD004,210,73,12.7684,
FD004,210,74,12.1746,
FD004,210,75,10.4463,
FD004,210,76,8.0534,
FD004,210,77,7.2533,
FD004,210,78,7.275,
FD004,210,79,8.7872,
FD004,210,80,7.4023,
FD004,210,81,7.0432,
FD004,210,82,6.0231,
FD004,210,83,8.2405,
FD004,210,84,5.8387,
FD004,210,85,8.7113,
FD004,210,86,6.7867,
FD004,210,87,9.6099,
FD004,210,88,10.0847,
FD004,210,89,8.7481,
FD004,210,90,6.5797,
FD004,210,91,6.7065,
FD004,210,92,7.9992,
FD004,210,93,8.5838,
FD004,210,94,8.6595,
FD004,210,95,8.5026,
FD004,210,96,8.3944,
FD004,210,97,8.2138,
FD004,210,98,7.8468,
FD004,210,99,7.338,
FD004,210,100,8.6815,
FD004,210,101,10.3052,
FD004,210,102,9.0268,
FD004,210,103,12.1388,
FD004,210,104,11.4132,
FD004,210,105,9.6906,
FD004,210,106,9.4486,
FD004,210,107,8.0417,
FD004,210,108,11.7939,
FD004,210,109,10.5106,
FD004,210,110,9.5348,
FD004,210,111,12.4396,
FD004,210,112,8.5246,
FD004,210,113,9.4945,
FD004,210,114,10.7209,
FD004,210,115,8.1803,
FD004,210,116,11.7434,
FD004,210,117,9.2143,
FD004,210,118,9.2875,
FD004,210,119,7.467,
FD004,210,120,7.4594,
FD004,210,121,7.2897,
FD004,210,122,7.3259,
FD004,210,123,6.7014,
FD004,210,124,7.0326,
FD004,210,125,6.4313,
FD004,210,126,7.847,
FD004,210,127,11.113,
FD004,210,128,14.3657,
FD004,210,129,13.4935,
FD004,210,130,18.347,
FD004,210,131,20.5701,
FD004,210,132,20.4287,
FD004,210,133,20.3194,
FD004,210,134,20.3304,
FD004,210,135,19.6499,
FD004,211,1,0.0,
FD004,211,2,0.0,
FD004,211,3,0.0,
FD004,211,4,0.0,
FD004,211,5,0.0,
FD004,211,6,0.0,
FD004,211,7,0.0,
FD004,211,8,0.0,
FD004,211,9,0.0,
FD004,211,10,0.0,
FD004,211,11,0.0,
FD004,211,12,0.0,
FD004,211,13,0.0,
FD004,211,14,0.0,
FD004,211,15,0.0,
FD004,211,16,0.0,
FD004,211,17,0.0,
FD004,211,18,0.0,
FD004,211,19,0.0,
FD004,211,20,0.0,
FD004,211,21,0.0,
FD004,211,22,0.0,
FD004,211,23,0.0,
FD004,211,24,0.0,
FD004,211,25,0.0,
FD004,211,26,0.0,
FD004,211,27,0.0,
FD004,211,28,0.0,
FD004,211,29,0.0,
FD004,211,30,0.0,
FD004,211,31,0.0,
FD004,211,32,0.0,
FD004,211,33,0.0,
FD004,211,34,0.0,
FD004,211,35,0.0,
FD004,211,36,0.0,
FD004,211,37,0.0,
FD004,211,38,0.0,
FD004,211,39,0.0,
FD004,211,40,0.0,
FD004,211,41,0.0,
FD004,211,42,0.0,
FD004,211,43,0.0,
FD004,211,44,0.0,
FD004,211,45,0.0,
FD004,211,46,0.0,
FD004,211,47,0.0,
FD004,211,48,0.0,
FD004,211,49,0.0,
FD004,211,50,13.0584,
FD004,211,51,11.6945,
FD004,211,52,9.6829,
FD004,211,53,10.4779,
FD004,211,54,11.5057,
FD004,211,55,16.3351,
FD004,211,56,15.9109,
FD004,211,57,16.407,
FD004,211,58,13.5525,
FD004,211,59,13.1254,
FD004,211,60,12.5448,
FD004,211,61,11.1049,
FD004,211,62,13.0103,
FD004,211,63,12.0986,
FD004,211,64,14.1921,
FD004,211,65,14.8255,
FD004,211,66,14.3119,
FD004,211,67,12.7754,
FD004,211,68,10.8298,
FD004,211,69,10.4647,
FD004,211,70,11.2253,
FD004,211,71,9.8342,
FD004,211,72,11.0436,
FD004,211,73,15.1982,
FD004,211,74,14.1627,
FD004,211,75,12.9429,
FD004,211,76,12.2193,
FD004,211,77,15.2788,
FD004,211,78,10.3032,
FD004,211,79,12.8825,
FD004,211,80,12.1153,
FD004,211,81,10.1556,
FD004,211,82,11.1467,
FD004,211,83,10.6164,
FD004,211,84,11.0886,
FD004,211,85,12.3576,
FD004,211,86,11.8725,
FD004,211,87,10.4806,
FD004,211,88,9.5672,
FD004,211,89,8.2364,
FD004,211,90,9.957,
FD004,211,91,12.3818,
FD004,211,92,11.7935,
FD004,211,93,12.4022,
FD004,211,94,14.1103,
FD004,211,95,13.0238,
FD004,211,96,13.0709,
FD004,211,97,11.1594,
FD004,211,98,11.4193,
FD004,211,99,11.3817,
FD004,211,100,11.6192,
FD004,211,101,9.9557,
FD004,211,102,13.1917,
FD004,211,103,8.471,
FD004,211,104,11.7187,
FD004,211,105,11.76,
FD004,211,106,10.6726,
FD004,211,107,11.9912,
FD004,211,108,15.5361,
FD004,211,109,10.5816,
FD004,211,110,11.1901,
FD004,211,111,10.4835,
FD004,211,112,12.1761,
FD004,211,113,9.574,
FD004,211,114,8.8277,
FD004,211,115,9.9128,
FD004,211,116,8.6738,
FD004,211,117,7.4274,
FD004,211,118,12.3936,
FD004,211,119,13.1848,
FD004,211,120,9.9291,
FD004,211,121,13.2484,
FD004,211,122,12.3153,
FD004,211,123,11.4016,
FD004,211,124,11.8989,
FD004,211,125,13.4782,
FD004,211,126,11.9962,
FD004,211,127,11.1461,
FD004,211,128,12.5729,
FD004,211,129,14.6577,
FD004,211,130,11.8641,
FD004,211,131,13.4909,
FD004,211,132,11.6254,
FD004,211,133,8.8736,
FD004,211,134,10.6071,
FD004,211,135,9.5527,
FD004,211,136,6.9613,
FD004,211,137,10.3694,
FD004,211,138,9.3136,
FD004,211,139,7.2033,
FD004,211,140,9.3379,
FD004,211,141,8.3213,
FD004,211,142,7.2277,
FD004,211,143,7.7658,
FD004,211,144,7.6809,
FD004,211,145,7.5866,
FD004,211,146,8.1477,
FD004,211,147,7.709,
FD004,211,148,8.5244,
FD004,211,149,9.9814,
FD004,211,150,16.4807,
FD004,211,151,15.896,
FD004,211,152,16.5346,
FD004,211,153,17.4908,
FD004,211,154,13.0489,
FD004,211,155,11.4729,
FD004,211,156,11.3786,
FD004,211,157,11.4211,
FD004,211,158,10.0788,
FD004,211,159,10.2689,
FD004,211,160,10.9952,
FD004,211,161,8.8229,
FD004,211,162,7.0324,
FD004,211,163,6.5103,
FD004,211,164,6.8515,
FD004,211,165,6.9693,
FD004,211,166,12.0268,
FD004,211,167,15.0545,
FD004,211,168,17.0239,
FD004,211,169,18.1108,
FD004,211,170,19.196,
FD004,211,171,15.4714,
FD004,211,172,13.068,
FD004,211,173,14.784,
FD004,211,174,15.1404,
FD004,211,175,13.5417,
FD004,211,176,13.2445,
FD004,211,177,12.1,
FD004,211,178,9.0291,
FD004,211,179,8.0981,
FD004,211,180,11.9681,
FD004,211,181,13.9057,
FD004,211,182,14.6452,
FD004,211,183,16.4641,
FD004,211,184,12.2972,
FD004,211,185,11.6337,
FD004,211,186,13.0673,
FD004,211,187,13.7705,
FD004,211,188,13.7746,
FD004,211,189,13.9187,
FD004,211,190,12.9058,
FD004,211,191,8.8025,
FD004,211,192,10.0596,
FD004,211,193,13.9336,
FD004,211,194,9.6622,
FD004,211,195,10.9031,
FD004,211,196,11.8608,
FD004,211,197,9.0125,
FD004,211,198,12.4754,
FD004,211,199,13.1619,
FD004,211,200,11.2646,
FD004,211,201,11.1951,
FD004,211,202,12.6238,
FD004,211,203,9.659,
FD004,211,204,11.2603,
FD004,211,205,9.9179,
FD004,211,206,10.9953,
FD004,212,1,0.0,
FD004,212,2,0.0,
FD004,212,3,0.0,
FD004,212,4,0.0,
FD004,212,5,0.0,
FD004,212,6,0.0,
FD004,212,7,0.0,
FD004,212,8,0.0,
FD004,212,9,0.0,
FD004,212,10,0.0,
FD004,212,11,0.0,
FD004,212,12,0.0,
FD004,212,13,0.0,
FD004,212,14,0.0,
FD004,212,15,0.0,
FD004,212,16,0.0,
FD004,212,17,0.0,
FD004,212,18,0.0,
FD004,212,19,0.0,
FD004,212,20,0.0,
FD004,212,21,0.0,
FD004,212,22,0.0,
FD004,212,23,0.0,
FD004,212,24,0.0,
FD004,212,25,0.0,
FD004,212,26,0.0,
FD004,212,27,0.0,
FD004,212,28,0.0,
FD004,212,29,0.0,
FD004,212,30,0.0,
FD004,212,31,0.0,
FD004,212,32,0.0,
FD004,212,33,0.0,
FD004,212,34,0.0,
FD004,212,35,0.0,
FD004,212,36,0.0,
FD004,212,37,0.0,
FD004,212,38,0.0,
FD004,212,39,0.0,
FD004,212,40,0.0,
FD004,212,41,0.0,
FD004,212,42,0.0,
FD004,212,43,0.0,
FD004,212,44,0.0,
FD004,212,45,0.0,
FD004,212,46,0.0,
FD004,212,47,0.0,
FD004,212,48,0.0,
FD004,212,49,0.0,
FD004,212,50,11.8939,
FD004,212,51,10.2651,
FD004,212,52,8.0984,
FD004,212,53,6.3265,
FD004,212,54,7.0229,
FD004,212,55,8.0147,
FD004,212,56,9.6436,
FD004,212,57,9.8836,
FD004,212,58,10.5,
FD004,212,59,10.9301,
FD004,212,60,8.294,
FD004,212,61,9.0464,
FD004,212,62,9.5344,
FD004,212,63,8.8558,
FD004,212,64,8.2694,
FD004,212,65,7.8749,
FD004,212,66,8.4636,
FD004,212,67,7.2084,
FD004,212,68,11.9434,
FD004,212,69,10.8891,
FD004,212,70,8.9281,
FD004,212,71,7.273,
FD004,212,72,9.1902,
FD004,212,73,13.0563,
FD004,212,74,8.1965,
FD004,212,75,7.9749,
FD004,212,76,8.9421,
FD004,212,77,10.2751,
FD004,212,78,10.8,
FD004,212,79,8.4278,
FD004,212,80,7.6141,
FD004,212,81,7.582,
FD004,212,82,6.3955,
FD004,212,83,8.4267,
FD004,212,84,9.3764,
FD004,212,85,12.2098,
FD004,212,86,11.7787,
FD004,212,87,10.4063,
FD004,212,88,10.3936,
FD004,212,89,10.9347,
FD004,212,90,8.4358,
FD004,212,91,7.9108,
FD004,212,92,6.8484,
FD004,212,93,7.8049,
FD004,212,94,9.9825,
FD004,212,95,8.2726,
FD004,212,96,9.0072,
FD004,212,97,7.3775,
FD004,212,98,7.0565,
FD004,212,99,6.2292,
FD004,212,100,7.6065,
FD004,212,101,6.826,
FD004,212,102,6.557,
FD004,212,103,6.5316,
FD004,212,104,7.2229,
FD004,212,105,7.0754,
FD004,212,106,7.9526,
FD004,212,107,16.7916,
FD004,212,108,11.4067,
FD004,212,109,11.3726,
FD004,212,110,9.1117,
FD004,212,111,11.5989,
FD004,212,112,7.6903,
FD004,212,113,6.6348,
FD004,212,114,7.3925,
FD004,212,115,8.2512,
FD004,212,116,8.3846,
FD004,212,117,6.835,
FD004,212,118,6.6899,
FD004,212,119,7.0353,
FD004,212,120,8.4754,
FD004,212,121,7.9663,
FD004,212,122,8.877,
FD004,212,123,12.7836,
FD004,212,124,9.182,
FD004,212,125,10.024,
FD004,212,126,8.7297,
FD004,212,127,8.2117,
FD004,212,128,6.9366,
FD004,212,129,6.7118,
FD004,212,130,6.407,
FD004,212,131,6.4273,
FD004,212,132,7.1756,
FD004,212,133,8.5227,
FD004,212,134,7.8202,
FD004,212,135,7.9193,
FD004,212,136,7.4163,
FD004,212,137,6.5628,
FD004,212,138,7.3447,
FD004,212,139,8.936,
FD004,212,140,7.4462,
FD004,212,141,8.7045,
FD004,212,142,7.2741,
FD004,212,143,7.4851,
FD004,212,144,9.7679,
FD004,212,145,7.9386,
FD004,212,146,8.9031,
FD004,212,147,8.2775,
FD004,212,148,7.2692,
FD004,212,149,7.852,
FD004,212,150,7.0991,
FD004,212,151,10.0916,
FD004,212,152,10.9028,
FD004,212,153,8.4386,
FD004,212,154,7.7575,
FD004,212,155,8.4211,
FD004,212,156,12.5186,
FD004,212,157,7.4889,
FD004,212,158,5.5691,
FD004,212,159,6.0654,
FD004,212,160,4.9734,
FD004,212,161,4.7082,
FD004,212,162,5.1954,
FD004,212,163,6.064,
FD004,212,164,7.1103,
FD004,212,165,10.0397,
FD004,212,166,10.5835,
FD004,212,167,10.1584,
FD004,212,168,8.523,
FD004,212,169,13.7294,
FD004,212,170,10.4946,
FD004,212,171,7.8646,
FD004,212,172,7.0476,
FD004,212,173,9.0131,
FD004,212,174,8.4584,
FD004,212,175,7.4659,
FD004,212,176,7.7469,
FD004,212,177,7.9801,
FD004,212,178,8.9273,
FD004,212,179,8.7194,
FD004,212,180,10.8635,
FD004,212,181,14.2008,
FD004,212,182,13.8711,
FD004,212,183,13.462,
FD004,212,184,12.4876,
FD004,212,185,16.6941,
FD004,212,186,12.8895,
FD004,212,187,18.9962,
FD004,212,188,12.8022,
FD004,212,189,12.6006,
FD004,212,190,16.5752,
FD004,212,191,15.1989,
FD004,212,192,16.7586,
FD004,212,193,31.8469,
FD004,212,194,31.6807,
FD004,212,195,35.5105,
FD004,212,196,37.7457,
FD004,212,197,18.8983,
FD004,212,198,16.325,
FD004,212,199,16.0231,
FD004,212,200,18.2299,
FD004,212,201,18.1504,
FD004,212,202,12.8134,
FD004,212,203,12.4932,
FD004,212,204,11.3752,
FD004,212,205,10.7983,
FD004,212,206,9.5153,
FD004,212,207,7.1439,
FD004,212,208,8.3186,
FD004,212,209,8.3341,
FD004,212,210,7.7338,
FD004,212,211,8.0159,
FD004,212,212,9.7292,
FD004,212,213,7.8964,
FD004,212,214,9.8395,
FD004,212,215,12.3367,
FD004,212,216,14.0524,
FD004,212,217,15.9239,
FD004,212,218,14.8142,
FD004,212,219,13.008,
FD004,212,220,12.9436,
FD004,212,221,12.0515,
FD004,212,222,11.1608,
FD004,212,223,11.3478,
FD004,212,224,12.2005,
FD004,212,225,12.9911,
FD004,212,226,13.337,
FD004,212,227,12.9924,
FD004,212,228,9.9327,
FD004,212,229,10.0033,
FD004,212,230,9.5097,
FD004,212,231,10.9006,
FD004,212,232,9.5768,
FD004,212,233,10.962,
FD004,212,234,9.7853,
FD004,212,235,9.5167,
FD004,212,236,7.9636,
FD004,212,237,6.0447,
FD004,212,238,6.5875,
FD004,212,239,10.2913,
FD004,212,240,9.7277,
FD004,212,241,11.3371,
FD004,212,242,10.0426,
FD004,212,243,11.2441,
FD004,212,244,12.1525,
FD004,212,245,12.9459,
FD004,212,246,10.781,
FD004,212,247,9.2244,
FD004,212,248,8.896,
FD004,212,249,8.8117,
FD004,212,250,9.4167,
FD004,212,251,11.1697,
FD004,212,252,7.7509,
FD004,212,253,7.6624,
FD004,212,254,7.5988,
FD004,212,255,8.156,
FD004,212,256,7.7301,
FD004,212,257,7.4827,
FD004,212,258,9.7564,
FD004,212,259,10.2934,
FD004,212,260,7.4808,
FD004,212,261,6.8842,
FD004,213,1,0.0,
FD004,213,2,0.0,
FD004,213,3,0.0,
FD004,213,4,0.0,
FD004,213,5,0.0,
FD004,213,6,0.0,
FD004,213,7,0.0,
FD004,213,8,0.0,
FD004,213,9,0.0,
FD004,213,10,0.0,
FD004,213,11,0.0,
FD004,213,12,0.0,
FD004,213,13,0.0,
FD004,213,14,0.0,
FD004,213,15,0.0,
FD004,213,16,0.0,
FD004,213,17,0.0,
FD004,213,18,0.0,
FD004,213,19,0.0,
FD004,213,20,0.0,
FD004,213,21,0.0,
FD004,213,22,0.0,
FD004,213,23,0.0,
FD004,213,24,0.0,
FD004,213,25,0.0,
FD004,213,26,0.0,
FD004,213,27,0.0,
FD004,213,28,0.0,
FD004,213,29,0.0,
FD004,213,30,0.0,
FD004,213,31,0.0,
FD004,213,32,0.0,
FD004,213,33,0.0,
FD004,213,34,0.0,
FD004,213,35,0.0,
FD004,213,36,0.0,
FD004,213,37,0.0,
FD004,213,38,0.0,
FD004,213,39,0.0,
FD004,213,40,0.0,
FD004,213,41,0.0,
FD004,213,42,0.0,
FD004,213,43,0.0,
FD004,213,44,0.0,
FD004,213,45,0.0,
FD004,213,46,0.0,
FD004,213,47,0.0,
FD004,213,48,0.0,
FD004,213,49,0.0,
FD004,213,50,26.7163,
FD004,213,51,15.2346,
FD004,213,52,9.0862,
FD004,213,53,9.9075,
FD004,213,54,7.6325,
FD004,213,55,7.7473,
FD004,213,56,9.8529,
FD004,213,57,10.6257,
FD004,213,58,13.2805,
FD004,213,59,15.4422,
FD004,213,60,15.4673,
FD004,213,61,15.883,
FD004,213,62,15.1704,
FD004,213,63,15.0684,
FD004,213,64,14.2858,
FD004,213,65,14.4242,
FD004,213,66,16.8596,
FD004,213,67,16.0432,
FD004,213,68,15.8098,
FD004,213,69,15.6502,
FD004,213,70,14.0592,
FD004,213,71,12.063,
FD004,213,72,15.7346,
FD004,213,73,14.7988,
FD004,213,74,16.5376,
FD004,213,75,11.3162,
FD004,213,76,7.3966,
FD004,213,77,8.2755,
FD004,213,78,11.3735,
FD004,213,79,9.3181,
FD004,213,80,14.107,
FD004,213,81,18.1645,
FD004,213,82,17.5279,
FD004,213,83,18.1066,
FD004,213,84,17.768,
FD004,213,85,15.7831,
FD004,213,86,15.4615,
FD004,213,87,11.2242,
FD004,213,88,12.0911,
FD004,213,89,9.8512,
FD004,213,90,9.8397,
FD004,213,91,8.3581,
FD004,213,92,8.7875,
FD004,213,93,14.4958,
FD004,213,94,13.5202,
FD004,213,95,16.736,
FD004,213,96,17.3111,
FD004,213,97,15.2736,
FD004,213,98,12.5468,
FD004,213,99,11.6595,
FD004,213,100,11.1824,
FD004,213,101,11.4308,
FD004,213,102,12.2578,
FD004,213,103,13.4679,
FD004,213,104,11.5583,
FD004,213,105,10.3461,
FD004,213,106,10.2185,
FD004,213,107,7.1516,
FD004,213,108,7.5853,
FD004,213,109,8.9146,
FD004,213,110,8.558,
FD004,213,111,10.1455,
FD004,213,112,11.6595,
FD004,213,113,10.8642,
FD004,213,114,10.4073,
FD004,213,115,9.053,
FD004,213,116,12.2842,
FD004,213,117,10.9754,
FD004,213,118,12.1056,
FD004,213,119,12.4664,
FD004,213,120,12.9245,
FD004,213,121,12.8971,
FD004,213,122,12.7521,
FD004,213,123,13.8453,
FD004,213,124,10.199,
FD004,213,125,10.3888,
FD004,213,126,10.0084,
FD004,213,127,10.0405,
FD004,213,128,8.7294,
FD004,213,129,11.2536,
FD004,213,130,10.5858,
FD004,213,131,9.2001,
FD004,213,132,8.7886,
FD004,213,133,9.9343,
FD004,213,134,11.9125,
FD004,213,135,11.5461,
FD004,213,136,10.295,
FD004,213,137,14.6273,
FD004,213,138,14.5103,
FD004,213,139,12.5514,
FD004,213,140,10.5916,
FD004,213,141,13.3499,
FD004,213,142,9.8486,
FD004,213,143,9.9445,
FD004,213,144,11.3279,
FD004,213,145,13.0675,
FD004,213,146,11.6477,
FD004,213,147,11.8093,
FD004,213,148,10.7787,
FD004,213,149,10.1849,
FD004,213,150,9.1272,
FD004,213,151,9.4588,
FD004,213,152,7.7177,
FD004,213,153,7.2183,
FD004,213,154,11.8767,
FD004,213,155,10.1988,
FD004,213,156,10.272,
FD004,213,157,10.3187,
FD004,213,158,11.6475,
FD004,213,159,11.8744,
FD004,213,160,11.0734,
FD004,213,161,9.8858,
FD004,213,162,10.1551,
FD004,213,163,9.7709,
FD004,213,164,12.7904,
FD004,213,165,12.6077,
FD004,213,166,12.4599,
FD004,213,167,13.4971,
FD004,213,168,12.0984,
FD004,213,169,12.5004,
FD004,213,170,10.3803,
FD004,213,171,10.5898,
FD004,213,172,13.6865,
FD004,213,173,16.0894,
FD004,213,174,16.1677,
FD004,213,175,18.7045,
FD004,213,176,18.1347,
FD004,213,177,16.3574,
FD004,213,178,15.9616,
FD004,213,179,15.2023,
FD004,213,180,16.7135,
FD004,213,181,16.8466,
FD004,213,182,18.0068,
FD004,213,183,16.5414,
FD004,213,184,17.8907,
FD004,213,185,17.5013,
FD004,213,186,17.6577,
FD004,213,187,13.6672,
FD004,213,188,16.6474,
FD004,213,189,16.9504,
FD004,213,190,16.8128,
FD004,213,191,15.3578,
FD004,213,192,13.3485,
FD004,213,193,13.489,
FD004,213,194,13.2063,
FD004,213,195,11.3265,
FD004,213,196,12.1765,
FD004,213,197,13.1377,
FD004,213,198,10.4898,
FD004,213,199,9.4699,
FD004,213,200,9.4254,
FD004,213,201,10.099,
FD004,213,202,9.2758,
FD004,213,203,9.6037,
FD004,213,204,10.3204,
FD004,213,205,6.6767,
FD004,213,206,7.112,
FD004,213,207,8.3377,
FD004,213,208,8.5848,
FD004,213,209,6.6928,
FD004,213,210,10.7565,
FD004,213,211,13.4617,
FD004,213,212,9.6675,
FD004,213,213,8.639,
FD004,213,214,9.3086,
FD004,213,215,10.6648,
FD004,213,216,8.9919,
FD004,213,217,8.1216,
FD004,213,218,8.3064,
FD004,213,219,8.6692,
FD004,213,220,10.709,
FD004,213,221,10.5412,
FD004,213,222,12.3511,
FD004,213,223,11.5297,
FD004,213,224,10.0642,
FD004,213,225,9.3246,
FD004,213,226,9.737,
FD004,213,227,9.1021,
FD004,213,228,11.5989,
FD004,213,229,11.3604,
FD004,213,230,11.5589,
FD004,213,231,9.7109,
FD004,213,232,9.4531,
FD004,213,233,9.4655,
FD004,213,234,9.4924,
FD004,213,235,8.5681,
FD004,213,236,8.6941,
FD004,213,237,7.1628,
FD004,213,238,7.6863,
FD004,213,239,7.3448,
FD004,213,240,7.1331,
FD004,213,241,9.8737,
FD004,213,242,11.1338,
FD004,213,243,10.0171,
FD004,213,244,8.9535,
FD004,213,245,9.6495,
FD004,213,246,8.6109,
FD004,213,247,9.0138,
FD004,213,248,9.4361,
FD004,213,249,11.5236,
FD004,213,250,12.4336,
FD004,213,251,14.51,
FD004,213,252,13.637,
FD004,213,253,14.3808,
FD004,213,254,16.4688,
FD004,213,255,12.7694,
FD004,213,256,10.8373,
FD004,213,257,9.1723,
FD004,213,258,9.114,
FD004,213,259,8.6003,
FD004,213,260,8.238,
FD004,213,261,8.166,
FD004,213,262,8.0125,
FD004,213,263,6.7926,
FD004,213,264,6.8011,
FD004,213,265,7.5728,
FD004,213,266,10.7521,
FD004,213,267,10.6184,
FD004,213,268,11.2203,
FD004,213,269,8.9393,
FD004,213,270,8.74,
FD004,213,271,7.3103,
FD004,213,272,8.711,
FD004,213,273,8.534,
FD004,213,274,8.256,
FD004,213,275,11.1604,
FD004,213,276,10.2734,
FD004,213,277,9.4407,
FD004,213,278,10.105,
FD004,213,279,10.5192,
FD004,213,280,13.3422,
FD004,213,281,10.133,
FD004,213,282,9.9151,
FD004,213,283,9.3599,
FD004,213,284,9.2835,
FD004,213,285,7.1771,
FD004,213,286,7.6601,
FD004,213,287,7.4403,
FD004,213,288,8.0913,
FD004,214,1,0.0,
FD004,214,2,0.0,
FD004,214,3,0.0,
FD004,214,4,0.0,
FD004,214,5,0.0,
FD004,214,6,0.0,
FD004,214,7,0.0,
FD004,214,8,0.0,
FD004,214,9,0.0,
FD004,214,10,0.0,
FD004,214,11,0.0,
FD004,214,12,0.0,
FD004,214,13,0.0,
FD004,214,14,0.0,
FD004,214,15,0.0,
FD004,214,16,0.0,
FD004,214,17,0.0,
FD004,214,18,0.0,
FD004,214,19,0.0,
FD004,214,20,0.0,
FD004,214,21,0.0,
FD004,214,22,0.0,
FD004,214,23,0.0,
FD004,214,24,0.0,
FD004,214,25,0.0,
FD004,214,26,0.0,
FD004,214,27,0.0,
FD004,214,28,0.0,
FD004,214,29,0.0,
FD004,214,30,0.0,
FD004,214,31,0.0,
FD004,214,32,0.0,
FD004,214,33,0.0,
FD004,214,34,0.0,
FD004,214,35,0.0,
FD004,214,36,0.0,
FD004,214,37,0.0,
FD004,214,38,0.0,
FD004,214,39,0.0,
FD004,214,40,0.0,
FD004,214,41,0.0,
FD004,214,42,0.0,
FD004,214,43,0.0,
FD004,214,44,0.0,
FD004,214,45,0.0,
FD004,214,46,0.0,
FD004,214,47,0.0,
FD004,214,48,0.0,
FD004,214,49,0.0,
FD004,214,50,7.1838,
FD004,214,51,7.6646,
FD004,214,52,6.786,
FD004,214,53,9.7644,
FD004,214,54,9.5229,
FD004,214,55,15.1081,
FD004,214,56,8.1381,
FD004,214,57,8.3196,
FD004,214,58,7.7409,
FD004,214,59,7.7136,
FD004,214,60,8.0428,
FD004,214,61,7.4152,
FD004,214,62,6.9058,
FD004,214,63,7.0526,
FD004,214,64,6.9266,
FD004,214,65,9.7107,
FD004,214,66,7.6689,
FD004,214,67,8.1127,
FD004,214,68,8.1574,
FD004,214,69,9.2699,
FD004,214,70,5.3779,
FD004,214,71,8.12,
FD004,214,72,8.114,
FD004,214,73,6.6523,
FD004,214,74,7.4783,
FD004,214,75,5.6726,
FD004,214,76,4.7705,
FD004,214,77,8.0157,
FD004,214,78,10.5547,
FD004,214,79,10.682,
FD004,214,80,11.7986,
FD004,214,81,12.2247,
FD004,214,82,11.7801,
FD004,214,83,10.3795,
FD004,214,84,10.8894,
FD004,214,85,11.4925,
FD004,214,86,9.3429,
FD004,214,87,11.2642,
FD004,214,88,11.0167,
FD004,214,89,9.9843,
FD004,214,90,9.6918,
FD004,214,91,10.1277,
FD004,214,92,9.0268,
FD004,214,93,8.5884,
FD004,214,94,9.0649,
FD004,214,95,10.3929,
FD004,214,96,7.7417,
FD004,214,97,6.761,
FD004,214,98,9.3072,
FD004,214,99,9.3101,
FD004,214,100,12.4861,
FD004,214,101,14.9795,
FD004,214,102,15.1932,
FD004,215,1,0.0,
FD004,215,2,0.0,
FD004,215,3,0.0,
FD004,215,4,0.0,
FD004,215,5,0.0,
FD004,215,6,0.0,
FD004,215,7,0.0,
FD004,215,8,0.0,
FD004,215,9,0.0,
FD004,215,10,0.0,
FD004,215,11,0.0,
FD004,215,12,0.0,
FD004,215,13,0.0,
FD004,215,14,0.0,
FD004,215,15,0.0,
FD004,215,16,0.0,
FD004,215,17,0.0,
FD004,215,18,0.0,
FD004,215,19,0.0,
FD004,215,20,0.0,
FD004,215,21,0.0,
FD004,215,22,0.0,
FD004,215,23,0.0,
FD004,215,24,0.0,
FD004,215,25,0.0,
FD004,215,26,0.0,
FD004,215,27,0.0,
FD004,215,28,0.0,
FD004,215,29,0.0,
FD004,215,30,0.0,
FD004,215,31,0.0,
FD004,215,32,0.0,
FD004,215,33,0.0,
FD004,215,34,0.0,
FD004,215,35,0.0,
FD004,215,36,0.0,
FD004,215,37,0.0,
FD004,215,38,0.0,
FD004,215,39,0.0,
FD004,215,40,0.0,
FD004,215,41,0.0,
FD004,215,42,0.0,
FD004,215,43,0.0,
FD004,215,44,0.0,
FD004,215,45,0.0,
FD004,215,46,0.0,
FD004,215,47,0.0,
FD004,215,48,0.0,
FD004,215,49,0.0,
FD004,215,50,7.5466,
FD004,215,51,8.0057,
FD004,215,52,7.1974,
FD004,215,53,6.435,
FD004,215,54,6.6459,
FD004,215,55,10.5859,
FD004,215,56,9.7985,
FD004,215,57,10.344,
FD004,215,58,10.8086,
FD004,215,59,12.4167,
FD004,215,60,12.0922,
FD004,215,61,11.9406,
FD004,215,62,11.4493,
FD004,215,63,9.1462,
FD004,215,64,8.465,
FD004,215,65,9.866,
FD004,215,66,8.9358,
FD004,215,67,8.6588,
FD004,215,68,8.0162,
FD004,215,69,7.5008,
FD004,215,70,9.4224,
FD004,215,71,8.6951,
FD004,215,72,6.6135,
FD004,216,1,0.0,
FD004,216,2,0.0,
FD004,216,3,0.0,
FD004,216,4,0.0,
FD004,216,5,0.0,
FD004,216,6,0.0,
FD004,216,7,0.0,
FD004,216,8,0.0,
FD004,216,9,0.0,
FD004,216,10,0.0,
FD004,216,11,0.0,
FD004,216,12,0.0,
FD004,216,13,0.0,
FD004,216,14,0.0,
FD004,216,15,0.0,
FD004,216,16,0.0,
FD004,216,17,0.0,
FD004,216,18,0.0,
FD004,216,19,0.0,
FD004,216,20,0.0,
FD004,216,21,0.0,
FD004,216,22,0.0,
FD004,216,23,0.0,
FD004,216,24,0.0,
FD004,216,25,0.0,
FD004,216,26,0.0,
FD004,216,27,0.0,
FD004,216,28,0.0,
FD004,216,29,0.0,
FD004,216,30,0.0,
FD004,216,31,0.0,
FD004,216,32,0.0,
FD004,216,33,0.0,
FD004,216,34,0.0,
FD004,216,35,0.0,
FD004,216,36,0.0,
FD004,216,37,0.0,
FD004,216,38,0.0,
FD004,216,39,0.0,
FD004,216,40,0.0,
FD004,216,41,0.0,
FD004,216,42,0.0,
FD004,216,43,0.0,
FD004,216,44,0.0,
FD004,216,45,0.0,
FD004,216,46,0.0,
FD004,216,47,0.0,
FD004,216,48,0.0,
FD004,216,49,0.0,
FD004,216,50,5.3634,
FD004,216,51,6.8963,
FD004,216,52,10.1272,
FD004,216,53,8.6669,
FD004,216,54,8.266,
FD004,216,55,8.385,
FD004,216,56,5.605,
FD004,216,57,6.7119,
FD004,216,58,6.583,
FD004,216,59,7.5969,
FD004,216,60,6.2352,
FD004,216,61,6.3653,
FD004,216,62,7.5957,
FD004,216,63,9.9869,
FD004,216,64,11.3188,
FD004,216,65,10.7715,
FD004,216,66,11.6471,
FD004,216,67,10.3762,
FD004,216,68,10.7372,
FD004,216,69,10.4912,
FD004,216,70,9.0504,
FD004,216,71,10.9765,
FD004,216,72,9.2999,
FD004,216,73,8.3202,
FD004,216,74,8.3249,
FD004,216,75,5.2342,
FD004,216,76,5.0114,
FD004,216,77,4.4139,
FD004,216,78,5.895,
FD004,216,79,6.2966,
FD004,216,80,6.9602,
FD004,216,81,7.5992,
FD004,216,82,7.6606,
FD004,216,83,8.8298,
FD004,216,84,6.7279,
FD004,216,85,6.1771,
FD004,216,86,6.0327,
FD004,216,87,8.2987,
FD004,216,88,8.9679,
FD004,216,89,8.1335,
FD004,216,90,8.6669,
FD004,216,91,6.5829,
FD004,216,92,5.9664,
FD004,216,93,6.8231,
FD004,216,94,5.2268,
FD004,216,95,6.0254,
FD004,216,96,5.8207,
FD004,216,97,6.3832,
FD004,216,98,5.7573,
FD004,216,99,6.9753,
FD004,216,100,8.8087,
FD004,216,101,8.515,
FD004,216,102,5.1431,
FD004,216,103,8.1942,
FD004,216,104,10.2913,
FD004,216,105,8.5822,
FD004,216,106,12.724,
FD004,216,107,11.9311,
FD004,216,108,11.9742,
FD004,216,109,8.8066,
FD004,216,110,8.9705,
FD004,216,111,7.3942,
FD004,216,112,5.7711,
FD004,216,113,6.5372,
FD004,216,114,5.024,
FD004,216,115,5.8993,
FD004,216,116,5.746,
FD004,216,117,7.4555,
FD004,216,118,9.6078,
FD004,216,119,10.6718,
FD004,216,120,10.558,
FD004,216,121,8.3467,
FD004,216,122,7.5302,
FD004,216,123,8.6097,
FD004,216,124,7.9394,
FD004,216,125,8.3325,
FD004,216,126,9.254,
FD004,216,127,9.2703,
FD004,216,128,9.3581,
FD004,216,129,8.9313,
FD004,216,130,9.6781,
FD004,216,131,9.0918,
FD004,216,132,8.6903,
FD004,216,133,8.8427,
FD004,216,134,8.6655,
FD004,216,135,8.5864,
FD004,216,136,8.0049,
FD004,216,137,8.0145,
FD004,216,138,8.5148,
FD004,216,139,8.507,
FD004,216,140,6.0973,
FD004,216,141,6.2694,
FD004,216,142,7.3031,
FD004,216,143,8.3489,
FD004,216,144,9.0145,
FD004,216,145,7.2394,
FD004,216,146,9.5888,
FD004,216,147,10.071,
FD004,216,148,8.4724,
FD004,216,149,5.8339,
FD004,216,150,6.5411,
FD004,216,151,6.8508,
FD004,216,152,9.7677,
FD004,216,153,6.7883,
FD004,216,154,8.1154,
FD004,216,155,7.4425,
FD004,216,156,6.5027,
FD004,216,157,7.1989,
FD004,216,158,6.4355,
FD004,216,159,6.719,
FD004,216,160,5.8955,
FD004,216,161,5.8421,
FD004,216,162,6.1936,
FD004,216,163,7.3249,
FD004,216,164,6.7694,
FD004,216,165,10.4472,
FD004,216,166,11.4286,
FD004,216,167,12.5885,
FD004,216,168,10.0752,
FD004,216,169,12.7964,
FD004,216,170,11.4253,
FD004,216,171,12.2972,
FD004,216,172,10.9756,
FD004,216,173,13.5819,
FD004,216,174,12.9755,
FD004,216,175,9.0198,
FD004,216,176,8.4376,
FD004,216,177,7.6237,
FD004,216,178,5.8983,
FD004,216,179,7.2786,
FD004,216,180,8.3363,
FD004,216,181,6.1054,
FD004,216,182,8.8109,
FD004,216,183,9.205,
FD004,216,184,15.0269,
FD004,216,185,12.1617,
FD004,216,186,10.4362,
FD004,216,187,11.0273,
FD004,216,188,13.0817,
FD004,216,189,12.0276,
FD004,216,190,13.6165,
FD004,216,191,15.5017,
FD004,216,192,14.5267,
FD004,216,193,16.2325,
FD004,216,194,12.4019,
FD004,216,195,11.6281,
FD004,216,196,12.5399,
FD004,216,197,16.7798,
FD004,216,198,10.3861,
FD004,216,199,7.3534,
FD004,216,200,9.4864,
FD004,216,201,9.6754,
FD004,216,202,8.5928,
FD004,216,203,8.0158,
FD004,216,204,7.1067,
FD004,216,205,5.6939,
FD004,216,206,5.0668,
FD004,216,207,5.023,
FD004,216,208,6.8986,
FD004,216,209,6.9687,
FD004,216,210,7.3208,
FD004,216,211,8.6915,
FD004,216,212,8.2773,
FD004,216,213,9.488,
FD004,216,214,9.072,
FD004,216,215,8.7987,
FD004,216,216,8.8314,
FD004,216,217,8.6989,
FD004,216,218,9.2465,
FD004,216,219,7.8523,
FD004,216,220,9.907,
FD004,216,221,9.2214,
FD004,216,222,8.3494,
FD004,216,223,9.4473,
FD004,216,224,9.024,
FD004,216,225,9.7104,
FD004,216,226,8.0047,
FD004,216,227,8.9977,
FD004,216,228,6.7413,
FD004,216,229,6.5296,
FD004,216,230,6.8137,
FD004,216,231,6.9249,
FD004,216,232,5.9573,
FD004,216,233,7.849,
FD004,216,234,7.1517,
FD004,216,235,9.3205,
FD004,216,236,10.7137,
FD004,216,237,9.786,
FD004,216,238,9.924,
FD004,216,239,9.4515,
FD004,216,240,9.8219,
FD004,216,241,9.4586,
FD004,216,242,9.5385,
FD004,216,243,9.9177,
FD004,216,244,10.7025,
FD004,216,245,9.7978,
FD004,216,246,10.0849,
FD004,216,247,9.6685,
FD004,216,248,9.2733,
FD004,216,249,9.229,
FD004,216,250,10.0331,
FD004,216,251,10.2152,
FD004,216,252,10.1314,
FD004,216,253,10.1855,
FD004,216,254,12.7001,
FD004,216,255,10.311,
FD004,216,256,11.0589,
FD004,216,257,10.4517,
FD004,216,258,8.1933,
FD004,216,259,8.6439,
FD004,216,260,9.0643,
FD004,216,261,11.0189,
FD004,216,262,10.4509,
FD004,216,263,8.8525,
FD004,216,264,9.9022,
FD004,217,1,0.0,
FD004,217,2,0.0,
FD004,217,3,0.0,
FD004,217,4,0.0,
FD004,217,5,0.0,
FD004,217,6,0.0,
FD004,217,7,0.0,
FD004,217,8,0.0,
FD004,217,9,0.0,
FD004,217,10,0.0,
FD004,217,11,0.0,
FD004,217,12,0.0,
FD004,217,13,0.0,
FD004,217,14,0.0,
FD004,217,15,0.0,
FD004,217,16,0.0,
FD004,217,17,0.0,
FD004,217,18,0.0,
FD004,217,19,0.0,
FD004,217,20,0.0,
FD004,217,21,0.0,
FD004,217,22,0.0,
FD004,217,23,0.0,
FD004,217,24,0.0,
FD004,217,25,0.0,
FD004,217,26,0.0,
FD004,217,27,0.0,
FD004,217,28,0.0,
FD004,217,29,0.0,
FD004,217,30,0.0,
FD004,217,31,0.0,
FD004,217,32,0.0,
FD004,217,33,0.0,
FD004,217,34,0.0,
FD004,217,35,0.0,
FD004,217,36,0.0,
FD004,217,37,0.0,
FD004,217,38,0.0,
FD004,217,39,0.0,
FD004,217,40,0.0,
FD004,217,41,0.0,
FD004,217,42,0.0,
FD004,217,43,0.0,
FD004,217,44,0.0,
FD004,217,45,0.0,
FD004,217,46,0.0,
FD004,217,47,0.0,
FD004,217,48,0.0,
FD004,217,49,0.0,
FD004,217,50,11.4041,
FD004,217,51,11.1203,
FD004,217,52,11.8689,
FD004,217,53,12.0612,
FD004,217,54,11.1635,
FD004,217,55,7.9399,
FD004,217,56,7.6156,
FD004,217,57,7.677,
FD004,217,58,7.498,
FD004,217,59,9.1248,
FD004,217,60,10.6469,
FD004,217,61,11.4541,
FD004,217,62,12.1895,
FD004,217,63,12.3316,
FD004,217,64,14.1958,
FD004,217,65,14.0226,
FD004,217,66,14.6199,
FD004,217,67,13.7086,
FD004,217,68,11.407,
FD004,217,69,12.3531,
FD004,217,70,11.93,
FD004,217,71,11.0347,
FD004,217,72,10.9036,
FD004,217,73,7.8237,
FD004,217,74,8.1349,
FD004,217,75,8.5895,
FD004,217,76,9.0089,
FD004,217,77,9.2459,
FD004,217,78,8.1134,
FD004,217,79,9.199,
FD004,217,80,10.8927,
FD004,217,81,8.7961,
FD004,217,82,7.4979,
FD004,217,83,7.7777,
FD004,217,84,11.7563,
FD004,217,85,10.4358,
FD004,217,86,10.3977,
FD004,217,87,9.9587,
FD004,217,88,10.3239,
FD004,217,89,10.4462,
FD004,217,90,10.4034,
FD004,217,91,15.3742,
FD004,217,92,15.0119,
FD004,217,93,12.4864,
FD004,217,94,18.7798,
FD004,217,95,19.695,
FD004,217,96,13.3973,
FD004,217,97,10.5053,
FD004,217,98,10.9247,
FD004,217,99,10.3937,
FD004,217,100,11.9896,
FD004,217,101,12.3063,
FD004,217,102,12.0638,
FD004,217,103,13.1959,
FD004,217,104,14.6244,
FD004,217,105,14.9567,
FD004,217,106,15.1478,
FD004,217,107,15.598,
FD004,217,108,14.3507,
FD004,217,109,11.918,
FD004,217,110,9.8607,
FD004,217,111,8.3852,
FD004,217,112,8.0286,
FD004,217,113,8.9157,
FD004,217,114,11.5314,
FD004,217,115,13.4289,
FD004,217,116,13.7786,
FD004,217,117,11.7039,
FD004,217,118,11.1262,
FD004,217,119,9.5131,
FD004,217,120,11.5871,
FD004,217,121,11.7667,
FD004,217,122,14.1584,
FD004,217,123,13.7894,
FD004,217,124,11.6525,
FD004,217,125,10.9505,
FD004,217,126,7.9394,
FD004,217,127,8.5302,
FD004,217,128,11.4928,
FD004,217,129,9.6085,
FD004,217,130,9.3592,
FD004,217,131,10.9741,
FD004,217,132,11.1042,
FD004,217,133,10.0434,
FD004,217,134,10.5788,
FD004,217,135,17.5802,
FD004,217,136,14.5378,
FD004,217,137,11.2324,
FD004,217,138,10.5337,
FD004,217,139,12.1994,
FD004,217,140,10.5261,
FD004,217,141,12.9472,
FD004,218,1,0.0,
FD004,218,2,0.0,
FD004,218,3,0.0,
FD004,218,4,0.0,
FD004,218,5,0.0,
FD004,218,6,0.0,
FD004,218,7,0.0,
FD004,218,8,0.0,
FD004,218,9,0.0,
FD004,218,10,0.0,
FD004,218,11,0.0,
FD004,218,12,0.0,
FD004,218,13,0.0,
FD004,218,14,0.0,
FD004,218,15,0.0,
FD004,218,16,0.0,
FD004,218,17,0.0,
FD004,218,18,0.0,
FD004,218,19,0.0,
FD004,218,20,0.0,
FD004,218,21,0.0,
FD004,218,22,0.0,
FD004,218,23,0.0,
FD004,218,24,0.0,
FD004,218,25,0.0,
FD004,218,26,0.0,
FD004,218,27,0.0,
FD004,218,28,0.0,
FD004,218,29,0.0,
FD004,218,30,0.0,
FD004,218,31,0.0,
FD004,218,32,0.0,
FD004,218,33,0.0,
FD004,218,34,0.0,
FD004,218,35,0.0,
FD004,218,36,0.0,
FD004,218,37,0.0,
FD004,218,38,0.0,
FD004,218,39,0.0,
FD004,218,40,0.0,
FD004,218,41,0.0,
FD004,218,42,0.0,
FD004,218,43,0.0,
FD004,218,44,0.0,
FD004,218,45,0.0,
FD004,218,46,0.0,
FD004,218,47,0.0,
FD004,218,48,0.0,
FD004,218,49,0.0,
FD004,218,50,9.7033,
FD004,218,51,9.7947,
FD004,218,52,9.1518,
FD004,218,53,8.3552,
FD004,218,54,8.7205,
FD004,218,55,8.8199,
FD004,218,56,10.6288,
FD004,218,57,8.3997,
FD004,218,58,10.236,
FD004,218,59,8.7764,
FD004,218,60,9.1239,
FD004,218,61,10.1516,
FD004,218,62,10.4862,
FD004,218,63,12.1037,
FD004,219,1,0.0,
FD004,219,2,0.0,
FD004,219,3,0.0,
FD004,219,4,0.0,
FD004,219,5,0.0,
FD004,219,6,0.0,
FD004,219,7,0.0,
FD004,219,8,0.0,
FD004,219,9,0.0,
FD004,219,10,0.0,
FD004,219,11,0.0,
FD004,219,12,0.0,
FD004,219,13,0.0,
FD004,219,14,0.0,
FD004,219,15,0.0,
FD004,219,16,0.0,
FD004,219,17,0.0,
FD004,219,18,0.0,
FD004,219,19,0.0,
FD004,219,20,0.0,
FD004,219,21,0.0,
FD004,219,22,0.0,
FD004,219,23,0.0,
FD004,219,24,0.0,
FD004,219,25,0.0,
FD004,219,26,0.0,
FD004,219,27,0.0,
FD004,219,28,0.0,
FD004,219,29,0.0,
FD004,219,30,0.0,
FD004,219,31,0.0,
FD004,219,32,0.0,
FD004,219,33,0.0,
FD004,219,34,0.0,
FD004,219,35,0.0,
FD004,219,36,0.0,
FD004,219,37,0.0,
FD004,219,38,0.0,
FD004,219,39,0.0,
FD004,219,40,0.0,
FD004,219,41,0.0,
FD004,219,42,0.0,
FD004,219,43,0.0,
FD004,219,44,0.0,
FD004,219,45,0.0,
FD004,219,46,0.0,
FD004,219,47,0.0,
FD004,219,48,0.0,
FD004,219,49,0.0,
FD004,219,50,8.5705,
FD004,219,51,9.2312,
FD004,219,52,9.162,
FD004,219,53,10.8385,
FD004,219,54,9.0043,
FD004,219,55,11.4813,
FD004,219,56,10.6289,
FD004,219,57,9.7031,
FD004,219,58,8.605,
FD004,219,59,7.1327,
FD004,219,60,8.8535,
FD004,219,61,7.793,
FD004,219,62,11.9626,
FD004,219,63,7.9702,
FD004,219,64,7.6559,
FD004,219,65,7.1773,
FD004,219,66,6.9719,
FD004,219,67,7.9652,
FD004,219,68,7.3705,
FD004,219,69,7.4896,
FD004,219,70,7.546,
FD004,219,71,7.8309,
FD004,219,72,7.3972,
FD004,219,73,7.5943,
FD004,219,74,9.4348,
FD004,219,75,7.8915,
FD004,219,76,6.8331,
FD004,219,77,6.6721,
FD004,219,78,6.4067,
FD004,219,79,7.7309,
FD004,219,80,8.8468,
FD004,219,81,7.7486,
FD004,219,82,8.6383,
FD004,219,83,10.3301,
FD004,219,84,8.5804,
FD004,219,85,8.9032,
FD004,219,86,11.9509,
FD004,219,87,13.6619,
FD004,219,88,11.1913,
FD004,219,89,11.5591,
FD004,219,90,12.6832,
FD004,219,91,11.1466,
FD004,219,92,11.1014,
FD004,219,93,10.8958,
FD004,219,94,11.6863,
FD004,219,95,11.4618,
FD004,219,96,12.6652,
FD004,219,97,9.2679,
FD004,219,98,8.0049,
FD004,219,99,8.8865,
FD004,219,100,8.475,
FD004,219,101,6.4263,
FD004,219,102,6.3737,
FD004,219,103,5.5922,
FD004,219,104,7.4746,
FD004,219,105,9.0024,
FD004,219,106,9.6311,
FD004,219,107,8.2324,
FD004,219,108,9.5362,
FD004,219,109,9.6204,
FD004,219,110,9.7516,
FD004,220,1,0.0,
FD004,220,2,0.0,
FD004,220,3,0.0,
FD004,220,4,0.0,
FD004,220,5,0.0,
FD004,220,6,0.0,
FD004,220,7,0.0,
FD004,220,8,0.0,
FD004,220,9,0.0,
FD004,220,10,0.0,
FD004,220,11,0.0,
FD004,220,12,0.0,
FD004,220,13,0.0,
FD004,220,14,0.0,
FD004,220,15,0.0,
FD004,220,16,0.0,
FD004,220,17,0.0,
FD004,220,18,0.0,
FD004,220,19,0.0,
FD004,220,20,0.0,
FD004,220,21,0.0,
FD004,220,22,0.0,
FD004,220,23,0.0,
FD004,220,24,0.0,
FD004,220,25,0.0,
FD004,220,26,0.0,
FD004,220,27,0.0,
FD004,220,28,0.0,
FD004,220,29,0.0,
FD004,220,30,0.0,
FD004,220,31,0.0,
FD004,220,32,0.0,
FD004,220,33,0.0,
FD004,220,34,0.0,
FD004,220,35,0.0,
FD004,220,36,0.0,
FD004,220,37,0.0,
FD004,220,38,0.0,
FD004,220,39,0.0,
FD004,220,40,0.0,
FD004,220,41,0.0,
FD004,220,42,0.0,
FD004,220,43,0.0,
FD004,220,44,0.0,
FD004,220,45,0.0,
FD004,220,46,0.0,
FD004,220,47,0.0,
FD004,220,48,0.0,
FD004,220,49,0.0,
FD004,220,50,8.862,
FD004,220,51,8.6262,
FD004,220,52,7.1998,
FD004,220,53,7.4712,
FD004,220,54,7.4691,
FD004,220,55,7.0778,
FD004,220,56,7.0284,
FD004,220,57,8.4693,
FD004,220,58,8.773,
FD004,220,59,9.1767,
FD004,220,60,9.7382,
FD004,220,61,10.1002,
FD004,220,62,9.647,
FD004,220,63,10.3733,
FD004,220,64,11.1182,
FD004,220,65,12.9455,
FD004,221,1,0.0,
FD004,221,2,0.0,
FD004,221,3,0.0,
FD004,221,4,0.0,
FD004,221,5,0.0,
FD004,221,6,0.0,
FD004,221,7,0.0,
FD004,221,8,0.0,
FD004,221,9,0.0,
FD004,221,10,0.0,
FD004,221,11,0.0,
FD004,221,12,0.0,
FD004,221,13,0.0,
FD004,221,14,0.0,
FD004,221,15,0.0,
FD004,221,16,0.0,
FD004,221,17,0.0,
FD004,221,18,0.0,
FD004,221,19,0.0,
FD004,221,20,0.0,
FD004,221,21,0.0,
FD004,221,22,0.0,
FD004,221,23,0.0,
FD004,221,24,0.0,
FD004,221,25,0.0,
FD004,221,26,0.0,
FD004,221,27,0.0,
FD004,221,28,0.0,
FD004,221,29,0.0,
FD004,221,30,0.0,
FD004,221,31,0.0,
FD004,221,32,0.0,
FD004,221,33,0.0,
FD004,221,34,0.0,
FD004,221,35,0.0,
FD004,221,36,0.0,
FD004,221,37,0.0,
FD004,221,38,0.0,
FD004,221,39,0.0,
FD004,221,40,0.0,
FD004,221,41,0.0,
FD004,221,42,0.0,
FD004,221,43,0.0,
FD004,221,44,0.0,
FD004,221,45,0.0,
FD004,221,46,0.0,
FD004,221,47,0.0,
FD004,221,48,0.0,
FD004,221,49,0.0,
FD004,221,50,9.0539,
FD004,221,51,8.1441,
FD004,221,52,7.8293,
FD004,221,53,6.9711,
FD004,221,54,4.9981,
FD004,221,55,4.4842,
FD004,221,56,5.4708,
FD004,221,57,7.4469,
FD004,221,58,7.4623,
FD004,221,59,8.6649,
FD004,221,60,6.3643,
FD004,221,61,9.6848,
FD004,221,62,6.701,
FD004,221,63,7.2009,
FD004,221,64,6.5052,
FD004,221,65,4.5971,
FD004,221,66,7.9032,
FD004,221,67,10.1028,
FD004,221,68,5.7805,
FD004,221,69,4.9013,
FD004,221,70,4.4222,
FD004,221,71,4.7966,
FD004,221,72,7.09,
FD004,221,73,6.3352,
FD004,221,74,6.5679,
FD004,221,75,4.4925,
FD004,221,76,5.4195,
FD004,221,77,4.6413,
FD004,221,78,4.5201,
FD004,221,79,6.2285,
FD004,221,80,8.0242,
FD004,221,81,7.8217,
FD004,221,82,5.0979,
FD004,221,83,4.7982,
FD004,221,84,5.2207,
FD004,221,85,4.8881,
FD004,221,86,4.0858,
FD004,221,87,5.9023,
FD004,221,88,6.8095,
FD004,221,89,4.5938,
FD004,221,90,6.6039,
FD004,221,91,7.0761,
FD004,221,92,5.1985,
FD004,221,93,4.4712,
FD004,221,94,5.3529,
FD004,221,95,5.1793,
FD004,221,96,5.8334,
FD004,221,97,5.6714,
FD004,221,98,6.3817,
FD004,221,99,13.2436,
FD004,221,100,14.7837,
FD004,221,101,12.9397,
FD004,221,102,13.1427,
FD004,221,103,15.4097,
FD004,221,104,11.4677,
FD004,221,105,13.1593,
FD004,221,106,11.2956,
FD004,221,107,11.6172,
FD004,221,108,13.3378,
FD004,221,109,11.8983,
FD004,221,110,9.3306,
FD004,221,111,10.19,
FD004,221,112,10.2796,
FD004,221,113,11.0561,
FD004,221,114,10.6117,
FD004,221,115,9.993,
FD004,221,116,8.4422,
FD004,221,117,7.8206,
FD004,221,118,8.562,
FD004,221,119,11.7325,
FD004,221,120,22.9954,
FD004,221,121,9.993,
FD004,221,122,8.7556,
FD004,221,123,10.3562,
FD004,221,124,10.1484,
FD004,221,125,8.7265,
FD004,221,126,7.4671,
FD004,221,127,6.9976,
FD004,221,128,7.0915,
FD004,221,129,7.697,
FD004,221,130,7.635,
FD004,221,131,6.9269,
FD004,221,132,6.8544,
FD004,221,133,7.2844,
FD004,221,134,5.5469,
FD004,221,135,6.3211,
FD004,221,136,7.3895,
FD004,221,137,7.0353,
FD004,221,138,7.8209,
FD004,221,139,7.0236,
FD004,221,140,8.1707,
FD004,221,141,8.5967,
FD004,221,142,6.8181,
FD004,221,143,6.4092,
FD004,221,144,5.7639,
FD004,221,145,6.8996,
FD004,221,146,5.1118,
FD004,221,147,6.6289,
FD004,221,148,10.7225,
FD004,221,149,9.6344,
FD004,221,150,9.2485,
FD004,221,151,8.4129,
FD004,221,152,6.4911,
FD004,221,153,14.6907,
FD004,221,154,9.2856,
FD004,221,155,8.5716,
FD004,221,156,7.1525,
FD004,221,157,8.3168,
FD004,221,158,8.1992,
FD004,221,159,8.5376,
FD004,221,160,7.4835,
FD004,221,161,9.8024,
FD004,221,162,9.2137,
FD004,221,163,7.8531,
FD004,221,164,6.9185,
FD004,221,165,6.5739,
FD004,221,166,6.3259,
FD004,221,167,7.0331,
FD004,221,168,4.683,
FD004,221,169,5.2362,
FD004,221,170,5.6205,
FD004,221,171,7.9501,
FD004,221,172,8.177,
FD004,221,173,8.0287,
FD004,221,174,12.2296,
FD004,221,175,12.028,
FD004,221,176,13.376,
FD004,222,1,0.0,
FD004,222,2,0.0,
FD004,222,3,0.0,
FD004,222,4,0.0,
FD004,222,5,0.0,
FD004,222,6,0.0,
FD004,222,7,0.0,
FD004,222,8,0.0,
FD004,222,9,0.0,
FD004,222,10,0.0,
FD004,222,11,0.0,
FD004,222,12,0.0,
FD004,222,13,0.0,
FD004,222,14,0.0,
FD004,222,15,0.0,
FD004,222,16,0.0,
FD004,222,17,0.0,
FD004,222,18,0.0,
FD004,222,19,0.0,
FD004,222,20,0.0,
FD004,222,21,0.0,
FD004,222,22,0.0,
FD004,222,23,0.0,
FD004,222,24,0.0,
FD004,222,25,0.0,
FD004,222,26,0.0,
FD004,222,27,0.0,
FD004,222,28,0.0,
FD004,222,29,0.0,
FD004,222,30,0.0,
FD004,222,31,0.0,
FD004,222,32,0.0,
FD004,222,33,0.0,
FD004,222,34,0.0,
FD004,222,35,0.0,
FD004,222,36,0.0,
FD004,222,37,0.0,
FD004,222,38,0.0,
FD004,222,39,0.0,
FD004,222,40,0.0,
FD004,222,41,0.0,
FD004,222,42,0.0,
FD004,222,43,0.0,
FD004,222,44,0.0,
FD004,222,45,0.0,
FD004,222,46,0.0,
FD004,222,47,0.0,
FD004,222,48,0.0,
FD004,222,49,0.0,
FD004,222,50,10.8766,
FD004,222,51,8.7187,
FD004,222,52,6.8526,
FD004,222,53,6.2727,
FD004,222,54,6.2538,
FD004,222,55,9.0292,
FD004,222,56,8.3002,
FD004,222,57,8.6744,
FD004,222,58,7.5879,
FD004,222,59,11.8853,
FD004,222,60,12.4036,
FD004,222,61,12.5608,
FD004,222,62,10.2757,
FD004,222,63,16.2366,
FD004,222,64,10.1356,
FD004,222,65,9.5022,
FD004,222,66,6.5689,
FD004,222,67,6.5032,
FD004,222,68,6.2321,
FD004,222,69,5.9434,
FD004,222,70,6.6682,
FD004,222,71,6.3522,
FD004,222,72,6.8455,
FD004,222,73,7.3112,
FD004,222,74,7.0113,
FD004,222,75,10.9017,
FD004,222,76,9.7941,
FD004,222,77,6.6316,
FD004,222,78,7.4383,
FD004,222,79,8.301,
FD004,222,80,10.1957,
FD004,222,81,6.9343,
FD004,222,82,6.375,
FD004,222,83,7.6647,
FD004,222,84,6.4926,
FD004,222,85,6.9497,
FD004,222,86,7.1541,
FD004,222,87,7.4097,
FD004,222,88,7.4515,
FD004,222,89,7.2639,
FD004,222,90,8.4236,
FD004,222,91,7.9225,
FD004,222,92,8.3728,
FD004,222,93,8.6876,
FD004,222,94,8.104,
FD004,222,95,8.0423,
FD004,222,96,6.9062,
FD004,222,97,8.3855,
FD004,222,98,8.023,
FD004,222,99,7.2082,
FD004,222,100,7.5922,
FD004,222,101,8.6153,
FD004,222,102,8.8886,
FD004,222,103,9.2788,
FD004,222,104,9.054,
FD004,222,105,9.1887,
FD004,222,106,10.1344,
FD004,222,107,9.9996,
FD004,222,108,12.2187,
FD004,222,109,13.504,
FD004,222,110,15.1964,
FD004,222,111,11.9204,
FD004,222,112,12.0055,
FD004,222,113,9.2903,
FD004,222,114,7.4811,
FD004,222,115,7.9515,
FD004,222,116,7.6205,
FD004,222,117,7.8289,
FD004,222,118,6.9357,
FD004,222,119,7.1202,
FD004,222,120,7.392,
FD004,222,121,7.6877,
FD004,222,122,6.064,
FD004,222,123,7.4987,
FD004,222,124,8.542,
FD004,222,125,6.6874,
FD004,222,126,10.2735,
FD004,222,127,12.39,
FD004,222,128,11.132,
FD004,222,129,14.0618,
FD004,222,130,15.8909,
FD004,222,131,15.0355,
FD004,222,132,13.1643,
FD004,222,133,12.541,
FD004,222,134,11.8232,
FD004,222,135,11.5503,
FD004,222,136,12.457,
FD004,222,137,10.7936,
FD004,222,138,10.2996,
FD004,222,139,6.2987,
FD004,222,140,5.7586,
FD004,222,141,7.7395,
FD004,222,142,9.4234,
FD004,222,143,5.4606,
FD004,222,144,5.355,
FD004,222,145,6.7753,
FD004,222,146,7.5558,
FD004,222,147,7.9082,
FD004,222,148,8.6492,
FD004,222,149,7.5581,
FD004,222,150,9.2735,
FD004,222,151,7.7067,
FD004,222,152,6.6258,
FD004,222,153,6.0481,
FD004,222,154,6.9887,
FD004,222,155,6.3497,
FD004,222,156,8.0118,
FD004,222,157,7.3348,
FD004,222,158,7.7961,
FD004,222,159,10.2847,
FD004,222,160,7.981,
FD004,222,161,7.3467,
FD004,222,162,6.8851,
FD004,222,163,8.7277,
FD004,222,164,9.0795,
FD004,222,165,9.5752,
FD004,222,166,9.4372,
FD004,222,167,10.093,
FD004,222,168,10.308,
FD004,222,169,12.9766,
FD004,222,170,11.0193,
FD004,222,171,10.4334,
FD004,222,172,9.5387,
FD004,222,173,10.1406,
FD004,222,174,10.2447,
FD004,222,175,10.4439,
FD004,222,176,12.1436,
FD004,222,177,12.4016,
FD004,222,178,4.8683,
FD004,223,1,0.0,
FD004,223,2,0.0,
FD004,223,3,0.0,
FD004,223,4,0.0,
FD004,223,5,0.0,
FD004,223,6,0.0,
FD004,223,7,0.0,
FD004,223,8,0.0,
FD004,223,9,0.0,
FD004,223,10,0.0,
FD004,223,11,0.0,
FD004,223,12,0.0,
FD004,223,13,0.0,
FD004,223,14,0.0,
FD004,223,15,0.0,
FD004,223,16,0.0,
FD004,223,17,0.0,
FD004,223,18,0.0,
FD004,223,19,0.0,
FD004,223,20,0.0,
FD004,223,21,0.0,
FD004,223,22,0.0,
FD004,223,23,0.0,
FD004,223,24,0.0,
FD004,223,25,0.0,
FD004,223,26,0.0,
FD004,223,27,0.0,
FD004,223,28,0.0,
FD004,223,29,0.0,
FD004,223,30,0.0,
FD004,223,31,0.0,
FD004,223,32,0.0,
FD004,223,33,0.0,
FD004,223,34,0.0,
FD004,223,35,0.0,
FD004,223,36,0.0,
FD004,223,37,0.0,
FD004,223,38,0.0,
FD004,223,39,0.0,
FD004,223,40,0.0,
FD004,223,41,0.0,
FD004,223,42,0.0,
FD004,223,43,0.0,
FD004,223,44,0.0,
FD004,223,45,0.0,
FD004,223,46,0.0,
FD004,223,47,0.0,
FD004,223,48,0.0,
FD004,223,49,0.0,
FD004,223,50,6.7663,
FD004,223,51,6.9195,
FD004,223,52,6.7837,
FD004,223,53,5.6855,
FD004,223,54,6.398,
FD004,223,55,6.6251,
FD004,223,56,6.3198,
FD004,223,57,8.558,
FD004,223,58,6.2003,
FD004,223,59,6.6883,
FD004,223,60,8.9896,
FD004,223,61,6.0502,
FD004,223,62,7.8129,
FD004,223,63,7.9634,
FD004,223,64,8.8876,
FD004,223,65,8.809,
FD004,223,66,10.9884,
FD004,223,67,8.5167,
FD004,223,68,11.1962,
FD004,223,69,10.1514,
FD004,223,70,8.3952,
FD004,223,71,8.3626,
FD004,223,72,6.6142,
FD004,223,73,8.9842,
FD004,223,74,9.2679,
FD004,223,75,9.85,
FD004,223,76,9.8319,
FD004,223,77,11.3668,
FD004,223,78,11.0083,
FD004,223,79,15.9896,
FD004,223,80,12.3535,
FD004,223,81,13.6179,
FD004,223,82,11.3142,
FD004,223,83,13.7864,
FD004,223,84,14.0207,
FD004,223,85,12.6987,
FD004,223,86,14.1541,
FD004,223,87,14.8642,
FD004,223,88,13.9449,
FD004,223,89,12.4277,
FD004,223,90,12.5495,
FD004,223,91,12.1584,
FD004,223,92,11.2351,
FD004,223,93,10.9166,
FD004,223,94,9.3376,
FD004,223,95,9.1971,
FD004,223,96,9.0628,
FD004,223,97,9.8061,
FD004,223,98,10.9101,
FD004,223,99,9.8764,
FD004,223,100,7.7971,
FD004,223,101,9.5061,
FD004,223,102,8.6437,
FD004,223,103,8.0971,
FD004,223,104,7.9397,
FD004,223,105,7.4163,
FD004,223,106,7.678,
FD004,223,107,7.8138,
FD004,223,108,8.7813,
FD004,223,109,6.1213,
FD004,223,110,6.8513,
FD004,223,111,7.9957,
FD004,223,112,8.2608,
FD004,223,113,7.0327,
FD004,223,114,7.5827,
FD004,223,115,7.3243,
FD004,223,116,6.9713,
FD004,223,117,7.3666,
FD004,223,118,9.3692,
FD004,223,119,8.8967,
FD004,223,120,7.4058,
FD004,223,121,8.1519,
FD004,223,122,8.0318,
FD004,223,123,7.3025,
FD004,223,124,7.0453,
FD004,223,125,6.4609,
FD004,223,126,6.7217,
FD004,223,127,6.7671,
FD004,223,128,6.8132,
FD004,223,129,8.4307,
FD004,223,130,8.5159,
FD004,223,131,9.9065,
FD004,223,132,9.4237,
FD004,223,133,12.1861,
FD004,223,134,8.4151,
FD004,223,135,8.8315,
FD004,223,136,7.7079,
FD004,223,137,9.4504,
FD004,223,138,5.7976,
FD004,223,139,5.8953,
FD004,223,140,5.6501,
FD004,223,141,6.0614,
FD004,223,142,5.4493,
FD004,223,143,5.1244,
FD004,223,144,4.7151,
FD004,223,145,6.1255,
FD004,223,146,6.3019,
FD004,223,147,7.8874,
FD004,223,148,8.9551,
FD004,223,149,9.3126,
FD004,223,150,10.6617,
FD004,223,151,10.6904,
FD004,223,152,12.1218,
FD004,223,153,10.2636,
FD004,223,154,11.0646,
FD004,223,155,9.6342,
FD004,223,156,10.6336,
FD004,223,157,6.7112,
FD004,223,158,5.7833,
FD004,223,159,5.8492,
FD004,223,160,5.7903,
FD004,223,161,5.916,
FD004,223,162,6.5542,
FD004,223,163,6.0597,
FD004,223,164,7.5928,
FD004,223,165,6.3364,
FD004,223,166,7.1996,
FD004,223,167,7.3825,
FD004,223,168,11.425,
FD004,223,169,9.5972,
FD004,223,170,9.5842,
FD004,223,171,9.8736,
FD004,223,172,10.3086,
FD004,223,173,10.5882,
FD004,223,174,12.4882,
FD004,223,175,17.7589,
FD004,223,176,15.0253,
FD004,223,177,14.1688,
FD004,223,178,11.3864,
FD004,223,179,13.0384,
FD004,223,180,14.4074,
FD004,223,181,15.1979,
FD004,223,182,13.1562,
FD004,223,183,11.9269,
FD004,223,184,11.0126,
FD004,223,185,10.5983,
FD004,223,186,9.6781,
FD004,223,187,9.7927,
FD004,223,188,8.844,
FD004,223,189,8.5632,
FD004,223,190,8.338,
FD004,223,191,7.6882,
FD004,223,192,8.7674,
FD004,223,193,12.0749,
FD004,223,194,9.7593,
FD004,223,195,10.6672,
FD004,223,196,11.6198,
FD004,223,197,12.1763,
FD004,223,198,13.1652,
FD004,223,199,13.0367,
FD004,223,200,12.0359,
FD004,223,201,13.2785,
FD004,223,202,13.316,
FD004,223,203,10.8437,
FD004,223,204,8.0975,
FD004,223,205,8.4349,
FD004,223,206,8.7769,
FD004,223,207,8.2914,
FD004,223,208,6.6793,
FD004,223,209,6.848,
FD004,223,210,7.047,
FD004,223,211,7.9246,
FD004,223,212,8.4801,
FD004,223,213,10.1654,
FD004,223,214,9.6103,
FD004,223,215,11.1308,
FD004,223,216,10.0826,
FD004,223,217,11.6592,
FD004,223,218,11.5094,
FD004,223,219,10.5341,
FD004,223,220,13.502,
FD004,223,221,12.1095,
FD004,223,222,8.5019,
FD004,223,223,8.3099,
FD004,223,224,9.0974,
FD004,223,225,9.8955,
FD004,223,226,8.2542,
FD004,223,227,10.9548,
FD004,223,228,12.9947,
FD004,223,229,13.0221,
FD004,223,230,10.1799,
FD004,223,231,11.3566,
FD004,223,232,10.1989,
FD004,223,233,10.1879,
FD004,223,234,10.6025,
FD004,223,235,9.9401,
FD004,223,236,9.5589,
FD004,223,237,9.1969,
FD004,223,238,10.5491,
FD004,223,239,12.0025,
FD004,223,240,13.9828,
FD004,223,241,12.3958,
FD004,223,242,11.9316,
FD004,223,243,11.1078,
FD004,223,244,11.6567,
FD004,223,245,12.1415,
FD004,223,246,13.1122,
FD004,223,247,12.8702,
FD004,223,248,11.9413,
FD004,223,249,11.3377,
FD004,223,250,10.493,
FD004,223,251,10.9137,
FD004,223,252,10.074,
FD004,223,253,11.3893,
FD004,223,254,11.411,
FD004,223,255,12.0406,
FD004,223,256,12.8971,
FD004,223,257,11.2029,
FD004,223,258,9.7087,
FD004,223,259,7.7934,
FD004,223,260,8.8397,
FD004,223,261,10.0423,
FD004,223,262,12.9561,
FD004,223,263,8.2642,
FD004,223,264,8.1711,
FD004,223,265,7.5935,
FD004,223,266,8.4588,
FD004,223,267,8.8841,
FD004,223,268,9.3278,
FD004,223,269,9.1313,
FD004,223,270,10.573,
FD004,223,271,8.9324,
FD004,223,272,8.1827,
FD004,223,273,8.2698,
FD004,223,274,8.1527,
FD004,223,275,7.657,
FD004,223,276,8.2683,
FD004,223,277,9.7541,
FD004,223,278,10.79,
FD004,223,279,11.6723,
FD004,223,280,11.5745,
FD004,223,281,10.427,
FD004,223,282,11.8664,
FD004,223,283,10.5871,
FD004,223,284,11.4178,
FD004,223,285,7.2457,
FD004,223,286,8.7591,
FD004,223,287,6.7677,
FD004,223,288,6.9329,
FD004,223,289,6.6414,
FD004,223,290,5.9069,
FD004,223,291,6.1756,
FD004,223,292,6.5964,
FD004,223,293,8.4051,
FD004,223,294,11.8557,
FD004,223,295,7.4904,
FD004,223,296,5.6468,
FD004,223,297,6.6173,
FD004,223,298,5.8681,
FD004,223,299,5.9496,
FD004,223,300,6.101,
FD004,223,301,6.7823,
FD004,223,302,7.5989,
FD004,223,303,6.407,
FD004,223,304,6.0507,
FD004,223,305,5.6994,
FD004,224,1,0.0,
FD004,224,2,0.0,
FD004,224,3,0.0,
FD004,224,4,0.0,
FD004,224,5,0.0,
FD004,224,6,0.0,
FD004,224,7,0.0,
FD004,224,8,0.0,
FD004,224,9,0.0,
FD004,224,10,0.0,
FD004,224,11,0.0,
FD004,224,12,0.0,
FD004,224,13,0.0,
FD004,224,14,0.0,
FD004,224,15,0.0,
FD004,224,16,0.0,
FD004,224,17,0.0,
FD004,224,18,0.0,
FD004,224,19,0.0,
FD004,224,20,0.0,
FD004,224,21,0.0,
FD004,224,22,0.0,
FD004,224,23,0.0,
FD004,224,24,0.0,
FD004,224,25,0.0,
FD004,224,26,0.0,
FD004,224,27,0.0,
FD004,224,28,0.0,
FD004,224,29,0.0,
FD004,224,30,0.0,
FD004,224,31,0.0,
FD004,224,32,0.0,
FD004,224,33,0.0,
FD004,224,34,0.0,
FD004,224,35,0.0,
FD004,224,36,0.0,
FD004,224,37,0.0,
FD004,224,38,0.0,
FD004,224,39,0.0,
FD004,224,40,0.0,
FD004,224,41,0.0,
FD004,224,42,0.0,
FD004,224,43,0.0,
FD004,224,44,0.0,
FD004,224,45,0.0,
FD004,224,46,0.0,
FD004,224,47,0.0,
FD004,224,48,0.0,
FD004,224,49,0.0,
FD004,224,50,5.703,
FD004,224,51,5.4647,
FD004,224,52,4.6535,
FD004,224,53,6.2449,
FD004,224,54,7.331,
FD004,224,55,7.2339,
FD004,224,56,6.9016,
FD004,224,57,6.2829,
FD004,224,58,6.3318,
FD004,224,59,6.5092,
FD004,224,60,6.6962,
FD004,224,61,7.5725,
FD004,224,62,6.14,
FD004,224,63,5.8376,
FD004,224,64,6.5071,
FD004,224,65,5.6907,
FD004,224,66,11.1611,
FD004,224,67,12.1335,
FD004,224,68,12.1719,
FD004,224,69,11.6895,
FD004,224,70,10.5295,
FD004,224,71,10.3335,
FD004,224,72,10.6196,
FD004,224,73,10.1811,
FD004,224,74,10.9024,
FD004,224,75,10.5812,
FD004,224,76,9.0758,
FD004,224,77,9.2187,
FD004,224,78,8.746,
FD004,224,79,8.308,
FD004,224,80,6.9074,
FD004,224,81,10.2187,
FD004,224,82,8.8832,
FD004,224,83,8.7766,
FD004,224,84,8.2638,
FD004,224,85,8.6706,
FD004,224,86,9.1295,
FD004,224,87,9.0997,
FD004,224,88,11.9594,
FD004,224,89,11.2894,
FD004,224,90,12.0698,
FD004,224,91,11.6823,
FD004,224,92,11.9465,
FD004,224,93,11.8574,
FD004,224,94,11.7659,
FD004,224,95,10.3724,
FD004,224,96,10.9458,
FD004,224,97,10.1889,
FD004,224,98,8.9254,
FD004,224,99,9.6343,
FD004,224,100,8.2846,
FD004,224,101,7.2101,
FD004,224,102,9.4889,
FD004,224,103,8.7095,
FD004,224,104,7.3283,
FD004,224,105,7.9575,
FD004,224,106,5.8785,
FD004,224,107,5.9498,
FD004,224,108,6.3581,
FD004,224,109,6.1839,
FD004,224,110,5.5277,
FD004,224,111,5.4953,
FD004,224,112,5.3876,
FD004,224,113,5.6826,
FD004,224,114,6.1598,
FD004,224,115,6.0522,
FD004,224,116,7.9742,
FD004,224,117,9.794,
FD004,224,118,8.7094,
FD004,224,119,9.806,
FD004,224,120,7.8893,
FD004,224,121,12.6744,
FD004,224,122,14.2338,
FD004,224,123,15.0825,
FD004,224,124,16.2757,
FD004,224,125,15.1692,
FD004,224,126,14.4082,
FD004,224,127,15.2407,
FD004,224,128,14.1601,
FD004,224,129,12.8234,
FD004,224,130,8.4288,
FD004,224,131,7.9361,
FD004,224,132,10.3123,
FD004,224,133,12.0625,
FD004,224,134,9.9833,
FD004,224,135,12.7771,
FD004,224,136,8.2259,
FD004,224,137,7.9808,
FD004,224,138,8.0712,
FD004,224,139,7.9124,
FD004,224,140,8.3333,
FD004,224,141,6.8113,
FD004,224,142,5.9218,
FD004,224,143,8.8318,
FD004,224,144,6.8084,
FD004,224,145,6.5377,
FD004,224,146,7.6313,
FD004,224,147,6.9769,
FD004,224,148,5.7028,
FD004,224,149,9.5947,
FD004,224,150,7.7823,
FD004,224,151,8.537,
FD004,224,152,8.5489,
FD004,225,1,0.0,
FD004,225,2,0.0,
FD004,225,3,0.0,
FD004,225,4,0.0,
FD004,225,5,0.0,
FD004,225,6,0.0,
FD004,225,7,0.0,
FD004,225,8,0.0,
FD004,225,9,0.0,
FD004,225,10,0.0,
FD004,225,11,0.0,
FD004,225,12,0.0,
FD004,225,13,0.0,
FD004,225,14,0.0,
FD004,225,15,0.0,
FD004,225,16,0.0,
FD004,225,17,0.0,
FD004,225,18,0.0,
FD004,225,19,0.0,
FD004,225,20,0.0,
FD004,225,21,0.0,
FD004,225,22,0.0,
FD004,225,23,0.0,
FD004,225,24,0.0,
FD004,225,25,0.0,
FD004,225,26,0.0,
FD004,225,27,0.0,
FD004,225,28,0.0,
FD004,225,29,0.0,
FD004,225,30,0.0,
FD004,225,31,0.0,
FD004,225,32,0.0,
FD004,225,33,0.0,
FD004,225,34,0.0,
FD004,225,35,0.0,
FD004,225,36,0.0,
FD004,225,37,0.0,
FD004,225,38,0.0,
FD004,225,39,0.0,
FD004,226,1,0.0,
FD004,226,2,0.0,
FD004,226,3,0.0,
FD004,226,4,0.0,
FD004,226,5,0.0,
FD004,226,6,0.0,
FD004,226,7,0.0,
FD004,226,8,0.0,
FD004,226,9,0.0,
FD004,226,10,0.0,
FD004,226,11,0.0,
FD004,226,12,0.0,
FD004,226,13,0.0,
FD004,226,14,0.0,
FD004,226,15,0.0,
FD004,226,16,0.0,
FD004,226,17,0.0,
FD004,226,18,0.0,
FD004,226,19,0.0,
FD004,226,20,0.0,
FD004,226,21,0.0,
FD004,226,22,0.0,
FD004,226,23,0.0,
FD004,226,24,0.0,
FD004,226,25,0.0,
FD004,226,26,0.0,
FD004,226,27,0.0,
FD004,226,28,0.0,
FD004,226,29,0.0,
FD004,226,30,0.0,
FD004,226,31,0.0,
FD004,226,32,0.0,
FD004,226,33,0.0,
FD004,226,34,0.0,
FD004,226,35,0.0,
FD004,226,36,0.0,
FD004,226,37,0.0,
FD004,226,38,0.0,
FD004,226,39,0.0,
FD004,226,40,0.0,
FD004,226,41,0.0,
FD004,226,42,0.0,
FD004,226,43,0.0,
FD004,226,44,0.0,
FD004,226,45,0.0,
FD004,226,46,0.0,
FD004,226,47,0.0,
FD004,226,48,0.0,
FD004,226,49,0.0,
FD004,226,50,10.4752,
FD004,226,51,10.4644,
FD004,226,52,10.5201,
FD004,226,53,20.1031,
FD004,226,54,30.6529,
FD004,226,55,30.4867,
FD004,226,56,32.9997,
FD004,226,57,32.1491,
FD004,226,58,18.2713,
FD004,226,59,17.8244,
FD004,227,1,0.0,
FD004,227,2,0.0,
FD004,227,3,0.0,
FD004,227,4,0.0,
FD004,227,5,0.0,
FD004,227,6,0.0,
FD004,227,7,0.0,
FD004,227,8,0.0,
FD004,227,9,0.0,
FD004,227,10,0.0,
FD004,227,11,0.0,
FD004,227,12,0.0,
FD004,227,13,0.0,
FD004,227,14,0.0,
FD004,227,15,0.0,
FD004,227,16,0.0,
FD004,227,17,0.0,
FD004,227,18,0.0,
FD004,227,19,0.0,
FD004,227,20,0.0,
FD004,227,21,0.0,
FD004,227,22,0.0,
FD004,227,23,0.0,
FD004,227,24,0.0,
FD004,227,25,0.0,
FD004,227,26,0.0,
FD004,227,27,0.0,
FD004,227,28,0.0,
FD004,227,29,0.0,
FD004,227,30,0.0,
FD004,227,31,0.0,
FD004,227,32,0.0,
FD004,227,33,0.0,
FD004,227,34,0.0,
FD004,227,35,0.0,
FD004,227,36,0.0,
FD004,227,37,0.0,
FD004,227,38,0.0,
FD004,227,39,0.0,
FD004,227,40,0.0,
FD004,227,41,0.0,
FD004,227,42,0.0,
FD004,227,43,0.0,
FD004,227,44,0.0,
FD004,227,45,0.0,
FD004,227,46,0.0,
FD004,227,47,0.0,
FD004,227,48,0.0,
FD004,227,49,0.0,
FD004,227,50,6.7091,
FD004,227,51,6.8506,
FD004,227,52,6.6819,
FD004,227,53,5.5967,
FD004,227,54,6.313,
FD004,227,55,6.595,
FD004,227,56,6.3307,
FD004,227,57,8.4599,
FD004,227,58,6.0716,
FD004,227,59,6.5358,
FD004,227,60,8.8588,
FD004,227,61,6.0054,
FD004,227,62,7.9567,
FD004,228,1,0.0,
FD004,228,2,0.0,
FD004,228,3,0.0,
FD004,228,4,0.0,
FD004,228,5,0.0,
FD004,228,6,0.0,
FD004,228,7,0.0,
FD004,228,8,0.0,
FD004,228,9,0.0,
FD004,228,10,0.0,
FD004,228,11,0.0,
FD004,228,12,0.0,
FD004,228,13,0.0,
FD004,228,14,0.0,
FD004,228,15,0.0,
FD004,228,16,0.0,
FD004,228,17,0.0,
FD004,228,18,0.0,
FD004,228,19,0.0,
FD004,228,20,0.0,
FD004,228,21,0.0,
FD004,228,22,0.0,
FD004,228,23,0.0,
FD004,228,24,0.0,
FD004,228,25,0.0,
FD004,228,26,0.0,
FD004,228,27,0.0,
FD004,228,28,0.0,
FD004,228,29,0.0,
FD004,228,30,0.0,
FD004,228,31,0.0,
FD004,228,32,0.0,
FD004,228,33,0.0,
FD004,228,34,0.0,
FD004,228,35,0.0,
FD004,228,36,0.0,
FD004,228,37,0.0,
FD004,228,38,0.0,
FD004,228,39,0.0,
FD004,228,40,0.0,
FD004,228,41,0.0,
FD004,228,42,0.0,
FD004,228,43,0.0,
FD004,228,44,0.0,
FD004,228,45,0.0,
FD004,228,46,0.0,
FD004,228,47,0.0,
FD004,228,48,0.0,
FD004,228,49,0.0,
FD004,228,50,5.6773,
FD004,228,51,5.4747,
FD004,228,52,4.6868,
FD004,228,53,6.3066,
FD004,228,54,7.3817,
FD004,228,55,7.1838,
FD004,228,56,6.91,
FD004,228,57,6.3161,
FD004,228,58,6.3332,
FD004,228,59,6.5648,
FD004,228,60,6.9381,
FD004,228,61,7.9135,
FD004,228,62,6.3661,
FD004,228,63,5.9728,
FD004,228,64,6.5963,
FD004,228,65,5.7337,
FD004,228,66,11.1731,
FD004,228,67,12.1532,
FD004,228,68,12.1392,
FD004,228,69,11.6728,
FD004,228,70,10.4176,
FD004,228,71,10.2995,
FD004,228,72,10.5192,
FD004,228,73,10.0196,
FD004,228,74,10.7035,
FD004,228,75,10.4365,
FD004,228,76,9.0106,
FD004,228,77,9.1585,
FD004,228,78,8.6522,
FD004,228,79,8.2586,
FD004,228,80,6.8884,
FD004,228,81,10.245,
FD004,228,82,8.883,
FD004,228,83,8.6097,
FD004,228,84,8.0094,
FD004,228,85,8.4253,
FD004,228,86,8.8903,
FD004,228,87,8.8705,
FD004,228,88,11.7883,
FD004,228,89,11.1356,
FD004,228,90,11.9496,
FD004,228,91,11.6238,
FD004,228,92,11.8792,
FD004,228,93,11.7832,
FD004,228,94,11.6428,
FD004,228,95,10.2453,
FD004,228,96,10.8317,
FD004,228,97,10.1621,
FD004,228,98,8.9405,
FD004,228,99,9.5467,
FD004,228,100,8.1258,
FD004,228,101,7.0676,
FD004,228,102,9.3069,
FD004,228,103,8.4828,
FD004,228,104,7.1239,
FD004,228,105,7.6778,
FD004,228,106,5.675,
FD004,228,107,5.7204,
FD004,228,108,6.2661,
FD004,228,109,5.9669,
FD004,228,110,5.2558,
FD004,228,111,5.256,
FD004,228,112,5.1253,
FD004,228,113,5.5044,
FD004,228,114,6.177,
FD004,228,115,6.0239,
FD004,228,116,8.0644,
FD004,228,117,9.8923,
FD004,228,118,8.8043,
FD004,228,119,9.9729,
FD004,228,120,8.0288,
FD004,228,121,12.8159,
FD004,228,122,14.3842,
FD004,228,123,15.348,
FD004,228,124,16.5637,
FD004,228,125,15.4888,
FD004,228,126,14.7491,
FD004,229,1,0.0,
FD004,229,2,0.0,
FD004,229,3,0.0,
FD004,229,4,0.0,
FD004,229,5,0.0,
FD004,229,6,0.0,
FD004,229,7,0.0,
FD004,229,8,0.0,
FD004,229,9,0.0,
FD004,229,10,0.0,
FD004,229,11,0.0,
FD004,229,12,0.0,
FD004,229,13,0.0,
FD004,229,14,0.0,
FD004,229,15,0.0,
FD004,229,16,0.0,
FD004,229,17,0.0,
FD004,229,18,0.0,
FD004,229,19,0.0,
FD004,229,20,0.0,
FD004,230,1,0.0,
FD004,230,2,0.0,
FD004,230,3,0.0,
FD004,230,4,0.0,
FD004,230,5,0.0,
FD004,230,6,0.0,
FD004,230,7,0.0,
FD004,230,8,0.0,
FD004,230,9,0.0,
FD004,230,10,0.0,
FD004,230,11,0.0,
FD004,230,12,0.0,
FD004,230,13,0.0,
FD004,230,14,0.0,
FD004,230,15,0.0,
FD004,230,16,0.0,
FD004,230,17,0.0,
FD004,230,18,0.0,
FD004,230,19,0.0,
FD004,230,20,0.0,
FD004,230,21,0.0,
FD004,230,22,0.0,
FD004,230,23,0.0,
FD004,230,24,0.0,
FD004,230,25,0.0,
FD004,230,26,0.0,
FD004,230,27,0.0,
FD004,230,28,0.0,
FD004,230,29,0.0,
FD004,230,30,0.0,
FD004,230,31,0.0,
FD004,230,32,0.0,
FD004,230,33,0.0,
FD004,230,34,0.0,
FD004,230,35,0.0,
FD004,230,36,0.0,
FD004,230,37,0.0,
FD004,230,38,0.0,
FD004,230,39,0.0,
FD004,230,40,0.0,
FD004,230,41,0.0,
FD004,230,42,0.0,
FD004,230,43,0.0,
FD004,230,44,0.0,
FD004,230,45,0.0,
FD004,230,46,0.0,
FD004,230,47,0.0,
FD004,230,48,0.0,
FD004,230,49,0.0,
FD004,230,50,6.759,
FD004,230,51,6.3438,
FD004,230,52,6.8873,
FD004,230,53,7.9568,
FD004,230,54,8.7611,
FD004,230,55,7.6276,
FD004,230,56,9.8552,
FD004,230,57,7.925,
FD004,230,58,7.213,
FD004,230,59,6.6938,
FD004,230,60,5.2672,
FD004,230,61,5.7861,
FD004,230,62,6.4125,
FD004,230,63,6.4163,
FD004,230,64,11.0168,
FD004,230,65,8.8003,
FD004,230,66,7.3692,
FD004,230,67,7.204,
FD004,230,68,8.1572,
FD004,230,69,7.3209,
FD004,230,70,6.6083,
FD004,230,71,6.387,
FD004,230,72,10.4365,
FD004,230,73,8.1675,
FD004,230,74,6.3782,
FD004,230,75,9.5947,
FD004,230,76,11.1765,
FD004,230,77,10.4432,
FD004,230,78,10.6362,
FD004,230,79,9.4798,
FD004,230,80,9.8358,
FD004,230,81,9.9972,
FD004,230,82,10.3798,
FD004,230,83,7.0308,
FD004,230,84,8.211,
FD004,230,85,7.8421,
FD004,230,86,9.5038,
FD004,230,87,8.899,
FD004,230,88,10.6808,
FD004,230,89,14.109,
FD004,230,90,9.8495,
FD004,230,91,8.0103,
FD004,230,92,7.138,
FD004,230,93,7.4457,
FD004,230,94,7.9858,
FD004,230,95,8.4977,
FD004,230,96,11.2027,
FD004,230,97,11.8563,
FD004,230,98,13.4184,
FD004,230,99,15.1396,
FD004,230,100,12.9135,
FD004,230,101,12.036,
FD004,230,102,7.478,
FD004,230,103,7.0693,
FD004,230,104,7.0392,
FD004,230,105,6.6085,
FD004,230,106,6.5668,
FD004,230,107,5.2352,
FD004,230,108,5.1231,
FD004,230,109,5.941,
FD004,230,110,4.914,
FD004,230,111,7.2831,
FD004,230,112,4.8971,
FD004,230,113,4.6883,
FD004,230,114,3.8882,
FD004,230,115,4.1375,
FD004,230,116,4.9049,
FD004,230,117,6.1054,
FD004,230,118,7.2143,
FD004,230,119,6.4398,
FD004,230,120,11.6995,
FD004,230,121,15.9939,
FD004,230,122,17.2379,
FD004,230,123,20.7519,
FD004,230,124,15.7173,
FD004,230,125,16.8592,
FD004,230,126,18.7674,
FD004,230,127,21.9922,
FD004,230,128,7.6037,
FD004,230,129,5.8827,
FD004,230,130,6.5985,
FD004,230,131,6.9361,
FD004,230,132,6.1135,
FD004,230,133,5.3423,
FD004,230,134,5.8496,
FD004,230,135,5.2047,
FD004,230,136,5.4291,
FD004,230,137,5.0398,
FD004,230,138,5.5404,
FD004,230,139,6.9268,
FD004,230,140,8.5177,
FD004,230,141,12.7859,
FD004,230,142,10.8948,
FD004,230,143,13.8673,
FD004,230,144,10.0145,
FD004,230,145,8.5937,
FD004,230,146,9.4147,
FD004,230,147,8.668,
FD004,230,148,8.0596,
FD004,230,149,8.9825,
FD004,230,150,9.1691,
FD004,230,151,9.121,
FD004,230,152,8.984,
FD004,230,153,13.4027,
FD004,230,154,9.3418,
FD004,230,155,10.2379,
FD004,230,156,7.5546,
FD004,230,157,14.227,
FD004,231,1,0.0,
FD004,231,2,0.0,
FD004,231,3,0.0,
FD004,231,4,0.0,
FD004,231,5,0.0,
FD004,231,6,0.0,
FD004,231,7,0.0,
FD004,231,8,0.0,
FD004,231,9,0.0,
FD004,231,10,0.0,
FD004,231,11,0.0,
FD004,231,12,0.0,
FD004,231,13,0.0,
FD004,231,14,0.0,
FD004,231,15,0.0,
FD004,231,16,0.0,
FD004,231,17,0.0,
FD004,231,18,0.0,
FD004,231,19,0.0,
FD004,231,20,0.0,
FD004,231,21,0.0,
FD004,231,22,0.0,
FD004,231,23,0.0,
FD004,231,24,0.0,
FD004,231,25,0.0,
FD004,231,26,0.0,
FD004,231,27,0.0,
FD004,231,28,0.0,
FD004,231,29,0.0,
FD004,231,30,0.0,
FD004,231,31,0.0,
FD004,231,32,0.0,
FD004,231,33,0.0,
FD004,231,34,0.0,
FD004,231,35,0.0,
FD004,231,36,0.0,
FD004,231,37,0.0,
FD004,231,38,0.0,
FD004,231,39,0.0,
FD004,231,40,0.0,
FD004,231,41,0.0,
FD004,231,42,0.0,
FD004,231,43,0.0,
FD004,231,44,0.0,
FD004,231,45,0.0,
FD004,231,46,0.0,
FD004,231,47,0.0,
FD004,231,48,0.0,
FD004,231,49,0.0,
FD004,231,50,7.2069,
FD004,231,51,8.8261,
FD004,231,52,8.8137,
FD004,231,53,12.7117,
FD004,231,54,12.2925,
FD004,231,55,12.3838,
FD004,231,56,11.5134,
FD004,231,57,13.153,
FD004,231,58,12.3949,
FD004,231,59,13.0871,
FD004,231,60,13.2884,
FD004,231,61,9.2952,
FD004,231,62,8.8778,
FD004,231,63,8.4408,
FD004,231,64,7.1443,
FD004,231,65,12.1139,
FD004,231,66,13.029,
FD004,231,67,13.9424,
FD004,231,68,8.3134,
FD004,231,69,10.7258,
FD004,231,70,9.3954,
FD004,231,71,10.2488,
FD004,231,72,11.9824,
FD004,231,73,9.1371,
FD004,231,74,8.6309,
FD004,231,75,10.3311,
FD004,231,76,9.5636,
FD004,231,77,9.0105,
FD004,231,78,7.8101,
FD004,231,79,7.1137,
FD004,231,80,8.5632,
FD004,231,81,7.459,
FD004,231,82,7.0816,
FD004,231,83,8.6085,
FD004,231,84,9.7105,
FD004,231,85,7.8535,
FD004,231,86,7.2131,
FD004,231,87,4.8175,
FD004,231,88,5.8228,
FD004,231,89,8.6573,
FD004,231,90,7.8593,
FD004,231,91,9.6532,
FD004,231,92,8.8438,
FD004,231,93,9.3275,
FD004,231,94,8.3892,
FD004,231,95,7.9422,
FD004,231,96,10.2722,
FD004,231,97,7.0337,
FD004,231,98,5.8295,
FD004,231,99,9.7175,
FD004,231,100,7.3907,
FD004,231,101,6.6382,
FD004,231,102,7.1751,
FD004,231,103,7.2917,
FD004,231,104,7.5555,
FD004,231,105,7.7321,
FD004,231,106,7.0677,
FD004,231,107,7.2551,
FD004,231,108,7.3775,
FD004,231,109,5.3638,
FD004,231,110,5.1819,
FD004,231,111,6.2039,
FD004,231,112,6.0128,
FD004,231,113,6.5295,
FD004,231,114,5.2339,
FD004,231,115,5.2546,
FD004,231,116,5.7164,
FD004,231,117,5.9007,
FD004,231,118,6.1612,
FD004,231,119,6.3355,
FD004,231,120,6.2132,
FD004,231,121,6.6979,
FD004,231,122,6.963,
FD004,231,123,6.2469,
FD004,231,124,5.4596,
FD004,231,125,10.9291,
FD004,231,126,9.7301,
FD004,231,127,5.567,
FD004,231,128,7.3493,
FD004,231,129,7.0753,
FD004,231,130,7.1961,
FD004,231,131,7.3892,
FD004,231,132,6.5828,
FD004,231,133,8.4241,
FD004,231,134,9.3019,
FD004,231,135,9.7173,
FD004,231,136,9.8039,
FD004,231,137,8.9482,
FD004,231,138,11.0483,
FD004,231,139,11.1349,
FD004,231,140,10.541,
FD004,231,141,10.0499,
FD004,231,142,10.1083,
FD004,231,143,10.1181,
FD004,231,144,8.3127,
FD004,231,145,9.2764,
FD004,231,146,10.062,
FD004,231,147,7.4483,
FD004,231,148,9.5418,
FD004,231,149,10.0008,
FD004,231,150,7.2078,
FD004,231,151,9.2309,
FD004,231,152,8.7589,
FD004,231,153,7.8496,
FD004,231,154,6.818,
FD004,231,155,6.7663,
FD004,231,156,7.9524,
FD004,231,157,6.32,
FD004,231,158,8.7063,
FD004,231,159,8.2458,
FD004,231,160,6.0685,
FD004,231,161,10.0954,
FD004,231,162,7.9952,
FD004,231,163,7.9938,
FD004,231,164,6.2494,
FD004,231,165,6.8797,
FD004,231,166,7.8007,
FD004,231,167,9.2133,
FD004,231,168,5.8248,
FD004,231,169,5.867,
FD004,231,170,5.7904,
FD004,231,171,7.1007,
FD004,231,172,5.8756,
FD004,231,173,7.1282,
FD004,231,174,5.7535,
FD004,231,175,6.2363,
FD004,231,176,6.0389,
FD004,231,177,7.0784,
FD004,231,178,11.7548,
FD004,231,179,12.4785,
FD004,231,180,13.0039,
FD004,231,181,14.6919,
FD004,231,182,12.6476,
FD004,231,183,11.9302,
FD004,231,184,11.2412,
FD004,231,185,11.6018,
FD004,231,186,12.0653,
FD004,231,187,11.2914,
FD004,231,188,11.916,
FD004,231,189,10.9549,
FD004,231,190,9.8217,
FD004,231,191,9.7619,
FD004,231,192,8.553,
FD004,231,193,8.774,
FD004,231,194,9.4286,
FD004,231,195,9.9652,
FD004,231,196,10.8039,
FD004,231,197,6.9106,
FD004,231,198,7.1366,
FD004,231,199,6.8363,
FD004,231,200,7.5878,
FD004,231,201,7.0767,
FD004,231,202,4.9584,
FD004,231,203,4.837,
FD004,231,204,5.0919,
FD004,231,205,6.0981,
FD004,231,206,7.6708,
FD004,231,207,7.8723,
FD004,231,208,7.9052,
FD004,231,209,8.1742,
FD004,231,210,8.6732,
FD004,231,211,7.0262,
FD004,231,212,7.9699,
FD004,231,213,8.6679,
FD004,231,214,9.8575,
FD004,231,215,9.8566,
FD004,231,216,10.285,
FD004,231,217,10.9537,
FD004,231,218,11.7587,
FD004,231,219,8.8402,
FD004,231,220,8.247,
FD004,231,221,8.3029,
FD004,231,222,7.3523,
FD004,231,223,5.7006,
FD004,231,224,6.4237,
FD004,231,225,5.4098,
FD004,231,226,5.5515,
FD004,231,227,6.2386,
FD004,231,228,5.2325,
FD004,231,229,10.5723,
FD004,231,230,8.8402,
FD004,232,1,0.0,
FD004,232,2,0.0,
FD004,232,3,0.0,
FD004,232,4,0.0,
FD004,232,5,0.0,
FD004,232,6,0.0,
FD004,232,7,0.0,
FD004,232,8,0.0,
FD004,232,9,0.0,
FD004,232,10,0.0,
FD004,232,11,0.0,
FD004,232,12,0.0,
FD004,232,13,0.0,
FD004,232,14,0.0,
FD004,232,15,0.0,
FD004,232,16,0.0,
FD004,232,17,0.0,
FD004,232,18,0.0,
FD004,232,19,0.0,
FD004,232,20,0.0,
FD004,232,21,0.0,
FD004,232,22,0.0,
FD004,232,23,0.0,
FD004,232,24,0.0,
FD004,232,25,0.0,
FD004,232,26,0.0,
FD004,232,27,0.0,
FD004,232,28,0.0,
FD004,232,29,0.0,
FD004,232,30,0.0,
FD004,232,31,0.0,
FD004,232,32,0.0,
FD004,232,33,0.0,
FD004,232,34,0.0,
FD004,232,35,0.0,
FD004,232,36,0.0,
FD004,232,37,0.0,
FD004,232,38,0.0,
FD004,232,39,0.0,
FD004,232,40,0.0,
FD004,232,41,0.0,
FD004,232,42,0.0,
FD004,232,43,0.0,
FD004,232,44,0.0,
FD004,232,45,0.0,
FD004,232,46,0.0,
FD004,232,47,0.0,
FD004,232,48,0.0,
FD004,232,49,0.0,
FD004,232,50,6.5,
FD004,232,51,7.0835,
FD004,232,52,6.1447,
FD004,232,53,8.4819,
FD004,232,54,8.2845,
FD004,232,55,9.6203,
FD004,232,56,7.7896,
FD004,232,57,8.0668,
FD004,232,58,9.3418,
FD004,232,59,7.4176,
FD004,232,60,9.44,
FD004,232,61,7.4702,
FD004,232,62,8.1076,
FD004,232,63,9.5432,
FD004,232,64,11.7645,
FD004,232,65,9.0353,
FD004,232,66,8.8872,
FD004,232,67,9.0801,
FD004,232,68,8.8028,
FD004,232,69,8.9343,
FD004,232,70,8.3089,
FD004,232,71,7.9281,
FD004,232,72,7.2178,
FD004,232,73,7.5465,
FD004,232,74,7.1142,
FD004,232,75,10.2933,
FD004,232,76,11.9755,
FD004,232,77,9.7672,
FD004,232,78,8.0556,
FD004,232,79,8.4586,
FD004,232,80,8.1106,
FD004,232,81,7.7766,
FD004,232,82,7.518,
FD004,232,83,6.1628,
FD004,232,84,6.4993,
FD004,232,85,6.5009,
FD004,232,86,6.8717,
FD004,232,87,8.4844,
FD004,232,88,9.0564,
FD004,232,89,10.0766,
FD004,232,90,6.4217,
FD004,232,91,9.21,
FD004,232,92,10.3004,
FD004,232,93,8.5132,
FD004,232,94,11.2365,
FD004,232,95,12.4693,
FD004,232,96,11.7796,
FD004,232,97,14.6877,
FD004,232,98,17.032,
FD004,232,99,16.0147,
FD004,232,100,12.6831,
FD004,232,101,19.5256,
FD004,232,102,17.9656,
FD004,232,103,16.1433,
FD004,232,104,19.3666,
FD004,232,105,15.2429,
FD004,232,106,11.0034,
FD004,232,107,10.8606,
FD004,232,108,11.9848,
FD004,232,109,10.4891,
FD004,232,110,7.0607,
FD004,232,111,7.6393,
FD004,232,112,9.2785,
FD004,232,113,7.4621,
FD004,232,114,7.0339,
FD004,232,115,6.9977,
FD004,232,116,7.3834,
FD004,232,117,7.8423,
FD004,232,118,8.7656,
FD004,232,119,8.4314,
FD004,232,120,9.1235,
FD004,232,121,17.4147,
FD004,232,122,10.7027,
FD004,232,123,10.6889,
FD004,232,124,11.0504,
FD004,232,125,9.2764,
FD004,232,126,7.0664,
FD004,232,127,7.843,
FD004,232,128,6.9018,
FD004,232,129,7.3005,
FD004,232,130,10.073,
FD004,232,131,10.688,
FD004,232,132,11.593,
FD004,232,133,10.8514,
FD004,232,134,7.861,
FD004,232,135,9.1153,
FD004,232,136,9.3187,
FD004,232,137,9.2795,
FD004,232,138,7.5394,
FD004,232,139,7.1517,
FD004,232,140,7.2552,
FD004,232,141,7.677,
FD004,232,142,6.3514,
FD004,232,143,6.6471,
FD004,232,144,7.4228,
FD004,232,145,7.8119,
FD004,232,146,8.8784,
FD004,232,147,10.7922,
FD004,232,148,11.5107,
FD004,232,149,12.2688,
FD004,232,150,8.5119,
FD004,232,151,9.5957,
FD004,232,152,10.2441,
FD004,232,153,10.96,
FD004,232,154,12.6782,
FD004,232,155,11.2932,
FD004,232,156,11.3647,
FD004,232,157,9.6333,
FD004,232,158,10.6921,
FD004,232,159,8.0353,
FD004,232,160,9.9082,
FD004,232,161,9.528,
FD004,232,162,7.5853,
FD004,232,163,8.1673,
FD004,232,164,7.6113,
FD004,232,165,6.9438,
FD004,232,166,6.2345,
FD004,232,167,6.3441,
FD004,232,168,6.7207,
FD004,232,169,9.7171,
FD004,232,170,7.7068,
FD004,232,171,10.9525,
FD004,232,172,10.0895,
FD004,232,173,10.2157,
FD004,232,174,11.1351,
FD004,232,175,13.4592,
FD004,232,176,11.7375,
FD004,232,177,11.0026,
FD004,232,178,11.6243,
FD004,232,179,7.8438,
FD004,232,180,7.5073,
FD004,232,181,14.3669,
FD004,232,182,13.1767,
FD004,232,183,17.837,
FD004,232,184,17.3818,
FD004,232,185,11.4685,
FD004,232,186,11.112,
FD004,232,187,11.5878,
FD004,232,188,12.7302,
FD004,232,189,12.8583,
FD004,232,190,10.8625,
FD004,232,191,7.2448,
FD004,232,192,7.1447,
FD004,232,193,8.0426,
FD004,232,194,7.9941,
FD004,232,195,8.3374,
FD004,232,196,8.2961,
FD004,232,197,10.5956,
FD004,232,198,9.7545,
FD004,232,199,9.4144,
FD004,232,200,8.8954,
FD004,232,201,8.4505,
FD004,232,202,7.5275,
FD004,232,203,12.426,
FD004,232,204,9.1287,
FD004,232,205,9.1917,
FD004,232,206,10.2126,
FD004,232,207,10.3866,
FD004,232,208,8.6879,
FD004,232,209,10.0242,
FD004,232,210,13.2795,
FD004,232,211,10.2588,
FD004,232,212,8.625,
FD004,232,213,7.6802,
FD004,232,214,8.097,
FD004,232,215,7.8925,
FD004,232,216,9.4421,
FD004,232,217,7.5067,
FD004,232,218,7.1386,
FD004,232,219,7.2832,
FD004,232,220,6.7184,
FD004,232,221,8.2366,
FD004,232,222,11.168,
FD004,232,223,8.7848,
FD004,232,224,8.8492,
FD004,232,225,7.9658,
FD004,232,226,11.7469,
FD004,232,227,12.0465,
FD004,232,228,11.4331,
FD004,232,229,11.6488,
FD004,232,230,10.4569,
FD004,232,231,10.6372,
FD004,232,232,10.9109,
FD004,232,233,9.7128,
FD004,232,234,11.7121,
FD004,232,235,12.3053,
FD004,232,236,13.5293,
FD004,232,237,11.6703,
FD004,232,238,10.7853,
FD004,232,239,9.5967,
FD004,232,240,9.262,
FD004,232,241,11.0718,
FD004,232,242,10.0706,
FD004,232,243,10.3184,
FD004,232,244,12.6335,
FD004,232,245,10.7555,
FD004,232,246,9.9266,
FD004,232,247,10.3039,
FD004,232,248,9.1675,
FD004,232,249,10.222,
FD004,232,250,10.8549,
FD004,232,251,11.2938,
FD004,232,252,10.9768,
FD004,232,253,11.5699,
FD004,232,254,12.6589,
FD004,232,255,12.3151,
FD004,232,256,11.5294,
FD004,232,257,10.1393,
FD004,232,258,9.9356,
FD004,232,259,8.6786,
FD004,232,260,6.5084,
FD004,232,261,6.8119,
FD004,232,262,6.2343,
FD004,232,263,7.2896,
FD004,232,264,9.3357,
FD004,232,265,10.51,
FD004,232,266,9.9662,
FD004,232,267,10.8864,
FD004,232,268,9.7791,
FD004,232,269,8.9128,
FD004,232,270,9.4041,
FD004,232,271,8.0438,
FD004,232,272,11.1843,
FD004,232,273,10.5458,
FD004,232,274,9.2453,
FD004,232,275,9.4561,
FD004,232,276,10.0258,
FD004,232,277,8.8774,
FD004,232,278,7.7411,
FD004,232,279,9.7347,
FD004,232,280,7.5363,
FD004,232,281,8.3536,
FD004,232,282,8.2351,
FD004,232,283,8.3853,
FD004,232,284,7.4296,
FD004,232,285,11.0,
FD004,232,286,8.3288,
FD004,232,287,8.1753,
FD004,232,288,8.1994,
FD004,232,289,6.9948,
FD004,232,290,8.3043,
FD004,232,291,9.7532,
FD004,232,292,7.1782,
FD004,232,293,7.5789,
FD004,232,294,9.1262,
FD004,232,295,9.5557,
FD004,232,296,12.2252,
FD004,232,297,11.2218,
FD004,232,298,13.5009,
FD004,232,299,14.3997,
FD004,232,300,13.8889,
FD004,232,301,10.4148,
FD004,232,302,10.7906,
FD004,232,303,11.3151,
FD004,232,304,11.4247,
FD004,232,305,11.1145,
FD004,232,306,9.8567,
FD004,232,307,10.0062,
FD004,232,308,10.1634,
FD004,232,309,12.2721,
FD004,232,310,12.0535,
FD004,232,311,15.644,
FD004,232,312,15.5168,
FD004,232,313,12.0909,
FD004,232,314,6.6851,
FD004,232,315,8.9086,
FD004,232,316,7.4771,
FD004,232,317,8.9575,
FD004,232,318,7.7068,
FD004,232,319,10.2973,
FD004,232,320,9.85,
FD004,232,321,10.0924,
FD004,232,322,11.0662,
FD004,232,323,10.2832,
FD004,232,324,9.6169,
FD004,232,325,9.9105,
FD004,232,326,13.8428,
FD004,232,327,11.2178,
FD004,232,328,19.3727,
FD004,232,329,22.8322,
FD004,232,330,13.0931,
FD004,232,331,14.4138,
FD004,232,332,8.1591,
FD004,232,333,6.951,
FD004,232,334,6.1294,
FD004,232,335,6.2701,
FD004,232,336,7.9646,
FD004,232,337,9.2864,
FD004,232,338,8.2341,
FD004,232,339,9.4646,
FD004,232,340,7.0479,
FD004,232,341,8.1339,
FD004,232,342,9.0064,
FD004,232,343,8.9087,
FD004,232,344,10.5831,
FD004,232,345,8.9634,
FD004,232,346,9.1373,
FD004,232,347,11.9845,
FD004,232,348,12.5241,
FD004,232,349,14.2978,
FD004,232,350,13.1177,
FD004,232,351,11.2216,
FD004,232,352,14.0764,
FD004,232,353,14.2805,
FD004,232,354,12.003,
FD004,232,355,11.8767,
FD004,232,356,8.5566,
FD004,232,357,8.1266,
FD004,232,358,8.13,
FD004,232,359,7.3984,
FD004,232,360,8.5631,
FD004,232,361,9.9868,
FD004,232,362,11.1535,
FD004,232,363,11.3593,
FD004,232,364,8.8178,
FD004,232,365,9.3609,
FD004,232,366,11.1455,
FD004,232,367,12.7861,
FD004,232,368,12.4798,
FD004,232,369,12.9084,
FD004,232,370,11.4805,
FD004,233,1,0.0,
FD004,233,2,0.0,
FD004,233,3,0.0,
FD004,233,4,0.0,
FD004,233,5,0.0,
FD004,233,6,0.0,
FD004,233,7,0.0,
FD004,233,8,0.0,
FD004,233,9,0.0,
FD004,233,10,0.0,
FD004,233,11,0.0,
FD004,233,12,0.0,
FD004,233,13,0.0,
FD004,233,14,0.0,
FD004,233,15,0.0,
FD004,233,16,0.0,
FD004,233,17,0.0,
FD004,233,18,0.0,
FD004,233,19,0.0,
FD004,233,20,0.0,
FD004,233,21,0.0,
FD004,233,22,0.0,
FD004,233,23,0.0,
FD004,233,24,0.0,
FD004,233,25,0.0,
FD004,233,26,0.0,
FD004,233,27,0.0,
FD004,233,28,0.0,
FD004,233,29,0.0,
FD004,233,30,0.0,
FD004,233,31,0.0,
FD004,233,32,0.0,
FD004,233,33,0.0,
FD004,233,34,0.0,
FD004,233,35,0.0,
FD004,233,36,0.0,
FD004,233,37,0.0,
FD004,233,38,0.0,
FD004,233,39,0.0,
FD004,233,40,0.0,
FD004,233,41,0.0,
FD004,233,42,0.0,
FD004,233,43,0.0,
FD004,233,44,0.0,
FD004,233,45,0.0,
FD004,233,46,0.0,
FD004,233,47,0.0,
FD004,233,48,0.0,
FD004,233,49,0.0,
FD004,233,50,7.5029,
FD004,233,51,6.8671,
FD004,233,52,7.2166,
FD004,233,53,7.3534,
FD004,233,54,7.6308,
FD004,233,55,7.8439,
FD004,233,56,7.6308,
FD004,233,57,7.0603,
FD004,233,58,7.5263,
FD004,233,59,8.199,
FD004,233,60,9.5366,
FD004,233,61,12.2925,
FD004,233,62,17.3831,
FD004,233,63,15.926,
FD004,233,64,10.5594,
FD004,233,65,10.5235,
FD004,233,66,10.8818,
FD004,233,67,10.7771,
FD004,233,68,12.0767,
FD004,233,69,8.7609,
FD004,233,70,10.9926,
FD004,233,71,10.102,
FD004,233,72,11.5399,
FD004,233,73,11.1042,
FD004,233,74,10.2914,
FD004,233,75,9.7069,
FD004,233,76,14.0388,
FD004,233,77,10.0416,
FD004,233,78,9.372,
FD004,233,79,7.9616,
FD004,233,80,6.5382,
FD004,233,81,6.4419,
FD004,233,82,8.6466,
FD004,233,83,6.603,
FD004,233,84,6.8128,
FD004,233,85,7.0863,
FD004,233,86,7.6694,
FD004,233,87,7.4892,
FD004,233,88,6.8059,
FD004,233,89,6.3793,
FD004,233,90,6.1815,
FD004,233,91,6.8277,
FD004,233,92,8.5614,
FD004,233,93,10.656,
FD004,233,94,9.7743,
FD004,233,95,13.0434,
FD004,233,96,14.617,
FD004,233,97,14.0553,
FD004,233,98,16.4413,
FD004,233,99,16.6286,
FD004,233,100,17.3523,
FD004,233,101,17.4494,
FD004,233,102,17.9106,
FD004,233,103,16.4266,
FD004,233,104,12.7627,
FD004,233,105,13.8867,
FD004,233,106,14.7123,
FD004,233,107,12.5566,
FD004,233,108,13.1943,
FD004,233,109,13.533,
FD004,233,110,12.4078,
FD004,233,111,8.2394,
FD004,234,1,0.0,
FD004,234,2,0.0,
FD004,234,3,0.0,
FD004,234,4,0.0,
FD004,234,5,0.0,
FD004,234,6,0.0,
FD004,234,7,0.0,
FD004,234,8,0.0,
FD004,234,9,0.0,
FD004,234,10,0.0,
FD004,234,11,0.0,
FD004,234,12,0.0,
FD004,234,13,0.0,
FD004,234,14,0.0,
FD004,234,15,0.0,
FD004,234,16,0.0,
FD004,234,17,0.0,
FD004,234,18,0.0,
FD004,234,19,0.0,
FD004,234,20,0.0,
FD004,234,21,0.0,
FD004,234,22,0.0,
FD004,234,23,0.0,
FD004,234,24,0.0,
FD004,234,25,0.0,
FD004,234,26,0.0,
FD004,234,27,0.0,
FD004,234,28,0.0,
FD004,234,29,0.0,
FD004,234,30,0.0,
FD004,234,31,0.0,
FD004,234,32,0.0,
FD004,234,33,0.0,
FD004,234,34,0.0,
FD004,234,35,0.0,
FD004,234,36,0.0,
FD004,234,37,0.0,
FD004,234,38,0.0,
FD004,234,39,0.0,
FD004,234,40,0.0,
FD004,234,41,0.0,
FD004,234,42,0.0,
FD004,234,43,0.0,
FD004,234,44,0.0,
FD004,234,45,0.0,
FD004,234,46,0.0,
FD004,234,47,0.0,
FD004,234,48,0.0,
FD004,234,49,0.0,
FD004,234,50,10.1104,
FD004,234,51,9.5244,
FD004,234,52,11.2279,
FD004,234,53,10.8793,
FD004,234,54,10.3674,
FD004,234,55,9.6546,
FD004,234,56,8.7226,
FD004,234,57,8.1454,
FD004,234,58,8.024,
FD004,234,59,8.4188,
FD004,234,60,7.8583,
FD004,234,61,7.2266,
FD004,234,62,8.1547,
FD004,234,63,8.4217,
FD004,234,64,8.4752,
FD004,234,65,8.1106,
FD004,234,66,7.0555,
FD004,234,67,7.1076,
FD004,234,68,8.9718,
FD004,234,69,8.835,
FD004,234,70,9.8272,
FD004,234,71,8.6953,
FD004,234,72,12.1645,
FD004,234,73,20.4539,
FD004,234,74,14.1336,
FD004,234,75,13.1382,
FD004,234,76,11.7953,
FD004,234,77,8.2331,
FD004,234,78,7.2631,
FD004,234,79,7.4063,
FD004,234,80,8.8954,
FD004,234,81,9.7973,
FD004,234,82,7.6696,
FD004,234,83,7.5975,
FD004,234,84,6.9811,
FD004,234,85,6.1653,
FD004,234,86,8.3315,
FD004,234,87,6.6583,
FD004,234,88,6.7138,
FD004,234,89,7.9618,
FD004,234,90,8.3283,
FD004,234,91,7.6124,
FD004,234,92,9.3172,
FD004,234,93,10.3862,
FD004,234,94,9.6905,
FD004,234,95,8.4497,
FD004,234,96,8.9434,
FD004,234,97,8.5349,
FD004,234,98,9.0215,
FD004,234,99,8.9221,
FD004,234,100,7.7819,
FD004,234,101,9.3374,
FD004,234,102,8.7426,
FD004,234,103,10.8868,
FD004,234,104,10.9426,
FD004,234,105,12.1827,
FD004,234,106,9.229,
FD004,234,107,8.1923,
FD004,234,108,9.0973,
FD004,234,109,9.714,
FD004,234,110,9.7951,
FD004,234,111,8.8225,
FD004,234,112,8.8461,
FD004,234,113,9.1596,
FD004,234,114,9.2956,
FD004,234,115,8.2694,
FD004,234,116,8.4346,
FD004,234,117,8.0961,
FD004,234,118,7.9696,
FD004,234,119,9.1275,
FD004,234,120,11.4563,
FD004,234,121,9.4092,
FD004,234,122,10.6273,
FD004,234,123,11.3354,
FD004,234,124,13.142,
FD004,234,125,8.0495,
FD004,234,126,8.485,
FD004,234,127,7.1595,
FD004,234,128,7.3765,
FD004,234,129,8.0132,
FD004,234,130,10.2331,
FD004,234,131,8.251,
FD004,234,132,7.4385,
FD004,234,133,8.2619,
FD004,234,134,7.2788,
FD004,234,135,8.5371,
FD004,234,136,7.7043,
FD004,234,137,7.2418,
FD004,234,138,9.7019,
FD004,234,139,7.6736,
FD004,234,140,7.6215,
FD004,234,141,7.424,
FD004,234,142,7.9853,
FD004,234,143,6.4388,
FD004,234,144,5.5297,
FD004,234,145,5.8184,
FD004,234,146,6.8584,
FD004,234,147,7.5159,
FD004,234,148,7.496,
FD004,234,149,7.482,
FD004,234,150,6.6237,
FD004,234,151,6.9742,
FD004,234,152,8.0994,
FD004,234,153,7.6359,
FD004,234,154,7.1784,
FD004,234,155,7.6951,
FD004,234,156,6.2432,
FD004,234,157,6.1816,
FD004,234,158,7.129,
FD004,234,159,9.3441,
FD004,234,160,6.4452,
FD004,234,161,8.2166,
FD004,234,162,6.4604,
FD004,234,163,6.8828,
FD004,234,164,6.6035,
FD004,234,165,9.6481,
FD004,234,166,7.9415,
FD004,234,167,11.5164,
FD004,234,168,10.4,
FD004,234,169,14.4036,
FD004,234,170,10.2425,
FD004,234,171,9.2919,
FD004,234,172,8.9212,
FD004,234,173,8.7253,
FD004,234,174,10.21,
FD004,234,175,11.5549,
FD004,234,176,12.2298,
FD004,234,177,12.4874,
FD004,234,178,12.0164,
FD004,234,179,14.3886,
FD004,235,1,0.0,
FD004,235,2,0.0,
FD004,235,3,0.0,
FD004,235,4,0.0,
FD004,235,5,0.0,
FD004,235,6,0.0,
FD004,235,7,0.0,
FD004,235,8,0.0,
FD004,235,9,0.0,
FD004,235,10,0.0,
FD004,235,11,0.0,
FD004,235,12,0.0,
FD004,235,13,0.0,
FD004,235,14,0.0,
FD004,235,15,0.0,
FD004,235,16,0.0,
FD004,235,17,0.0,
FD004,235,18,0.0,
FD004,235,19,0.0,
FD004,235,20,0.0,
FD004,235,21,0.0,
FD004,235,22,0.0,
FD004,235,23,0.0,
FD004,235,24,0.0,
FD004,235,25,0.0,
FD004,235,26,0.0,
FD004,235,27,0.0,
FD004,235,28,0.0,
FD004,235,29,0.0,
FD004,235,30,0.0,
FD004,235,31,0.0,
FD004,235,32,0.0,
FD004,235,33,0.0,
FD004,235,34,0.0,
FD004,235,35,0.0,
FD004,235,36,0.0,
FD004,235,37,0.0,
FD004,235,38,0.0,
FD004,235,39,0.0,
FD004,235,40,0.0,
FD004,235,41,0.0,
FD004,235,42,0.0,
FD004,235,43,0.0,
FD004,235,44,0.0,
FD004,235,45,0.0,
FD004,235,46,0.0,
FD004,235,47,0.0,
FD004,235,48,0.0,
FD004,235,49,0.0,
FD004,235,50,5.4784,
FD004,235,51,10.9916,
FD004,235,52,5.407,
FD004,235,53,8.3003,
FD004,235,54,7.2457,
FD004,235,55,9.5425,
FD004,235,56,9.1514,
FD004,235,57,9.8549,
FD004,235,58,8.5615,
FD004,235,59,8.8137,
FD004,235,60,8.2523,
FD004,235,61,8.0516,
FD004,235,62,8.0927,
FD004,235,63,7.9864,
FD004,235,64,6.7483,
FD004,235,65,9.463,
FD004,235,66,10.0621,
FD004,235,67,18.0961,
FD004,235,68,16.9178,
FD004,235,69,17.2826,
FD004,235,70,14.0683,
FD004,235,71,8.9545,
FD004,235,72,9.2133,
FD004,235,73,7.9829,
FD004,235,74,8.9892,
FD004,235,75,5.7885,
FD004,235,76,8.3914,
FD004,235,77,12.0151,
FD004,235,78,8.2998,
FD004,235,79,6.2501,
FD004,235,80,7.6502,
FD004,235,81,8.2391,
FD004,235,82,7.0353,
FD004,235,83,7.8226,
FD004,235,84,7.8215,
FD004,235,85,8.2599,
FD004,235,86,7.8595,
FD004,235,87,8.9138,
FD004,235,88,7.4311,
FD004,235,89,7.0814,
FD004,235,90,7.232,
FD004,235,91,7.7873,
FD004,235,92,11.8326,
FD004,235,93,11.3833,
FD004,235,94,9.2194,
FD004,235,95,7.5798,
FD004,235,96,8.6696,
FD004,235,97,8.6542,
FD004,235,98,9.1801,
FD004,235,99,7.5073,
FD004,235,100,8.4345,
FD004,235,101,6.8875,
FD004,235,102,6.9232,
FD004,235,103,8.2706,
FD004,235,104,5.5675,
FD004,235,105,8.7621,
FD004,235,106,8.7852,
FD004,235,107,8.8587,
FD004,235,108,10.0278,
FD004,235,109,10.4341,
FD004,235,110,8.1197,
FD004,235,111,9.7725,
FD004,235,112,10.3237,
FD004,235,113,6.0257,
FD004,235,114,7.3994,
FD004,235,115,5.7726,
FD004,235,116,8.9962,
FD004,235,117,12.3633,
FD004,235,118,10.4437,
FD004,235,119,8.8705,
FD004,235,120,7.8534,
FD004,235,121,6.7636,
FD004,235,122,8.0451,
FD004,235,123,6.4233,
FD004,235,124,5.9009,
FD004,235,125,7.1677,
FD004,235,126,6.9468,
FD004,235,127,6.9307,
FD004,235,128,6.9919,
FD004,235,129,8.6894,
FD004,235,130,11.9148,
FD004,235,131,11.7103,
FD004,235,132,12.2245,
FD004,235,133,11.1003,
FD004,235,134,13.2774,
FD004,235,135,13.1846,
FD004,235,136,11.8024,
FD004,235,137,11.1124,
FD004,235,138,11.7787,
FD004,235,139,9.0167,
FD004,235,140,8.9945,
FD004,235,141,7.987,
FD004,235,142,7.3666,
FD004,235,143,9.3979,
FD004,235,144,7.657,
FD004,235,145,8.8929,
FD004,235,146,8.5241,
FD004,235,147,6.2766,
FD004,235,148,6.362,
FD004,235,149,6.723,
FD004,235,150,7.0848,
FD004,235,151,8.367,
FD004,235,152,8.4955,
FD004,235,153,7.2457,
FD004,235,154,6.6299,
FD004,235,155,9.6789,
FD004,235,156,7.9773,
FD004,235,157,6.146,
FD004,235,158,6.2311,
FD004,235,159,5.5816,
FD004,235,160,6.3182,
FD004,235,161,6.5959,
FD004,235,162,7.6447,
FD004,235,163,7.2396,
FD004,235,164,6.4845,
FD004,235,165,6.552,
FD004,235,166,8.4741,
FD004,235,167,9.9653,
FD004,235,168,10.8039,
FD004,235,169,10.7286,
FD004,235,170,7.8236,
FD004,235,171,10.4193,
FD004,235,172,9.7174,
FD004,235,173,9.852,
FD004,235,174,9.8928,
FD004,235,175,8.8376,
FD004,235,176,10.3,
FD004,235,177,8.5076,
FD004,235,178,8.5348,
FD004,235,179,7.4911,
FD004,235,180,7.795,
FD004,235,181,7.987,
FD004,235,182,9.769,
FD004,235,183,8.2407,
FD004,235,184,18.116,
FD004,235,185,9.2992,
FD004,235,186,9.3994,
FD004,235,187,11.49,
FD004,235,188,10.1514,
FD004,235,189,11.6664,
FD004,235,190,11.0966,
FD004,235,191,9.7092,
FD004,235,192,9.7585,
FD004,235,193,9.3661,
FD004,235,194,8.9983,
FD004,235,195,9.0848,
FD004,235,196,8.2061,
FD004,235,197,9.3633,
FD004,235,198,8.0397,
FD004,235,199,8.1804,
FD004,235,200,13.9467,
FD004,235,201,10.7822,
FD004,235,202,7.7777,
FD004,235,203,6.6113,
FD004,235,204,7.4306,
FD004,235,205,7.6879,
FD004,235,206,7.2388,
FD004,235,207,8.5068,
FD004,235,208,9.8844,
FD004,235,209,8.6736,
FD004,235,210,9.2401,
FD004,235,211,10.1275,
FD004,235,212,12.6894,
FD004,235,213,8.4626,
FD004,235,214,10.0259,
FD004,235,215,9.852,
FD004,235,216,8.5896,
FD004,235,217,9.5324,
FD004,235,218,11.4009,
FD004,235,219,10.626,
FD004,235,220,9.6337,
FD004,235,221,10.4345,
FD004,235,222,10.59,
FD004,235,223,8.1545,
FD004,235,224,6.0713,
FD004,235,225,8.6645,
FD004,235,226,7.4331,
FD004,235,227,7.2746,
FD004,235,228,8.8248,
FD004,235,229,11.1695,
FD004,235,230,7.4235,
FD004,235,231,7.0008,
FD004,235,232,8.1539,
FD004,235,233,7.469,
FD004,235,234,7.2713,
FD004,235,235,6.2556,
FD004,235,236,6.4112,
FD004,235,237,6.7588,
FD004,235,238,7.2401,
FD004,235,239,5.7365,
FD004,235,240,5.9959,
FD004,235,241,6.6521,
FD004,235,242,4.6269,
FD004,235,243,8.9783,
FD004,235,244,6.9454,
FD004,235,245,7.331,
FD004,235,246,6.8788,
FD004,235,247,5.9032,
FD004,235,248,6.5433,
FD004,235,249,6.6142,
FD004,235,250,5.0415,
FD004,235,251,4.5611,
FD004,235,252,5.238,
FD004,235,253,5.087,
FD004,235,254,4.9909,
FD004,235,255,13.1647,
FD004,235,256,6.5429,
FD004,235,257,7.8088,
FD004,235,258,7.6608,
FD004,235,259,5.7598,
FD004,235,260,5.1717,
FD004,235,261,5.2548,
FD004,235,262,5.9042,
FD004,235,263,6.8609,
FD004,235,264,7.4776,
FD004,235,265,7.7679,
FD004,235,266,7.4942,
FD004,235,267,7.5658,
FD004,235,268,7.5687,
FD004,235,269,7.1152,
FD004,235,270,7.2864,
FD004,235,271,8.3398,
FD004,235,272,8.0094,
FD004,235,273,7.877,
FD004,235,274,7.1814,
FD004,235,275,9.0256,
FD004,235,276,7.6902,
FD004,235,277,7.2985,
FD004,235,278,7.2529,
FD004,235,279,6.5536,
FD004,235,280,6.0842,
FD004,235,281,7.31,
FD004,235,282,8.9645,
FD004,235,283,11.038,
FD004,235,284,8.7238,
FD004,235,285,7.8421,
FD004,235,286,8.425,
FD004,235,287,7.8085,
FD004,235,288,7.6573,
FD004,235,289,7.5574,
FD004,235,290,7.2245,
FD004,235,291,9.2003,
FD004,235,292,8.4972,
FD004,235,293,7.5692,
FD004,235,294,8.1072,
FD004,235,295,8.3995,
FD004,235,296,9.8218,
FD004,235,297,7.5448,
FD004,235,298,7.9208,
FD004,235,299,7.1283,
FD004,235,300,5.7923,
FD004,235,301,7.258,
FD004,235,302,5.5056,
FD004,235,303,5.1775,
FD004,235,304,5.3215,
FD004,235,305,5.2395,
FD004,235,306,5.7085,
FD004,235,307,7.6296,
FD004,235,308,8.9767,
FD004,235,309,11.3174,
FD004,235,310,7.0734,
FD004,235,311,7.6635,
FD004,235,312,5.2858,
FD004,235,313,4.5851,
FD004,235,314,4.6133,
FD004,235,315,5.1295,
FD004,235,316,6.4892,
FD004,235,317,5.8532,
FD004,235,318,6.0504,
FD004,235,319,6.7853,
FD004,235,320,4.5804,
FD004,235,321,8.8871,
FD004,235,322,7.1148,
FD004,235,323,7.5172,
FD004,235,324,8.5367,
FD004,235,325,7.781,
FD004,235,326,5.1147,
FD004,235,327,8.4172,
FD004,235,328,10.7995,
FD004,235,329,8.7041,
FD004,235,330,8.2946,
FD004,235,331,11.2121,
FD004,235,332,10.8059,
FD004,235,333,24.9521,
FD004,235,334,33.3949,
FD004,235,335,34.138,
FD004,235,336,13.369,
FD004,235,337,10.843,
FD004,235,338,11.7888,
FD004,235,339,11.4832,
FD004,235,340,9.36,
FD004,235,341,10.3643,
FD004,235,342,10.8734,
FD004,235,343,9.6819,
FD004,235,344,9.9159,
FD004,235,345,10.7189,
FD004,235,346,6.6892,
FD004,235,347,6.6355,
FD004,235,348,7.5743,
FD004,235,349,8.244,
FD004,235,350,9.4109,
FD004,235,351,13.6554,
FD004,235,352,11.1506,
FD004,235,353,10.2626,
FD004,235,354,11.1306,
FD004,235,355,8.9886,
FD004,235,356,8.0336,
FD004,235,357,6.3295,
FD004,235,358,7.7035,
FD004,235,359,7.8325,
FD004,235,360,8.1691,
FD004,235,361,7.6081,
FD004,235,362,5.4441,
FD004,236,1,0.0,
FD004,236,2,0.0,
FD004,236,3,0.0,
FD004,236,4,0.0,
FD004,236,5,0.0,
FD004,236,6,0.0,
FD004,236,7,0.0,
FD004,236,8,0.0,
FD004,236,9,0.0,
FD004,236,10,0.0,
FD004,236,11,0.0,
FD004,236,12,0.0,
FD004,236,13,0.0,
FD004,236,14,0.0,
FD004,236,15,0.0,
FD004,236,16,0.0,
FD004,236,17,0.0,
FD004,236,18,0.0,
FD004,236,19,0.0,
FD004,236,20,0.0,
FD004,236,21,0.0,
FD004,236,22,0.0,
FD004,236,23,0.0,
FD004,236,24,0.0,
FD004,236,25,0.0,
FD004,236,26,0.0,
FD004,236,27,0.0,
FD004,236,28,0.0,
FD004,236,29,0.0,
FD004,236,30,0.0,
FD004,236,31,0.0,
FD004,236,32,0.0,
FD004,236,33,0.0,
FD004,236,34,0.0,
FD004,236,35,0.0,
FD004,236,36,0.0,
FD004,236,37,0.0,
FD004,236,38,0.0,
FD004,236,39,0.0,
FD004,236,40,0.0,
FD004,236,41,0.0,
FD004,236,42,0.0,
FD004,236,43,0.0,
FD004,236,44,0.0,
FD004,236,45,0.0,
FD004,236,46,0.0,
FD004,236,47,0.0,
FD004,236,48,0.0,
FD004,236,49,0.0,
FD004,236,50,8.6973,
FD004,236,51,6.7984,
FD004,236,52,8.2908,
FD004,236,53,7.297,
FD004,236,54,7.1144,
FD004,236,55,7.2808,
FD004,236,56,9.8758,
FD004,236,57,7.3276,
FD004,236,58,7.606,
FD004,236,59,7.4307,
FD004,236,60,7.0546,
FD004,236,61,6.816,
FD004,236,62,7.9731,
FD004,236,63,7.7028,
FD004,236,64,7.8732,
FD004,236,65,8.8885,
FD004,236,66,8.7223,
FD004,236,67,7.9151,
FD004,236,68,7.627,
FD004,236,69,6.2364,
FD004,236,70,7.6938,
FD004,236,71,6.9412,
FD004,236,72,7.1133,
FD004,236,73,7.8862,
FD004,236,74,9.659,
FD004,236,75,9.4895,
FD004,236,76,9.9728,
FD004,236,77,14.5054,
FD004,236,78,13.306,
FD004,236,79,12.2969,
FD004,236,80,12.1456,
FD004,236,81,12.7099,
FD004,236,82,17.9813,
FD004,236,83,12.5668,
FD004,236,84,13.0763,
FD004,236,85,10.3282,
FD004,236,86,7.6557,
FD004,236,87,9.0716,
FD004,236,88,8.4312,
FD004,236,89,7.2678,
FD004,236,90,7.5496,
FD004,236,91,7.9582,
FD004,236,92,7.918,
FD004,236,93,7.5511,
FD004,236,94,9.3372,
FD004,236,95,9.0335,
FD004,236,96,8.5936,
FD004,236,97,8.6252,
FD004,236,98,8.9281,
FD004,236,99,10.3303,
FD004,236,100,11.9231,
FD004,236,101,7.801,
FD004,236,102,7.0207,
FD004,236,103,9.9005,
FD004,236,104,7.6152,
FD004,236,105,8.5593,
FD004,236,106,8.8002,
FD004,236,107,6.7907,
FD004,236,108,8.6795,
FD004,236,109,8.3161,
FD004,236,110,8.9837,
FD004,236,111,8.0328,
FD004,236,112,11.2443,
FD004,236,113,12.2344,
FD004,236,114,10.9053,
FD004,236,115,10.7391,
FD004,236,116,9.733,
FD004,236,117,7.068,
FD004,236,118,8.8019,
FD004,236,119,9.1995,
FD004,236,120,10.0675,
FD004,236,121,10.0574,
FD004,236,122,11.0112,
FD004,236,123,9.0425,
FD004,236,124,8.7928,
FD004,236,125,7.9671,
FD004,236,126,9.8965,
FD004,236,127,10.0479,
FD004,236,128,9.9398,
FD004,236,129,8.3934,
FD004,236,130,6.6768,
FD004,236,131,5.2803,
FD004,236,132,5.3221,
FD004,236,133,5.7127,
FD004,236,134,7.6888,
FD004,236,135,6.9775,
FD004,236,136,8.0106,
FD004,236,137,9.4884,
FD004,236,138,8.9224,
FD004,236,139,7.6089,
FD004,236,140,6.9595,
FD004,236,141,6.6237,
FD004,236,142,8.0882,
FD004,236,143,7.9044,
FD004,236,144,6.4795,
FD004,236,145,8.5067,
FD004,236,146,8.5318,
FD004,236,147,10.0497,
FD004,236,148,10.3562,
FD004,236,149,13.8641,
FD004,236,150,13.8652,
FD004,236,151,11.3935,
FD004,236,152,13.4751,
FD004,236,153,14.601,
FD004,236,154,15.2116,
FD004,236,155,16.7961,
FD004,236,156,10.6757,
FD004,236,157,15.7237,
FD004,236,158,14.4601,
FD004,236,159,14.7446,
FD004,236,160,16.0562,
FD004,236,161,17.8478,
FD004,236,162,20.2803,
FD004,236,163,17.6687,
FD004,236,164,17.9802,
FD004,236,165,17.1338,
FD004,236,166,14.5204,
FD004,236,167,12.4672,
FD004,236,168,8.7781,
FD004,236,169,10.8521,
FD004,236,170,9.8817,
FD004,236,171,9.5435,
FD004,236,172,9.9862,
FD004,236,173,11.096,
FD004,236,174,10.0059,
FD004,236,175,10.5827,
FD004,236,176,7.8831,
FD004,237,1,0.0,
FD004,237,2,0.0,
FD004,237,3,0.0,
FD004,237,4,0.0,
FD004,237,5,0.0,
FD004,237,6,0.0,
FD004,237,7,0.0,
FD004,237,8,0.0,
FD004,237,9,0.0,
FD004,237,10,0.0,
FD004,237,11,0.0,
FD004,237,12,0.0,
FD004,237,13,0.0,
FD004,237,14,0.0,
FD004,237,15,0.0,
FD004,237,16,0.0,
FD004,237,17,0.0,
FD004,237,18,0.0,
FD004,237,19,0.0,
FD004,237,20,0.0,
FD004,237,21,0.0,
FD004,237,22,0.0,
FD004,237,23,0.0,
FD004,237,24,0.0,
FD004,237,25,0.0,
FD004,237,26,0.0,
FD004,237,27,0.0,
FD004,237,28,0.0,
FD004,237,29,0.0,
FD004,237,30,0.0,
FD004,237,31,0.0,
FD004,237,32,0.0,
FD004,237,33,0.0,
FD004,237,34,0.0,
FD004,237,35,0.0,
FD004,237,36,0.0,
FD004,237,37,0.0,
FD004,237,38,0.0,
FD004,237,39,0.0,
FD004,237,40,0.0,
FD004,237,41,0.0,
FD004,237,42,0.0,
FD004,237,43,0.0,
FD004,237,44,0.0,
FD004,237,45,0.0,
FD004,237,46,0.0,
FD004,237,47,0.0,
FD004,237,48,0.0,
FD004,237,49,0.0,
FD004,237,50,3.4864,
FD004,237,51,5.53,
FD004,237,52,6.4554,
FD004,237,53,5.3367,
FD004,237,54,5.7732,
FD004,237,55,5.2019,
FD004,237,56,6.3207,
FD004,237,57,7.4027,
FD004,237,58,7.8793,
FD004,237,59,10.1025,
FD004,237,60,7.6748,
FD004,237,61,10.1127,
FD004,237,62,8.7132,
FD004,237,63,8.1304,
FD004,237,64,8.331,
FD004,237,65,8.9644,
FD004,237,66,7.5482,
FD004,237,67,14.6463,
FD004,237,68,16.5957,
FD004,237,69,15.2773,
FD004,237,70,12.1025,
FD004,237,71,12.4023,
FD004,237,72,10.6999,
FD004,237,73,12.8435,
FD004,237,74,13.9025,
FD004,237,75,9.5973,
FD004,237,76,10.0656,
FD004,237,77,10.3786,
FD004,237,78,9.7707,
FD004,237,79,9.9667,
FD004,237,80,9.7723,
FD004,237,81,10.5905,
FD004,237,82,8.0408,
FD004,237,83,8.8553,
FD004,237,84,8.6345,
FD004,237,85,5.8993,
FD004,237,86,7.5583,
FD004,237,87,7.0905,
FD004,237,88,7.6574,
FD004,237,89,8.8191,
FD004,237,90,9.0251,
FD004,237,91,9.8021,
FD004,237,92,9.6788,
FD004,237,93,7.9117,
FD004,237,94,7.1267,
FD004,237,95,5.8412,
FD004,237,96,4.9155,
FD004,237,97,6.2212,
FD004,237,98,7.4586,
FD004,237,99,6.1794,
FD004,237,100,7.3482,
FD004,237,101,6.9681,
FD004,237,102,7.3199,
FD004,237,103,8.7121,
FD004,237,104,9.8305,
FD004,237,105,8.9946,
FD004,237,106,7.5204,
FD004,237,107,8.1034,
FD004,237,108,7.498,
FD004,237,109,7.6499,
FD004,237,110,8.1647,
FD004,237,111,7.4076,
FD004,237,112,7.089,
FD004,237,113,8.1582,
FD004,237,114,7.5395,
FD004,237,115,8.5867,
FD004,237,116,7.9883,
FD004,237,117,8.3407,
FD004,237,118,8.8169,
FD004,237,119,9.3247,
FD004,237,120,13.7204,
FD004,237,121,11.5198,
FD004,237,122,11.1641,
FD004,237,123,8.3097,
FD004,237,124,9.0338,
FD004,237,125,8.4926,
FD004,237,126,7.7725,
FD004,237,127,8.1408,
FD004,237,128,8.7811,
FD004,237,129,7.7248,
FD004,237,130,9.7943,
FD004,237,131,11.163,
FD004,237,132,15.2312,
FD004,237,133,14.6255,
FD004,237,134,14.7775,
FD004,237,135,12.3377,
FD004,237,136,10.1664,
FD004,237,137,9.9273,
FD004,237,138,7.8854,
FD004,237,139,8.3509,
FD004,237,140,8.721,
FD004,237,141,9.6759,
FD004,237,142,8.2629,
FD004,237,143,7.5266,
FD004,237,144,7.2472,
FD004,237,145,6.4407,
FD004,237,146,7.8405,
FD004,237,147,7.8811,
FD004,237,148,7.3825,
FD004,237,149,10.0623,
FD004,237,150,8.5974,
FD004,237,151,8.7259,
FD004,237,152,11.5589,
FD004,237,153,12.774,
FD004,237,154,17.7402,
FD004,237,155,21.1879,
FD004,237,156,20.5694,
FD004,237,157,18.4181,
FD004,237,158,21.9821,
FD004,237,159,14.5855,
FD004,237,160,10.456,
FD004,237,161,13.7806,
FD004,237,162,14.2815,
FD004,237,163,13.4199,
FD004,237,164,13.6699,
FD004,237,165,13.9604,
FD004,237,166,10.9009,
FD004,237,167,11.783,
FD004,237,168,13.3701,
FD004,237,169,12.1585,
FD004,237,170,11.5673,
FD004,237,171,16.662,
FD004,237,172,17.4387,
FD004,237,173,16.1851,
FD004,237,174,15.1748,
FD004,237,175,14.1088,
FD004,237,176,11.099,
FD004,237,177,16.7062,
FD004,237,178,14.6649,
FD004,237,179,15.2804,
FD004,237,180,15.6464,
FD004,237,181,9.6923,
FD004,237,182,11.1201,
FD004,237,183,8.8791,
FD004,237,184,8.3127,
FD004,237,185,8.4656,
FD004,237,186,8.0473,
FD004,237,187,6.7777,
FD004,237,188,7.8162,
FD004,237,189,10.2391,
FD004,237,190,9.0891,
FD004,237,191,7.4567,
FD004,237,192,11.3691,
FD004,237,193,13.6702,
FD004,237,194,12.7984,
FD004,237,195,12.4793,
FD004,237,196,11.995,
FD004,237,197,10.4405,
FD004,237,198,11.5182,
FD004,237,199,14.3058,
FD004,237,200,12.0718,
FD004,237,201,12.2001,
FD004,237,202,12.1171,
FD004,237,203,13.0587,
FD004,237,204,13.6578,
FD004,237,205,11.9006,
FD004,237,206,15.3278,
FD004,237,207,16.3609,
FD004,237,208,14.174,
FD004,237,209,13.1521,
FD004,237,210,15.2574,
FD004,237,211,15.0106,
FD004,237,212,16.4115,
FD004,237,213,16.6425,
FD004,237,214,15.2799,
FD004,237,215,13.4435,
FD004,237,216,12.6564,
FD004,237,217,13.9589,
FD004,237,218,8.7619,
FD004,237,219,10.8834,
FD004,237,220,10.1617,
FD004,237,221,9.589,
FD004,238,1,0.0,
FD004,238,2,0.0,
FD004,238,3,0.0,
FD004,238,4,0.0,
FD004,238,5,0.0,
FD004,238,6,0.0,
FD004,238,7,0.0,
FD004,238,8,0.0,
FD004,238,9,0.0,
FD004,238,10,0.0,
FD004,238,11,0.0,
FD004,238,12,0.0,
FD004,238,13,0.0,
FD004,238,14,0.0,
FD004,238,15,0.0,
FD004,238,16,0.0,
FD004,238,17,0.0,
FD004,238,18,0.0,
FD004,238,19,0.0,
FD004,238,20,0.0,
FD004,238,21,0.0,
FD004,238,22,0.0,
FD004,238,23,0.0,
FD004,238,24,0.0,
FD004,238,25,0.0,
FD004,238,26,0.0,
FD004,238,27,0.0,
FD004,238,28,0.0,
FD004,238,29,0.0,
FD004,238,30,0.0,
FD004,238,31,0.0,
FD004,238,32,0.0,
FD004,238,33,0.0,
FD004,238,34,0.0,
FD004,238,35,0.0,
FD004,238,36,0.0,
FD004,238,37,0.0,
FD004,238,38,0.0,
FD004,238,39,0.0,
FD004,238,40,0.0,
FD004,238,41,0.0,
FD004,238,42,0.0,
FD004,238,43,0.0,
FD004,238,44,0.0,
FD004,238,45,0.0,
FD004,238,46,0.0,
FD004,238,47,0.0,
FD004,238,48,0.0,
FD004,238,49,0.0,
FD004,238,50,11.4871,
FD004,238,51,17.4528,
FD004,238,52,10.9929,
FD004,238,53,8.6329,
FD004,238,54,7.3767,
FD004,238,55,5.7118,
FD004,238,56,5.3013,
FD004,238,57,6.5426,
FD004,238,58,6.6109,
FD004,238,59,7.238,
FD004,238,60,8.536,
FD004,238,61,8.8432,
FD004,238,62,11.5775,
FD004,238,63,10.6409,
FD004,238,64,8.8028,
FD004,238,65,7.2827,
FD004,238,66,8.0927,
FD004,238,67,10.1675,
FD004,238,68,9.1179,
FD004,238,69,9.3576,
FD004,238,70,9.0136,
FD004,238,71,7.8086,
FD004,238,72,7.2736,
FD004,238,73,9.1781,
FD004,238,74,8.4658,
FD004,238,75,8.1303,
FD004,238,76,8.7635,
FD004,238,77,7.6271,
FD004,238,78,7.6819,
FD004,238,79,7.8211,
FD004,238,80,7.7424,
FD004,238,81,7.97,
FD004,238,82,8.2434,
FD004,238,83,7.494,
FD004,238,84,7.4643,
FD004,238,85,7.5089,
FD004,238,86,7.4956,
FD004,238,87,7.0927,
FD004,238,88,10.3241,
FD004,238,89,12.1838,
FD004,238,90,8.0163,
FD004,238,91,9.9678,
FD004,238,92,9.5573,
FD004,238,93,8.4657,
FD004,238,94,9.6138,
FD004,238,95,10.5849,
FD004,238,96,10.9434,
FD004,238,97,12.6283,
FD004,238,98,11.8278,
FD004,238,99,9.8205,
FD004,238,100,10.6849,
FD004,238,101,9.743,
FD004,238,102,9.8066,
FD004,238,103,8.787,
FD004,238,104,7.7337,
FD004,238,105,9.0119,
FD004,238,106,7.9766,
FD004,238,107,7.5949,
FD004,238,108,8.1653,
FD004,238,109,10.3871,
FD004,238,110,6.1843,
FD004,238,111,5.9602,
FD004,238,112,7.0481,
FD004,238,113,8.7991,
FD004,238,114,9.3882,
FD004,238,115,9.6504,
FD004,238,116,9.5357,
FD004,238,117,9.9278,
FD004,238,118,15.4131,
FD004,238,119,14.7586,
FD004,238,120,13.4729,
FD004,238,121,15.2496,
FD004,238,122,15.5343,
FD004,238,123,16.4836,
FD004,238,124,17.6549,
FD004,238,125,14.6334,
FD004,238,126,14.4798,
FD004,238,127,14.2102,
FD004,238,128,14.7881,
FD004,238,129,14.2229,
FD004,238,130,13.3666,
FD004,238,131,12.6931,
FD004,238,132,9.4494,
FD004,238,133,8.3825,
FD004,238,134,5.5085,
FD004,238,135,7.8275,
FD004,238,136,10.5124,
FD004,238,137,6.7545,
FD004,238,138,8.4336,
FD004,238,139,9.4148,
FD004,238,140,8.1203,
FD004,238,141,6.6319,
FD004,238,142,5.2383,
FD004,238,143,7.5617,
FD004,238,144,7.0698,
FD004,238,145,8.1567,
FD004,238,146,8.3317,
FD004,238,147,9.8271,
FD004,238,148,10.1814,
FD004,238,149,12.515,
FD004,238,150,11.3248,
FD004,238,151,11.3732,
FD004,238,152,11.4031,
FD004,238,153,9.7188,
FD004,238,154,12.0732,
FD004,238,155,7.6072,
FD004,238,156,8.8932,
FD004,238,157,11.3728,
FD004,238,158,12.9713,
FD004,238,159,9.1056,
FD004,238,160,8.9834,
FD004,238,161,8.0501,
FD004,238,162,7.712,
FD004,238,163,6.477,
FD004,238,164,6.6402,
FD004,238,165,8.1217,
FD004,238,166,8.677,
FD004,238,167,7.7462,
FD004,238,168,6.786,
FD004,238,169,6.9289,
FD004,238,170,7.021,
FD004,238,171,7.6798,
FD004,238,172,7.6396,
FD004,238,173,10.1263,
FD004,238,174,10.2049,
FD004,238,175,13.1991,
FD004,238,176,15.3025,
FD004,238,177,11.5242,
FD004,239,1,0.0,
FD004,239,2,0.0,
FD004,239,3,0.0,
FD004,239,4,0.0,
FD004,239,5,0.0,
FD004,239,6,0.0,
FD004,239,7,0.0,
FD004,239,8,0.0,
FD004,239,9,0.0,
FD004,239,10,0.0,
FD004,239,11,0.0,
FD004,239,12,0.0,
FD004,239,13,0.0,
FD004,239,14,0.0,
FD004,239,15,0.0,
FD004,239,16,0.0,
FD004,239,17,0.0,
FD004,239,18,0.0,
FD004,239,19,0.0,
FD004,239,20,0.0,
FD004,239,21,0.0,
FD004,239,22,0.0,
FD004,239,23,0.0,
FD004,239,24,0.0,
FD004,239,25,0.0,
FD004,239,26,0.0,
FD004,239,27,0.0,
FD004,239,28,0.0,
FD004,240,1,0.0,
FD004,240,2,0.0,
FD004,240,3,0.0,
FD004,240,4,0.0,
FD004,240,5,0.0,
FD004,240,6,0.0,
FD004,240,7,0.0,
FD004,240,8,0.0,
FD004,240,9,0.0,
FD004,240,10,0.0,
FD004,240,11,0.0,
FD004,240,12,0.0,
FD004,240,13,0.0,
FD004,240,14,0.0,
FD004,240,15,0.0,
FD004,240,16,0.0,
FD004,240,17,0.0,
FD004,240,18,0.0,
FD004,240,19,0.0,
FD004,240,20,0.0,
FD004,240,21,0.0,
FD004,240,22,0.0,
FD004,240,23,0.0,
FD004,240,24,0.0,
FD004,240,25,0.0,
FD004,240,26,0.0,
FD004,240,27,0.0,
FD004,240,28,0.0,
FD004,240,29,0.0,
FD004,240,30,0.0,
FD004,240,31,0.0,
FD004,240,32,0.0,
FD004,240,33,0.0,
FD004,240,34,0.0,
FD004,240,35,0.0,
FD004,240,36,0.0,
FD004,240,37,0.0,
FD004,240,38,0.0,
FD004,240,39,0.0,
FD004,240,40,0.0,
FD004,240,41,0.0,
FD004,240,42,0.0,
FD004,240,43,0.0,
FD004,240,44,0.0,
FD004,240,45,0.0,
FD004,240,46,0.0,
FD004,240,47,0.0,
FD004,240,48,0.0,
FD004,240,49,0.0,
FD004,240,50,6.6815,
FD004,240,51,8.4055,
FD004,240,52,8.5264,
FD004,240,53,9.4101,
FD004,240,54,8.103,
FD004,240,55,6.23,
FD004,240,56,7.7954,
FD004,240,57,7.1717,
FD004,240,58,5.7696,
FD004,240,59,5.8137,
FD004,240,60,9.0473,
FD004,240,61,7.7893,
FD004,240,62,8.6068,
FD004,240,63,6.3175,
FD004,240,64,7.0276,
FD004,240,65,8.4586,
FD004,240,66,9.3958,
FD004,240,67,8.6841,
FD004,240,68,8.6917,
FD004,240,69,9.181,
FD004,240,70,7.6139,
FD004,240,71,6.2949,
FD004,240,72,6.5161,
FD004,240,73,6.8652,
FD004,240,74,7.2496,
FD004,240,75,9.3624,
FD004,240,76,6.8481,
FD004,240,77,8.4861,
FD004,240,78,8.1702,
FD004,240,79,8.5068,
FD004,240,80,9.9602,
FD004,240,81,9.8623,
FD004,240,82,11.2448,
FD004,240,83,10.9101,
FD004,240,84,10.9869,
FD004,240,85,10.6119,
FD004,240,86,11.0646,
FD004,240,87,10.9445,
FD004,240,88,10.7703,
FD004,240,89,9.2681,
FD004,240,90,11.1501,
FD004,240,91,9.6919,
FD004,240,92,10.1547,
FD004,240,93,11.7808,
FD004,240,94,8.4412,
FD004,240,95,8.2867,
FD004,240,96,7.8805,
FD004,240,97,7.6644,
FD004,240,98,6.5099,
FD004,240,99,6.1989,
FD004,240,100,6.6715,
FD004,240,101,6.5561,
FD004,240,102,6.8894,
FD004,240,103,7.2165,
FD004,240,104,7.5901,
FD004,240,105,15.1125,
FD004,240,106,14.6893,
FD004,240,107,12.2767,
FD004,240,108,12.5001,
FD004,240,109,12.2148,
FD004,240,110,12.3687,
FD004,240,111,10.4375,
FD004,240,112,8.2316,
FD004,240,113,8.4551,
FD004,240,114,7.6337,
FD004,240,115,8.3368,
FD004,240,116,8.535,
FD004,240,117,8.9998,
FD004,240,118,8.2704,
FD004,240,119,8.7911,
FD004,240,120,8.751,
FD004,240,121,8.734,
FD004,240,122,9.2627,
FD004,240,123,9.53,
FD004,240,124,7.8177,
FD004,240,125,8.5628,
FD004,240,126,8.849,
FD004,240,127,9.8499,
FD004,240,128,8.9046,
FD004,240,129,11.5026,
FD004,240,130,8.4667,
FD004,240,131,8.8114,
FD004,240,132,7.0374,
FD004,240,133,7.194,
FD004,240,134,9.1948,
FD004,240,135,8.9825,
FD004,240,136,9.1911,
FD004,240,137,10.2196,
FD004,240,138,9.1677,
FD004,240,139,7.8607,
FD004,240,140,8.811,
FD004,240,141,7.8395,
FD004,240,142,7.8527,
FD004,240,143,7.663,
FD004,240,144,7.6464,
FD004,240,145,9.1592,
FD004,240,146,9.0555,
FD004,240,147,10.3116,
FD004,240,148,8.7781,
FD004,240,149,8.4078,
FD004,240,150,8.4273,
FD004,240,151,8.5531,
FD004,240,152,9.6783,
FD004,240,153,7.9301,
FD004,240,154,11.1645,
FD004,240,155,10.1769,
FD004,240,156,8.5917,
FD004,240,157,9.1011,
FD004,240,158,9.0891,
FD004,240,159,9.0519,
FD004,240,160,8.9144,
FD004,240,161,8.8202,
FD004,240,162,8.9353,
FD004,240,163,9.9914,
FD004,240,164,8.8095,
FD004,240,165,9.6211,
FD004,240,166,7.6935,
FD004,240,167,8.8479,
FD004,240,168,6.3958,
FD004,240,169,5.5629,
FD004,240,170,5.47,
FD004,240,171,7.1705,
FD004,240,172,6.473,
FD004,240,173,7.2397,
FD004,240,174,6.8819,
FD004,240,175,6.6156,
FD004,240,176,7.2792,
FD004,240,177,6.4826,
FD004,240,178,7.9569,
FD004,240,179,8.195,
FD004,240,180,9.0548,
FD004,240,181,7.6514,
FD004,240,182,7.7101,
FD004,240,183,11.5359,
FD004,240,184,10.0122,
FD004,240,185,8.9598,
FD004,240,186,10.1021,
FD004,240,187,14.8923,
FD004,240,188,12.3911,
FD004,240,189,13.5216,
FD004,240,190,10.448,
FD004,240,191,10.6298,
FD004,240,192,8.7724,
FD004,240,193,11.9348,
FD004,240,194,10.7404,
FD004,240,195,12.3447,
FD004,240,196,11.459,
FD004,240,197,15.5532,
FD004,240,198,12.9481,
FD004,240,199,8.8938,
FD004,240,200,8.0142,
FD004,240,201,8.9671,
FD004,240,202,10.7211,
FD004,240,203,14.2911,
FD004,240,204,10.7287,
FD004,241,1,0.0,
FD004,241,2,0.0,
FD004,241,3,0.0,
FD004,241,4,0.0,
FD004,241,5,0.0,
FD004,241,6,0.0,
FD004,241,7,0.0,
FD004,241,8,0.0,
FD004,241,9,0.0,
FD004,241,10,0.0,
FD004,241,11,0.0,
FD004,241,12,0.0,
FD004,241,13,0.0,
FD004,241,14,0.0,
FD004,241,15,0.0,
FD004,241,16,0.0,
FD004,241,17,0.0,
FD004,241,18,0.0,
FD004,241,19,0.0,
FD004,241,20,0.0,
FD004,241,21,0.0,
FD004,241,22,0.0,
FD004,241,23,0.0,
FD004,241,24,0.0,
FD004,241,25,0.0,
FD004,241,26,0.0,
FD004,241,27,0.0,
FD004,241,28,0.0,
FD004,241,29,0.0,
FD004,241,30,0.0,
FD004,241,31,0.0,
FD004,241,32,0.0,
FD004,241,33,0.0,
FD004,241,34,0.0,
FD004,241,35,0.0,
FD004,241,36,0.0,
FD004,241,37,0.0,
FD004,241,38,0.0,
FD004,241,39,0.0,
FD004,241,40,0.0,
FD004,241,41,0.0,
FD004,241,42,0.0,
FD004,242,1,0.0,
FD004,242,2,0.0,
FD004,242,3,0.0,
FD004,242,4,0.0,
FD004,242,5,0.0,
FD004,242,6,0.0,
FD004,242,7,0.0,
FD004,242,8,0.0,
FD004,242,9,0.0,
FD004,242,10,0.0,
FD004,242,11,0.0,
FD004,242,12,0.0,
FD004,242,13,0.0,
FD004,242,14,0.0,
FD004,242,15,0.0,
FD004,242,16,0.0,
FD004,242,17,0.0,
FD004,242,18,0.0,
FD004,242,19,0.0,
FD004,242,20,0.0,
FD004,242,21,0.0,
FD004,242,22,0.0,
FD004,242,23,0.0,
FD004,242,24,0.0,
FD004,242,25,0.0,
FD004,242,26,0.0,
FD004,242,27,0.0,
FD004,242,28,0.0,
FD004,242,29,0.0,
FD004,242,30,0.0,
FD004,242,31,0.0,
FD004,242,32,0.0,
FD004,242,33,0.0,
FD004,242,34,0.0,
FD004,242,35,0.0,
FD004,242,36,0.0,
FD004,242,37,0.0,
FD004,242,38,0.0,
FD004,242,39,0.0,
FD004,242,40,0.0,
FD004,242,41,0.0,
FD004,242,42,0.0,
FD004,242,43,0.0,
FD004,242,44,0.0,
FD004,242,45,0.0,
FD004,242,46,0.0,
FD004,242,47,0.0,
FD004,242,48,0.0,
FD004,242,49,0.0,
FD004,242,50,8.8739,
FD004,242,51,7.3469,
FD004,242,52,9.0245,
FD004,242,53,8.0421,
FD004,242,54,7.8157,
FD004,242,55,7.1556,
FD004,242,56,6.876,
FD004,242,57,6.3194,
FD004,242,58,6.0472,
FD004,242,59,7.4392,
FD004,242,60,6.7316,
FD004,242,61,6.7377,
FD004,242,62,6.6109,
FD004,242,63,6.9091,
FD004,242,64,6.0282,
FD004,242,65,6.2557,
FD004,242,66,4.8826,
FD004,242,67,6.1708,
FD004,242,68,6.5611,
FD004,242,69,6.6019,
FD004,242,70,5.8221,
FD004,242,71,4.8386,
FD004,242,72,7.8263,
FD004,242,73,8.2499,
FD004,242,74,9.5171,
FD004,242,75,7.3003,
FD004,242,76,7.6052,
FD004,242,77,7.9266,
FD004,242,78,7.2163,
FD004,242,79,7.2425,
FD004,242,80,7.7052,
FD004,242,81,10.0217,
FD004,242,82,9.9629,
FD004,242,83,9.8525,
FD004,242,84,12.3793,
FD004,242,85,18.5692,
FD004,242,86,15.5931,
FD004,242,87,15.4021,
FD004,242,88,14.3665,
FD004,242,89,11.8792,
FD004,242,90,7.6793,
FD004,242,91,7.4168,
FD004,242,92,7.5675,
FD004,242,93,8.4306,
FD004,242,94,6.8415,
FD004,242,95,6.197,
FD004,242,96,8.9367,
FD004,242,97,8.5647,
FD004,242,98,9.2668,
FD004,242,99,9.7869,
FD004,242,100,9.5043,
FD004,242,101,7.9202,
FD004,242,102,5.9801,
FD004,242,103,5.5156,
FD004,242,104,6.0732,
FD004,242,105,5.8279,
FD004,242,106,6.4993,
FD004,242,107,6.3749,
FD004,242,108,6.0798,
FD004,242,109,6.8114,
FD004,242,110,5.6541,
FD004,242,111,9.8373,
FD004,242,112,9.2069,
FD004,243,1,0.0,
FD004,243,2,0.0,
FD004,243,3,0.0,
FD004,243,4,0.0,
FD004,243,5,0.0,
FD004,243,6,0.0,
FD004,243,7,0.0,
FD004,243,8,0.0,
FD004,243,9,0.0,
FD004,243,10,0.0,
FD004,243,11,0.0,
FD004,243,12,0.0,
FD004,243,13,0.0,
FD004,243,14,0.0,
FD004,243,15,0.0,
FD004,243,16,0.0,
FD004,243,17,0.0,
FD004,243,18,0.0,
FD004,243,19,0.0,
FD004,243,20,0.0,
FD004,243,21,0.0,
FD004,243,22,0.0,
FD004,243,23,0.0,
FD004,243,24,0.0,
FD004,243,25,0.0,
FD004,243,26,0.0,
FD004,243,27,0.0,
FD004,243,28,0.0,
FD004,243,29,0.0,
FD004,243,30,0.0,
FD004,243,31,0.0,
FD004,243,32,0.0,
FD004,243,33,0.0,
FD004,243,34,0.0,
FD004,243,35,0.0,
FD004,243,36,0.0,
FD004,243,37,0.0,
FD004,243,38,0.0,
FD004,243,39,0.0,
FD004,243,40,0.0,
FD004,243,41,0.0,
FD004,243,42,0.0,
FD004,243,43,0.0,
FD004,243,44,0.0,
FD004,243,45,0.0,
FD004,243,46,0.0,
FD004,243,47,0.0,
FD004,243,48,0.0,
FD004,243,49,0.0,
FD004,243,50,5.7757,
FD004,243,51,3.6755,
FD004,243,52,4.0795,
FD004,243,53,4.8252,
FD004,243,54,7.3304,
FD004,243,55,7.4507,
FD004,243,56,6.6907,
FD004,243,57,11.6781,
FD004,243,58,15.05,
FD004,243,59,16.5016,
FD004,243,60,13.3276,
FD004,243,61,15.0014,
FD004,243,62,9.4849,
FD004,243,63,9.0385,
FD004,243,64,10.7882,
FD004,243,65,9.2272,
FD004,243,66,8.662,
FD004,243,67,12.4416,
FD004,243,68,11.1784,
FD004,243,69,9.3282,
FD004,243,70,11.7933,
FD004,243,71,10.1977,
FD004,243,72,10.7805,
FD004,243,73,10.6346,
FD004,243,74,10.7456,
FD004,243,75,12.8433,
FD004,243,76,10.4755,
FD004,243,77,10.0423,
FD004,243,78,11.9223,
FD004,243,79,8.8193,
FD004,243,80,9.0535,
FD004,243,81,11.661,
FD004,243,82,18.8966,
FD004,243,83,9.1498,
FD004,243,84,8.8448,
FD004,243,85,8.4938,
FD004,243,86,8.1042,
FD004,243,87,8.1015,
FD004,243,88,7.3958,
FD004,243,89,7.488,
FD004,243,90,7.3576,
FD004,243,91,7.817,
FD004,243,92,7.3686,
FD004,243,93,7.3918,
FD004,243,94,10.2731,
FD004,243,95,11.0904,
FD004,243,96,12.1677,
FD004,243,97,15.5657,
FD004,243,98,16.8973,
FD004,243,99,19.9964,
FD004,243,100,21.5117,
FD004,243,101,9.1172,
FD004,243,102,8.7481,
FD004,243,103,9.9772,
FD004,243,104,10.0937,
FD004,243,105,9.7304,
FD004,243,106,9.0164,
FD004,243,107,9.831,
FD004,243,108,9.0658,
FD004,243,109,7.6143,
FD004,243,110,6.8467,
FD004,243,111,7.039,
FD004,243,112,6.7946,
FD004,243,113,11.5281,
FD004,243,114,10.7186,
FD004,243,115,7.3447,
FD004,243,116,7.1185,
FD004,243,117,6.959,
FD004,243,118,8.8052,
FD004,243,119,5.8352,
FD004,243,120,5.9354,
FD004,243,121,8.189,
FD004,243,122,6.755,
FD004,243,123,6.9759,
FD004,243,124,7.8667,
FD004,243,125,7.4662,
FD004,243,126,8.4234,
FD004,243,127,6.9807,
FD004,243,128,9.381,
FD004,243,129,7.1666,
FD004,243,130,10.5979,
FD004,243,131,10.3766,
FD004,243,132,9.6401,
FD004,243,133,13.2841,
FD004,243,134,14.0601,
FD004,243,135,8.6131,
FD004,243,136,10.8216,
FD004,243,137,11.9526,
FD004,243,138,10.8332,
FD004,243,139,13.4876,
FD004,243,140,13.0482,
FD004,243,141,10.6918,
FD004,243,142,7.6517,
FD004,243,143,7.7433,
FD004,243,144,6.9471,
FD004,243,145,7.1071,
FD004,243,146,7.0135,
FD004,243,147,8.874,
FD004,243,148,5.5831,
FD004,243,149,7.4115,
FD004,243,150,7.1964,
FD004,243,151,6.7688,
FD004,243,152,7.6085,
FD004,243,153,8.6027,
FD004,243,154,10.5261,
FD004,243,155,10.548,
FD004,243,156,12.8868,
FD004,243,157,8.9405,
FD004,243,158,9.0681,
FD004,243,159,8.8018,
FD004,243,160,10.1406,
FD004,243,161,9.0826,
FD004,243,162,6.329,
FD004,243,163,6.9091,
FD004,243,164,6.8359,
FD004,243,165,6.752,
FD004,243,166,7.0295,
FD004,243,167,6.9535,
FD004,243,168,7.5542,
FD004,243,169,7.3032,
FD004,243,170,6.912,
FD004,243,171,7.6722,
FD004,243,172,8.7862,
FD004,243,173,11.2466,
FD004,243,174,11.37,
FD004,243,175,10.0709,
FD004,243,176,9.4033,
FD004,243,177,9.7412,
FD004,243,178,9.9006,
FD004,243,179,8.9127,
FD004,243,180,8.4214,
FD004,243,181,8.396,
FD004,243,182,8.4669,
FD004,243,183,8.5341,
FD004,243,184,8.8396,
FD004,243,185,9.9318,
FD004,243,186,10.1689,
FD004,243,187,10.2517,
FD004,243,188,9.1851,
FD004,243,189,8.074,
FD004,243,190,12.5476,
FD004,243,191,11.213,
FD004,243,192,16.3729,
FD004,243,193,13.0743,
FD004,243,194,13.6437,
FD004,243,195,13.133,
FD004,243,196,13.2237,
FD004,243,197,15.2172,
FD004,243,198,14.0599,
FD004,243,199,14.6493,
FD004,244,1,0.0,
FD004,244,2,0.0,
FD004,244,3,0.0,
FD004,244,4,0.0,
FD004,244,5,0.0,
FD004,244,6,0.0,
FD004,244,7,0.0,
FD004,244,8,0.0,
FD004,244,9,0.0,
FD004,244,10,0.0,
FD004,244,11,0.0,
FD004,244,12,0.0,
FD004,244,13,0.0,
FD004,244,14,0.0,
FD004,244,15,0.0,
FD004,244,16,0.0,
FD004,244,17,0.0,
FD004,244,18,0.0,
FD004,244,19,0.0,
FD004,244,20,0.0,
FD004,244,21,0.0,
FD004,244,22,0.0,
FD004,244,23,0.0,
FD004,244,24,0.0,
FD004,244,25,0.0,
FD004,244,26,0.0,
FD004,244,27,0.0,
FD004,244,28,0.0,
FD004,244,29,0.0,
FD004,244,30,0.0,
FD004,244,31,0.0,
FD004,244,32,0.0,
FD004,244,33,0.0,
FD004,244,34,0.0,
FD004,244,35,0.0,
FD004,244,36,0.0,
FD004,244,37,0.0,
FD004,244,38,0.0,
FD004,244,39,0.0,
FD004,244,40,0.0,
FD004,244,41,0.0,
FD004,244,42,0.0,
FD004,244,43,0.0,
FD004,244,44,0.0,
FD004,244,45,0.0,
FD004,244,46,0.0,
FD004,244,47,0.0,
FD004,244,48,0.0,
FD004,244,49,0.0,
FD004,244,50,10.383,
FD004,244,51,7.6059,
FD004,244,52,7.7631,
FD004,244,53,7.3147,
FD004,244,54,8.1617,
FD004,244,55,7.123,
FD004,244,56,6.0447,
FD004,244,57,6.9579,
FD004,244,58,6.67,
FD004,244,59,7.5446,
FD004,244,60,8.3581,
FD004,244,61,8.6616,
FD004,244,62,9.4895,
FD004,244,63,6.7883,
FD004,244,64,5.92,
FD004,244,65,8.2366,
FD004,244,66,10.1827,
FD004,244,67,10.5525,
FD004,244,68,11.4355,
FD004,244,69,8.44,
FD004,244,70,7.5771,
FD004,244,71,9.6323,
FD004,244,72,9.611,
FD004,244,73,9.2779,
FD004,244,74,10.6588,
FD004,244,75,10.0136,
FD004,244,76,10.3313,
FD004,244,77,11.7635,
FD004,244,78,10.1208,
FD004,244,79,8.4837,
FD004,244,80,9.4407,
FD004,244,81,8.8991,
FD004,244,82,7.4878,
FD004,244,83,7.6784,
FD004,244,84,8.8676,
FD004,244,85,7.6672,
FD004,244,86,6.3764,
FD004,244,87,7.0323,
FD004,244,88,5.7813,
FD004,244,89,6.1394,
FD004,244,90,8.7793,
FD004,244,91,11.7903,
FD004,244,92,13.5472,
FD004,244,93,12.6187,
FD004,244,94,7.2646,
FD004,244,95,7.8732,
FD004,244,96,6.5031,
FD004,244,97,7.0649,
FD004,244,98,6.8333,
FD004,244,99,6.6529,
FD004,244,100,6.3415,
FD004,244,101,5.4673,
FD004,244,102,6.2528,
FD004,244,103,6.3178,
FD004,244,104,7.1264,
FD004,244,105,7.4192,
FD004,244,106,7.1845,
FD004,244,107,7.3165,
FD004,244,108,8.53,
FD004,244,109,6.0689,
FD004,244,110,6.7187,
FD004,244,111,12.5482,
FD004,244,112,13.8129,
FD004,244,113,9.4646,
FD004,244,114,9.0769,
FD004,244,115,11.4268,
FD004,244,116,9.8564,
FD004,244,117,8.8086,
FD004,244,118,7.7515,
FD004,244,119,6.6762,
FD004,244,120,8.1618,
FD004,244,121,10.222,
FD004,244,122,11.6551,
FD004,244,123,10.1711,
FD004,244,124,10.9609,
FD004,244,125,8.2647,
FD004,244,126,6.977,
FD004,244,127,6.137,
FD004,244,128,8.3121,
FD004,244,129,4.8366,
FD004,244,130,5.9506,
FD004,244,131,5.9511,
FD004,244,132,5.4676,
FD004,244,133,8.1993,
FD004,244,134,11.0464,
FD004,244,135,10.0404,
FD004,244,136,12.5827,
FD004,244,137,12.2477,
FD004,244,138,13.7611,
FD004,244,139,13.5014,
FD004,244,140,16.5266,
FD004,244,141,15.2309,
FD004,244,142,14.1471,
FD004,244,143,12.9467,
FD004,244,144,13.549,
FD004,244,145,13.9293,
FD004,244,146,11.0993,
FD004,244,147,9.1259,
FD004,244,148,9.7194,
FD004,244,149,7.5907,
FD004,244,150,7.5707,
FD004,244,151,8.3035,
FD004,244,152,7.0278,
FD004,244,153,5.8557,
FD004,244,154,8.6574,
FD004,244,155,6.1042,
FD004,244,156,8.4354,
FD004,244,157,10.3136,
FD004,244,158,10.4288,
FD004,244,159,9.3388,
FD004,244,160,10.2226,
FD004,244,161,9.8218,
FD004,244,162,10.1306,
FD004,244,163,9.7052,
FD004,244,164,10.2725,
FD004,244,165,10.9252,
FD004,244,166,9.9744,
FD004,244,167,9.2544,
FD004,244,168,8.1729,
FD004,244,169,9.2465,
FD004,244,170,10.8234,
FD004,244,171,9.0555,
FD004,244,172,9.127,
FD004,244,173,7.5459,
FD004,244,174,6.8287,
FD004,244,175,5.7022,
FD004,244,176,5.9753,
FD004,244,177,6.6259,
FD004,244,178,7.5107,
FD004,244,179,7.9037,
FD004,244,180,7.3749,
FD004,244,181,10.269,
FD004,244,182,11.4713,
FD004,244,183,8.6362,
FD004,244,184,10.0494,
FD004,245,1,0.0,
FD004,245,2,0.0,
FD004,245,3,0.0,
FD004,245,4,0.0,
FD004,245,5,0.0,
FD004,245,6,0.0,
FD004,245,7,0.0,
FD004,245,8,0.0,
FD004,245,9,0.0,
FD004,245,10,0.0,
FD004,245,11,0.0,
FD004,245,12,0.0,
FD004,245,13,0.0,
FD004,245,14,0.0,
FD004,245,15,0.0,
FD004,245,16,0.0,
FD004,245,17,0.0,
FD004,245,18,0.0,
FD004,245,19,0.0,
FD004,245,20,0.0,
FD004,245,21,0.0,
FD004,245,22,0.0,
FD004,245,23,0.0,
FD004,245,24,0.0,
FD004,245,25,0.0,
FD004,245,26,0.0,
FD004,245,27,0.0,
FD004,245,28,0.0,
FD004,245,29,0.0,
FD004,245,30,0.0,
FD004,245,31,0.0,
FD004,245,32,0.0,
FD004,245,33,0.0,
FD004,245,34,0.0,
FD004,245,35,0.0,
FD004,245,36,0.0,
FD004,245,37,0.0,
FD004,245,38,0.0,
FD004,245,39,0.0,
FD004,245,40,0.0,
FD004,245,41,0.0,
FD004,245,42,0.0,
FD004,245,43,0.0,
FD004,245,44,0.0,
FD004,245,45,0.0,
FD004,245,46,0.0,
FD004,245,47,0.0,
FD004,245,48,0.0,
FD004,245,49,0.0,
FD004,245,50,7.3181,
FD004,245,51,5.8759,
FD004,245,52,5.7249,
FD004,245,53,6.785,
FD004,245,54,7.7749,
FD004,245,55,21.6243,
FD004,245,56,15.8557,
FD004,245,57,14.9936,
FD004,245,58,14.911,
FD004,245,59,16.9459,
FD004,245,60,18.202,
FD004,245,61,17.1169,
FD004,245,62,6.7406,
FD004,245,63,6.9833,
FD004,246,1,0.0,
FD004,246,2,0.0,
FD004,246,3,0.0,
FD004,246,4,0.0,
FD004,246,5,0.0,
FD004,246,6,0.0,
FD004,246,7,0.0,
FD004,246,8,0.0,
FD004,246,9,0.0,
FD004,246,10,0.0,
FD004,246,11,0.0,
FD004,246,12,0.0,
FD004,246,13,0.0,
FD004,246,14,0.0,
FD004,246,15,0.0,
FD004,246,16,0.0,
FD004,246,17,0.0,
FD004,246,18,0.0,
FD004,246,19,0.0,
FD004,246,20,0.0,
FD004,246,21,0.0,
FD004,246,22,0.0,
FD004,246,23,0.0,
FD004,246,24,0.0,
FD004,246,25,0.0,
FD004,246,26,0.0,
FD004,246,27,0.0,
FD004,246,28,0.0,
FD004,246,29,0.0,
FD004,247,1,0.0,
FD004,247,2,0.0,
FD004,247,3,0.0,
FD004,247,4,0.0,
FD004,247,5,0.0,
FD004,247,6,0.0,
FD004,247,7,0.0,
FD004,247,8,0.0,
FD004,247,9,0.0,
FD004,247,10,0.0,
FD004,247,11,0.0,
FD004,247,12,0.0,
FD004,247,13,0.0,
FD004,247,14,0.0,
FD004,247,15,0.0,
FD004,247,16,0.0,
FD004,247,17,0.0,
FD004,247,18,0.0,
FD004,247,19,0.0,
FD004,247,20,0.0,
FD004,247,21,0.0,
FD004,247,22,0.0,
FD004,247,23,0.0,
FD004,247,24,0.0,
FD004,247,25,0.0,
FD004,247,26,0.0,
FD004,247,27,0.0,
FD004,247,28,0.0,
FD004,247,29,0.0,
FD004,247,30,0.0,
FD004,247,31,0.0,
FD004,247,32,0.0,
FD004,247,33,0.0,
FD004,247,34,0.0,
FD004,247,35,0.0,
FD004,247,36,0.0,
FD004,247,37,0.0,
FD004,247,38,0.0,
FD004,247,39,0.0,
FD004,247,40,0.0,
FD004,247,41,0.0,
FD004,247,42,0.0,
FD004,247,43,0.0,
FD004,247,44,0.0,
FD004,247,45,0.0,
FD004,247,46,0.0,
FD004,247,47,0.0,
FD004,247,48,0.0,
FD004,247,49,0.0,
FD004,247,50,15.221,
FD004,247,51,13.4984,
FD004,247,52,15.2848,
FD004,247,53,17.9133,
FD004,247,54,24.7594,
FD004,247,55,22.8106,
FD004,247,56,21.8328,
FD004,247,57,22.0162,
FD004,247,58,20.0223,
FD004,247,59,17.2669,
FD004,247,60,16.2352,
FD004,247,61,17.261,
FD004,247,62,13.0897,
FD004,247,63,11.8402,
FD004,247,64,10.6399,
FD004,247,65,9.4616,
FD004,247,66,6.1894,
FD004,247,67,5.346,
FD004,247,68,5.8476,
FD004,247,69,6.1714,
FD004,247,70,6.6672,
FD004,247,71,8.0905,
FD004,247,72,8.8521,
FD004,247,73,8.0707,
FD004,247,74,13.5995,
FD004,247,75,18.3347,
FD004,247,76,16.1298,
FD004,247,77,13.3551,
FD004,247,78,16.3807,
FD004,247,79,11.9639,
FD004,247,80,11.6577,
FD004,247,81,10.694,
FD004,247,82,10.5436,
FD004,247,83,8.4289,
FD004,247,84,10.9457,
FD004,247,85,13.0337,
FD004,247,86,12.4059,
FD004,247,87,12.2181,
FD004,247,88,11.7991,
FD004,247,89,9.1928,
FD004,247,90,9.0795,
FD004,247,91,9.0484,
FD004,247,92,8.5054,
FD004,247,93,8.3761,
FD004,247,94,7.8834,
FD004,248,1,0.0,
FD004,248,2,0.0,
FD004,248,3,0.0,
FD004,248,4,0.0,
FD004,248,5,0.0,
FD004,248,6,0.0,
FD004,248,7,0.0,
FD004,248,8,0.0,
FD004,248,9,0.0,
FD004,248,10,0.0,
FD004,248,11,0.0,
FD004,248,12,0.0,
FD004,248,13,0.0,
FD004,248,14,0.0,
FD004,248,15,0.0,
FD004,248,16,0.0,
FD004,248,17,0.0,
FD004,248,18,0.0,
FD004,248,19,0.0,
FD004,248,20,0.0,
FD004,248,21,0.0,
FD004,248,22,0.0,
FD004,248,23,0.0,
FD004,248,24,0.0,
FD004,248,25,0.0,
FD004,248,26,0.0,
FD004,248,27,0.0,
FD004,248,28,0.0,
FD004,248,29,0.0,
FD004,248,30,0.0,
FD004,248,31,0.0,
FD004,248,32,0.0,
FD004,248,33,0.0,
FD004,248,34,0.0,
FD004,248,35,0.0,
FD004,248,36,0.0,
FD004,248,37,0.0,
FD004,248,38,0.0,
FD004,248,39,0.0,
FD004,248,40,0.0,
FD004,248,41,0.0,
FD004,248,42,0.0,
FD004,248,43,0.0,
FD004,248,44,0.0,
FD004,248,45,0.0,
FD004,248,46,0.0,
FD004,248,47,0.0,
FD004,248,48,0.0,
FD004,248,49,0.0,
FD004,248,50,4.7915,
FD004,248,51,6.4303,
FD004,248,52,6.4567,
FD004,248,53,6.7354,
FD004,248,54,8.5208,
FD004,248,55,8.6164,
FD004,248,56,8.7497,
FD004,248,57,9.1659,
FD004,248,58,9.8889,
FD004,248,59,13.5898,
FD004,248,60,12.8934,
FD004,248,61,11.6951,
FD004,248,62,12.2143,
FD004,248,63,8.1713,
FD004,248,64,8.2487,
FD004,248,65,9.2141,
FD004,248,66,8.1786,
FD004,248,67,8.5696,
FD004,248,68,8.3611,
FD004,248,69,6.3149,
FD004,248,70,6.3499,
FD004,248,71,6.2072,
FD004,248,72,6.3411,
FD004,248,73,7.6448,
FD004,248,74,7.1014,
FD004,248,75,6.9438,
FD004,248,76,7.888,
FD004,248,77,8.8546,
FD004,248,78,10.3977,
FD004,248,79,17.6821,
FD004,248,80,15.032,
FD004,248,81,15.5297,
FD004,248,82,16.8785,
FD004,248,83,18.1705,
FD004,248,84,17.1879,
FD004,248,85,15.2881,
FD004,248,86,16.4502,
FD004,248,87,9.0723,
FD004,248,88,13.9974,
FD004,248,89,13.1318,
FD004,248,90,12.6265,
FD004,248,91,5.7075,
FD004,248,92,7.3128,
FD004,248,93,5.3447,
FD004,248,94,4.6813,
FD004,248,95,5.7311,
FD004,248,96,6.9254,
FD004,248,97,8.0064,
FD004,248,98,7.9578,
FD004,248,99,8.0812,
FD004,248,100,8.9747,
FD004,248,101,9.3945,
FD004,248,102,8.3761,
FD004,248,103,7.4367,
FD004,248,104,8.9766,
FD004,248,105,8.2747,
FD004,248,106,8.5232,
FD004,248,107,8.4124,
FD004,248,108,9.2493,
FD004,248,109,8.6998,
FD004,248,110,7.6483,
FD004,248,111,9.4068,
FD004,248,112,12.6552,
FD004,248,113,11.8649,
FD004,248,114,11.1873,
FD004,248,115,9.9014,
FD004,248,116,7.9596,
FD004,248,117,7.0511,
FD004,248,118,7.89,
FD004,248,119,7.2216,
FD004,248,120,10.8338,
FD004,248,121,11.6996,
FD004,248,122,13.3259,
FD004,248,123,9.0932,
FD004,248,124,9.1787,
FD004,248,125,8.2898,
FD004,248,126,7.8204,
FD004,248,127,9.8053,
FD004,248,128,9.2562,
FD004,248,129,9.1816,
FD004,248,130,8.9701,
FD004,248,131,7.7471,
FD004,248,132,6.6381,
FD004,248,133,7.2628,
FD004,248,134,6.992,
FD004,248,135,7.2856,
FD004,248,136,7.6644,
FD004,248,137,12.6741,
FD004,248,138,11.846,
FD004,248,139,12.6737,
FD004,248,140,8.6261,
FD004,248,141,9.7601,
FD004,248,142,10.2737,
FD004,248,143,12.0442,
FD004,248,144,12.6835,
FD004,248,145,10.5299,
FD004,248,146,13.4873,
FD004,248,147,8.8717,
FD004,248,148,8.7482,
FD004,248,149,8.3137,
FD004,248,150,8.809,
FD004,248,151,9.0776,
FD004,248,152,6.1113,
FD004,248,153,6.017,
FD004,248,154,6.6361,
FD004,248,155,7.5452,
FD004,248,156,7.3814,
FD004,248,157,7.5853,
FD004,248,158,17.7601,
FD004,248,159,9.4308,
FD004,248,160,5.3653,
FD004,248,161,8.6119,
FD004,248,162,6.7915,
FD004,248,163,5.5107,
FD004,248,164,5.8026,
FD004,248,165,6.4681,
FD004,248,166,6.052,
FD004,248,167,6.9727,
FD004,248,168,7.1308,
FD004,248,169,7.9375,
FD004,248,170,9.2608,
FD004,248,171,8.116,
FD004,248,172,8.0153,
FD004,248,173,9.1134,
FD004,248,174,6.8651,
FD004,248,175,6.0076,
FD004,248,176,9.0079,
FD004,248,177,8.4969,
FD004,248,178,9.2593,
FD004,248,179,8.8562,
FD004,248,180,8.9321,
FD004,248,181,9.8925,
FD004,248,182,11.9534,
FD004,248,183,9.455,
FD004,248,184,10.2768,
FD004,248,185,9.9166,
FD004,248,186,9.9264,
FD004,248,187,10.5878,
FD004,248,188,9.9893,
FD004,248,189,9.6116,
FD004,248,190,12.9694,
FD004,248,191,16.0511,
FD004,248,192,13.0795,
FD004,248,193,11.116,
FD004,248,194,9.2016,
FD004,248,195,10.4409,
FD004,248,196,9.8225,
FD004,248,197,8.7318,
FD004,248,198,9.1451,
FD004,248,199,9.0127,
FD004,248,200,8.8841,
FD004,248,201,8.6321,
FD004,248,202,7.5921,
FD004,248,203,10.2178,
FD004,248,204,8.5699,
FD004,248,205,8.6149,
FD004,248,206,9.3219,
FD004,248,207,18.0824,
FD004,248,208,10.0714,
FD004,248,209,7.6612,
FD004,248,210,7.326,
FD004,248,211,7.1702,
FD004,248,212,5.9977,
FD004,248,213,6.1602,
FD004,248,214,7.9705,
FD004,248,215,8.7896,
FD004,248,216,8.9646,
FD004,248,217,10.5219,
FD004,248,218,12.2188,
FD004,248,219,12.2526,
FD004,248,220,11.791,
FD004,248,221,10.217,
FD004,248,222,10.8822,
FD004,248,223,9.5187,
FD004,248,224,13.6103,
FD004,248,225,12.1206,
FD004,248,226,9.4619,
FD004,248,227,9.3315,
FD004,248,228,9.6425,
FD004,248,229,8.5574,
FD004,248,230,8.5957,
FD004,248,231,8.6532,
FD004,248,232,8.3958,
FD004,248,233,10.9252,
FD004,248,234,11.1558,
FD004,248,235,10.4912,
FD004,248,236,9.2992,
FD004,248,237,7.7042,
FD004,248,238,7.0651,
FD004,248,239,7.1662,
FD004,248,240,9.1214,
FD004,248,241,7.8532,
FD004,248,242,8.56,
FD004,248,243,7.7925,
FD004,248,244,7.998,
FD004,248,245,8.2432,
FD004,248,246,9.5225,
FD004,248,247,9.9822,
FD004,248,248,10.7613,
FD004,248,249,10.5889,
FD004,248,250,9.309,
FD004,248,251,10.7253,
FD004,248,252,12.0907,
FD004,248,253,12.5082,
FD004,248,254,11.0966,
FD004,248,255,9.8998,
FD004,248,256,9.3299,
FD004,248,257,9.9459,
FD004,248,258,12.3558,
FD004,248,259,11.2044,
FD004,248,260,10.9247,
FD004,248,261,10.9292,
FD004,248,262,8.9005,
FD004,248,263,7.5356,
FD004,248,264,8.371,
FD004,248,265,9.0184,
FD004,248,266,9.9052,
FD004,248,267,10.4179,
FD004,248,268,11.3855,
FD004,248,269,8.4311,
FD004,248,270,10.1204,
FD004,248,271,10.2308,
FD004,248,272,9.3387,
FD004,248,273,9.8971,
FD004,248,274,9.8501,
FD004,248,275,8.6291,
FD004,248,276,10.6383,
FD004,248,277,8.6944,
FD004,248,278,8.8791,
FD004,248,279,9.0858,
FD004,248,280,10.9767,
FD004,248,281,9.3829,
